tweet_id,created_at,date,month,weekday,hour,source,is_reply,tweet_text,favorite_count,retweet_count,tweet_length,word_count,sentiment_negative,sentiment_neutral,sentiment_positive,sentiment_score,sentiment
815422340540547073,2017-01-01 05:00:10+00:00,2017-01-01,2017-01,Sunday,5,iPhone,False,TO ALL AMERICANS- #HappyNewYear &amp; many blessings to you all! Looking forward to a wonderful &amp; prosperous 2017 as we… https://t.co/1asdMAL4iy,126230,32665,148,21,0.0024384059943258762,0.010184092447161674,0.9873774647712708,0.9849390587769449,Positive
815930688889352192,2017-01-02 14:40:10+00:00,2017-01-02,2017-01,Monday,14,Android,False,"Well, the New Year begins. We will, together, MAKE AMERICA GREAT AGAIN!",124024,29248,71,12,0.002747619291767478,0.01816410757601261,0.9790882468223572,0.9763406275305897,Positive
815973752785793024,2017-01-02 17:31:17+00:00,2017-01-02,2017-01,Monday,17,Android,False,"Chicago murder rate is record setting - 4,331 shooting victims with 762 murders in 2016. If Mayor can't do it he must ask for Federal help!",63340,17411,139,26,0.9107887744903564,0.08259877562522888,0.006612411700189114,-0.9041763627901673,Negative
815989154555297792,2017-01-02 18:32:29+00:00,2017-01-02,2017-01,Monday,18,Android,True,"@CNN just released a book called ""Unprecedented"" which explores the 2016 race &amp; victory. Hope it does well but used worst cover photo of me!",13862,3948,144,25,0.1591755598783493,0.3178114593029022,0.5230129957199097,0.36383743584156036,Positive
815990335318982656,2017-01-02 18:37:10+00:00,2017-01-02,2017-01,Monday,18,Android,False,"Various media outlets and pundits say that I thought I was going to lose the election. Wrong, it all came together in the last week and.....",47285,9057,140,26,0.8664211630821228,0.12604853510856628,0.007530346978455782,-0.858890816103667,Negative
815992069412057088,2017-01-02 18:44:04+00:00,2017-01-02,2017-01,Monday,18,Android,False,"I thought and felt I would win big, easily over the fabled 270 (306). When they cancelled fireworks, they knew, and so did I.",62670,13437,125,24,0.017087936401367188,0.22421157360076904,0.7587005496025085,0.7416126132011414,Positive
816057920223846400,2017-01-02 23:05:44+00:00,2017-01-02,2017-01,Monday,23,Android,False,North Korea just stated that it is in the final stages of developing a nuclear weapon capable of reaching parts of the U.S. It won't happen!,92256,26703,140,26,0.8079404234886169,0.17937172949314117,0.012687833979725838,-0.7952525895088911,Negative
816068355555815424,2017-01-02 23:47:12+00:00,2017-01-02,2017-01,Monday,23,Android,False,"China has been taking out massive amounts of money &amp; wealth from the U.S. in totally one-sided trade, but won't help with North Korea. Nice!",64480,17507,144,25,0.6527747511863708,0.3116288483142853,0.03559635207056999,-0.6171783991158009,Negative
816260343391514624,2017-01-03 12:30:05+00:00,2017-01-03,2017-01,Tuesday,12,Android,False,General Motors is sending Mexican made model of Chevy Cruze to U.S. car dealers-tax free across border. Make in U.S.A.or pay big border tax!,73104,18864,140,24,0.05404539033770561,0.6464282870292664,0.2995263934135437,0.2454810030758381,Neutral
816264484629184513,2017-01-03 12:46:33+00:00,2017-01-03,2017-01,Tuesday,12,Android,False,"People must remember that ObamaCare just doesn't work, and it is not affordable - 116% increases (Arizona). Bill Clinton called it ""CRAZY""",58809,14481,138,22,0.9325371384620667,0.062329914420843124,0.005132949445396662,-0.92740418901667,Negative
816265668958031872,2017-01-03 12:51:15+00:00,2017-01-03,2017-01,Tuesday,12,Android,False,"The Democrat Governor.of Minnesota said ""The Affordable Care Act (ObamaCare) is no longer affordable!"" - And, it is lousy healthcare.",53372,12599,133,20,0.9344316720962524,0.05861382931470871,0.0069545176811516285,-0.9274771544151008,Negative
816298944456232960,2017-01-03 15:03:29+00:00,2017-01-03,2017-01,Tuesday,15,Android,False,"With all that Congress has to work on, do they really have to make the weakening of the Independent Ethics Watchdog, as unfair as it",43062,10851,132,25,0.6579709649085999,0.32468563318252563,0.017343459650874138,-0.6406275052577257,Negative
816300003442495488,2017-01-03 15:07:41+00:00,2017-01-03,2017-01,Tuesday,15,Android,False,"........may be, their number one act and priority. Focus on tax reform, healthcare and so many other things of far greater importance! #DTS",42800,9525,139,23,0.08554442971944809,0.4522465467453003,0.4622090458869934,0.3766646161675453,Positive
816324295781740544,2017-01-03 16:44:13+00:00,2017-01-03,2017-01,Tuesday,16,iPhone,False,"""@DanScavino: Ford to scrap Mexico plant, invest in Michigan due to Trump policies"" https://t.co/137nUo03Gl",52850,15571,107,14,0.5321623086929321,0.4556940495967865,0.012143648229539394,-0.5200186604633927,Negative
816328314759606272,2017-01-03 17:00:11+00:00,2017-01-03,2017-01,Tuesday,17,iPhone,False,"Instead of driving jobs and wealth away, AMERICA will become the world's great magnet for INNOVATION &amp; JOB CREATION. https://t.co/siXrptsOrt",54691,12727,144,20,0.02061978168785572,0.2631048560142517,0.7162753939628601,0.6956556122750044,Positive
816333480409833472,2017-01-03 17:20:43+00:00,2017-01-03,2017-01,Tuesday,17,Android,False,There should be no further releases from Gitmo. These are extremely dangerous people and should not be allowed back onto the battlefield.,82862,20653,137,22,0.9319292902946472,0.061489976942539215,0.006580695975571871,-0.9253485943190753,Negative
816354639859871745,2017-01-03 18:44:47+00:00,2017-01-03,2017-01,Tuesday,18,iPhone,False,"""Trump is already delivering the jobs he promised America"" https://t.co/11spTMa6Tm",53127,14057,82,10,0.01291334256529808,0.2909773588180542,0.6961092352867126,0.6831958927214146,Positive
816433590892429312,2017-01-03 23:58:31+00:00,2017-01-03,2017-01,Tuesday,23,Android,False,I will be having a general news conference on JANUARY ELEVENTH in N.Y.C. Thank you.,57750,14678,83,15,0.00353800505399704,0.5032762885093689,0.49318575859069824,0.4896477535367012,Neutral
816452807024840704,2017-01-04 01:14:52+00:00,2017-01-04,2017-01,Wednesday,1,Android,False,"The ""Intelligence"" briefing on so-called ""Russian hacking"" was delayed until Friday, perhaps more time needed to build a case. Very strange!",80009,23441,140,21,0.8231241703033447,0.16931840777397156,0.007557442411780357,-0.8155667278915644,Negative
816620855958601730,2017-01-04 12:22:38+00:00,2017-01-04,2017-01,Wednesday,12,Android,False,"Julian Assange said ""a 14 year old could have hacked Podesta"" - why was DNC so careless? Also said Russians did not give him the info!",61018,18118,134,26,0.7505690455436707,0.24060460925102234,0.008826330304145813,-0.7417427152395248,Negative
816632793862176769,2017-01-04 13:10:05+00:00,2017-01-04,2017-01,Wednesday,13,Android,False,"""@FoxNews: Julian Assange on U.S. media coverage: “It’s very dishonest.” #Hannity https://t.co/ADcPRQifH9"" More dishonest than anyone knows",42047,14810,139,17,0.8646540641784668,0.127381831407547,0.007964152842760086,-0.8566899113357067,Negative
816635078067490816,2017-01-04 13:19:09+00:00,2017-01-04,2017-01,Wednesday,13,Android,False,Thank you to Ford for scrapping a new plant in Mexico and creating 700 new jobs in the U.S. This is just the beginning - much more to follow,86542,19529,140,29,0.00526956794783473,0.04805625602602959,0.9466742277145386,0.9414046597667038,Positive
816637064708030464,2017-01-04 13:27:03+00:00,2017-01-04,2017-01,Wednesday,13,Android,False,"Somebody hacked the DNC but why did they not have ""hacking defense"" like the RNC has and why have they not responded to the terrible......",42611,10260,138,25,0.8588403463363647,0.13569773733615875,0.005461846943944693,-0.85337849939242,Negative
816638194468999169,2017-01-04 13:31:32+00:00,2017-01-04,2017-01,Wednesday,13,Android,False,"things they did and said (like giving the questions to the debate to H). A total double standard! Media, as usual, gave them a pass.",46561,10731,132,25,0.7511904239654541,0.2355407476425171,0.013268773443996906,-0.7379216505214572,Negative
816644321768312832,2017-01-04 13:55:53+00:00,2017-01-04,2017-01,Wednesday,13,Android,False,"Republicans must be careful in that the Dems own the failed ObamaCare disaster, with its poor coverage and massive premium increases......",46212,11128,138,21,0.8120089769363403,0.17703184485435486,0.010959215462207794,-0.8010497614741325,Negative
816645831659061248,2017-01-04 14:01:53+00:00,2017-01-04,2017-01,Wednesday,14,Android,False,"like the 116% hike in Arizona. Also, deductibles are so high that it is practically useless. Don't let the Schumer clowns out of this web...",46485,11224,140,25,0.9354057908058167,0.0576450452208519,0.0069491746835410595,-0.9284566161222756,Negative
816652088662958082,2017-01-04 14:26:45+00:00,2017-01-04,2017-01,Wednesday,14,Android,False,massive increases of ObamaCare will take place this year and Dems are to blame for the mess. It will fall of its own weight - be careful!,54146,13596,137,27,0.8862338066101074,0.10302071273326874,0.01074554119259119,-0.8754882654175162,Negative
816718880731234304,2017-01-04 18:52:09+00:00,2017-01-04,2017-01,Wednesday,18,Web,False,"Jackie Evancho's album sales have skyrocketed after announcing her Inauguration performance.Some people just don't understand the ""Movement""",79498,17093,140,17,0.034946341067552567,0.27827948331832886,0.6867742538452148,0.6518279127776623,Positive
816977032433270784,2017-01-05 11:57:57+00:00,2017-01-05,2017-01,Thursday,11,Android,False,"The Democrats, lead by head clown Chuck Schumer, know how bad ObamaCare is and what a mess they are in. Instead of working to fix it, they..",53297,13117,140,27,0.9482859969139099,0.04710494726896286,0.004609060939401388,-0.9436769359745085,Negative
816977937731878912,2017-01-05 12:01:33+00:00,2017-01-05,2017-01,Thursday,12,Android,False,"...do the typical political thing and BLAME. The fact is ObamaCare was a lie from the beginning.""Keep you doctor, keep your plan!"" It is....",51725,12288,140,24,0.8233440518379211,0.1670159548521042,0.009640060365200043,-0.8137039914727211,Negative
816979231217483776,2017-01-05 12:06:42+00:00,2017-01-05,2017-01,Thursday,12,Android,False,...time for Republicans &amp; Democrats to get together and come up with a healthcare plan that really works - much less expensive &amp; FAR BETTER!,78310,16580,148,25,0.05775398761034012,0.29858964681625366,0.6436563730239868,0.5859023854136467,Positive
816999062562107392,2017-01-05 13:25:30+00:00,2017-01-05,2017-01,Thursday,13,Android,False,"The dishonest media likes saying that I am in Agreement with Julian Assange - wrong. I simply state what he states, it is for the people....",61944,16324,140,26,0.5314295887947083,0.45004603266716003,0.018524380400776863,-0.5129052083939314,Negative
817004210529116160,2017-01-05 13:45:57+00:00,2017-01-05,2017-01,Thursday,13,Android,False,"to make up their own minds as to the truth. The media lies to make it look like I am against ""Intelligence"" when in fact I am a big fan!",67888,15333,136,30,0.32784926891326904,0.5517009496688843,0.12044981122016907,-0.20739945769309998,Neutral
817071792711942145,2017-01-05 18:14:30+00:00,2017-01-05,2017-01,Thursday,18,Android,False,"Toyota Motor said will build a new plant in Baja, Mexico, to build Corolla cars for U.S. NO WAY! Build plant in U.S. or pay big border tax.",107842,32121,139,28,0.6421858072280884,0.3233053386211395,0.03450886160135269,-0.6076769456267357,Negative
817164923843280896,2017-01-06 00:24:34+00:00,2017-01-06,2017-01,Friday,0,Android,False,"How did NBC get ""an exclusive look into the top secret report he (Obama) was presented?"" Who gave them this report and why? Politics!",68079,20594,133,24,0.6943182945251465,0.2936449348926544,0.012036807835102081,-0.6822814866900444,Negative
817166353266262016,2017-01-06 00:30:15+00:00,2017-01-06,2017-01,Friday,0,Android,False,The Democratic National Committee would not allow the FBI to study or see its computer info after it was supposedly hacked by Russia......,57162,18774,138,23,0.6686694622039795,0.3193296194076538,0.01200089044868946,-0.65666857175529,Negative
817168818539757568,2017-01-06 00:40:03+00:00,2017-01-06,2017-01,Friday,0,Android,False,So how and why are they so sure about hacking if they never even requested an examination of the computer servers? What is going on?,71070,20758,132,25,0.7764554619789124,0.21523110568523407,0.008313460275530815,-0.7681420017033815,Negative
817329823374831617,2017-01-06 11:19:49+00:00,2017-01-06,2017-01,Friday,11,Android,False,"The dishonest media does not report that any money spent on building the Great Wall (for sake of speed), will be paid back by Mexico later!",65840,19129,139,26,0.6965078711509705,0.28340497612953186,0.0200871080160141,-0.6764207631349564,Negative
817334794958807042,2017-01-06 11:39:35+00:00,2017-01-06,2017-01,Friday,11,Android,False,Hillary and the Dems were never going to beat the PASSION of my voters. They saw what was happening in the last two weeks before the......,51431,10555,138,26,0.8383471369743347,0.14722126722335815,0.014431590214371681,-0.823915546759963,Negative
817336355193753600,2017-01-06 11:45:47+00:00,2017-01-06,2017-01,Friday,11,Android,False,and knew they were in big trouble - which is why they cancelled their big fireworks at the last minute.THEY SAW A MOVEMENT LIKE NEVER BEFORE,41623,8277,140,26,0.7220087647438049,0.24889780580997467,0.029093468561768532,-0.6929152961820364,Negative
817341196251070464,2017-01-06 12:05:01+00:00,2017-01-06,2017-01,Friday,12,Android,False,"Hopefully, all supporters, and those who want to MAKE AMERICA GREAT AGAIN, will go to D.C. on January 20th. It will be a GREAT SHOW!",66190,14381,132,25,0.002930005546659231,0.013799608685076237,0.9832704067230225,0.9803404011763632,Positive
817348644647108609,2017-01-06 12:34:37+00:00,2017-01-06,2017-01,Friday,12,Android,False,"Wow, the ratings are in and Arnold Schwarzenegger got ""swamped"" (or destroyed) by comparison to the ratings machine, DJT. So much for....",39031,9331,137,22,0.4580484628677368,0.3531450629234314,0.1888064295053482,-0.2692420333623886,Negative
817350726800306177,2017-01-06 12:42:53+00:00,2017-01-06,2017-01,Friday,12,Android,False,"being a movie star-and that was season 1 compared to season 14. Now compare him to my season 1. But who cares, he supported Kasich &amp; Hillary",41032,8809,144,27,0.45291709899902344,0.5102235078811646,0.03685939311981201,-0.4160577058792114,Neutral
817374875962769408,2017-01-06 14:18:51+00:00,2017-01-06,2017-01,Friday,14,iPhone,False,"Anna Wintour came to my office at Trump Tower to ask me to meet with the editors of Conde Nast &amp; Steven Newhouse, a friend. Will go this AM.",34982,6471,144,29,0.007714832667261362,0.9303876757621765,0.061897434294223785,0.05418260162696242,Neutral
817413321058029568,2017-01-06 16:51:37+00:00,2017-01-06,2017-01,Friday,16,iPhone,False,I am asking the chairs of the House and Senate committees to investigate top secret intelligence shared with NBC prior to me seeing it.,92540,26007,135,24,0.16147053241729736,0.8005709052085876,0.03795851022005081,-0.12351202219724655,Neutral
817453219613917185,2017-01-06 19:30:09+00:00,2017-01-06,2017-01,Friday,19,Web,False,Monitoring the terrible situation in Florida. Just spoke to Governor Scott. Thoughts and prayers for all. Stay safe!,96091,22189,116,18,0.5062376856803894,0.39811989665031433,0.09564244002103806,-0.41059524565935135,Negative
817522928862502913,2017-01-07 00:07:09+00:00,2017-01-07,2017-01,Saturday,0,iPhone,False,Happy Birthday @EricTrump! https://t.co/bJaEY7qFSn,48269,7769,50,4,0.005609237123280764,0.014903217554092407,0.9794875979423523,0.9738783608190715,Positive
817579925771341825,2017-01-07 03:53:38+00:00,2017-01-07,2017-01,Saturday,3,Android,False,Gross negligence by the Democratic National Committee allowed hacking to take place.The Republican National Committee had strong defense!,67736,16472,137,18,0.8965592980384827,0.09304337948560715,0.010397324338555336,-0.8861619736999273,Negative
817701436096126977,2017-01-07 11:56:29+00:00,2017-01-07,2017-01,Saturday,11,Android,False,Intelligence stated very strongly there was absolutely no evidence that hacking affected the election results. Voting machines not touched!,68966,18247,139,19,0.3344627022743225,0.567204475402832,0.09833281487226486,-0.23612988740205765,Neutral
817703208567078913,2017-01-07 12:03:31+00:00,2017-01-07,2017-01,Saturday,12,Android,False,Only reason the hacking of the poorly defended DNC is discussed is that the loss by the Dems was so big that they are totally embarrassed!,84016,19739,138,26,0.9071297645568848,0.08377416431903839,0.009096072986721992,-0.8980336915701628,Negative
817748207694467072,2017-01-07 15:02:20+00:00,2017-01-07,2017-01,Saturday,15,Android,False,"Having a good relationship with Russia is a good thing, not a bad thing. Only ""stupid"" people, or fools, would think that it is bad! We.....",100987,29384,140,26,0.3245053291320801,0.3741593658924103,0.30133527517318726,-0.023170053958892822,Neutral
817750330196819968,2017-01-07 15:10:46+00:00,2017-01-07,2017-01,Saturday,15,Android,False,"have enough problems around the world without yet another one. When I am President, Russia will respect us far more than they do now and....",78260,18629,140,25,0.35806724429130554,0.5045115947723389,0.1374211609363556,-0.22064608335494995,Neutral
817753083707015168,2017-01-07 15:21:42+00:00,2017-01-07,2017-01,Saturday,15,Android,False,"both countries will, perhaps, work together to solve some of the many great and pressing problems and issues of the WORLD!",69956,16259,122,21,0.017469270154833794,0.14192938804626465,0.8406013250350952,0.8231320548802614,Positive
817882028272128001,2017-01-07 23:54:05+00:00,2017-01-07,2017-01,Saturday,23,Android,False,Congratulation to Jane Timken on her major upset victory in becoming the Ohio Republican Party Chair. Jane is a loyal Trump supporter &amp; star,65268,12192,144,24,0.002704752143472433,0.023106461390852928,0.9741887450218201,0.9714839928783476,Positive
817915516018892805,2017-01-08 02:07:09+00:00,2017-01-08,2017-01,Sunday,2,Android,False,"I look very much forward to meeting Prime Minister Theresa May in Washington in the Spring. Britain, a longtime U.S. ally, is very special!",85216,17231,139,24,0.0017252760007977486,0.01223139651119709,0.9860433340072632,0.9843180580064654,Positive
818134360712953858,2017-01-08 16:36:46+00:00,2017-01-08,2017-01,Sunday,16,Android,False,"""@KellyannePolls: Welcome to President and Mrs. Bush. https://t.co/I1K4nj1gVu"" Very nice!",28740,5437,89,10,0.003132545854896307,0.017675548791885376,0.9791918992996216,0.9760593534447253,Positive
818134981344165888,2017-01-08 16:39:14+00:00,2017-01-08,2017-01,Sunday,16,Android,False,"""@FoxNews: ""We certainly don’t want intelligence interfering with politics and we don’t want politics interfe… https://t.co/bwDjEg1d7S""",35121,8043,135,16,0.2758652865886688,0.6965668797492981,0.027567783370614052,-0.24829750321805477,Neutral
818136714396975104,2017-01-08 16:46:07+00:00,2017-01-08,2017-01,Sunday,16,Android,False,Kellyanne Conway went to @MeetThePress this morning for an interview with @chucktodd. Dishonest media cut out 9 of her 10 minutes. Terrible!,58246,18009,140,22,0.929815948009491,0.06471625715494156,0.005467760842293501,-0.9243481871671975,Negative
818169485169410048,2017-01-08 18:56:20+00:00,2017-01-08,2017-01,Sunday,18,Android,False,"Before I, or anyone, saw the classified and/or highly confidential hacking intelligence report, it was leaked out to @NBCNews. So serious!",74117,20653,138,21,0.7652671933174133,0.21995951235294342,0.014773326925933361,-0.75049386639148,Negative
818307689323368448,2017-01-09 04:05:31+00:00,2017-01-09,2017-01,Monday,4,Android,False,Dishonest media says Mexico won't be paying for the wall if they pay a little later so the wall can be built more quickly. Media is fake!,77977,19152,137,27,0.7916544675827026,0.19486482441425323,0.01348070614039898,-0.7781737614423037,Negative
818416446527172608,2017-01-09 11:17:40+00:00,2017-01-09,2017-01,Monday,11,Android,False,Rupert Murdoch is a great guy who likes me much better as a very successful candidate than he ever did as a very successful developer!,37714,7303,134,25,0.009043599478900433,0.03158789500594139,0.9593685269355774,0.950324927456677,Positive
818419002548568064,2017-01-09 11:27:50+00:00,2017-01-09,2017-01,Monday,11,Android,False,"Meryl Streep, one of the most over-rated actresses in Hollywood, doesn't know me but attacked last night at the Golden Globes. She is a.....",123217,37502,140,24,0.8444936275482178,0.1412057876586914,0.014300582930445671,-0.8301930446177721,Negative
818421066859167746,2017-01-09 11:36:02+00:00,2017-01-09,2017-01,Monday,11,Android,False,"Hillary flunky who lost big. For the 100th time, I never ""mocked"" a disabled reporter (would never do that) but simply showed him.......",84171,21354,136,23,0.8700394630432129,0.12183117866516113,0.008129473775625229,-0.8619099892675877,Negative
818422930157830144,2017-01-09 11:43:26+00:00,2017-01-09,2017-01,Monday,11,Android,False,"""groveling"" when he totally changed a 16 year old story that he had written in order to make me look bad. Just more very dishonest media!",69118,16028,137,26,0.9261897206306458,0.06885384768247604,0.004956415854394436,-0.9212333047762513,Negative
818460862675558400,2017-01-09 14:14:10+00:00,2017-01-09,2017-01,Monday,14,Android,False,"It's finally happening - Fiat Chrysler just announced plans to invest $1BILLION in Michigan and Ohio plants, adding 2000 jobs. This after...",100861,23305,140,22,0.0035626001190394163,0.16332773864269257,0.8331096768379211,0.8295470767188817,Positive
818461467766824961,2017-01-09 14:16:34+00:00,2017-01-09,2017-01,Monday,14,Android,False,Ford said last week that it will expand in Michigan and U.S. instead of building a BILLION dollar plant in Mexico. Thank you Ford &amp; Fiat C!,109595,23379,143,27,0.008805745281279087,0.11178414523601532,0.8794101476669312,0.8706044023856521,Positive
818586286034485250,2017-01-09 22:32:33+00:00,2017-01-09,2017-01,Monday,22,iPhone,False,An old picture with Nancy and Ronald Reagan. https://t.co/8kvQ1PzPAf,123554,24973,68,9,0.013807610608637333,0.9511899352073669,0.03500242158770561,0.02119481097906828,Neutral
818643528905621504,2017-01-10 02:20:01+00:00,2017-01-10,2017-01,Tuesday,2,iPhone,False,Thank you to all of the men and women who protect &amp; serve our communities 24/7/365! #LawEnforcementAppreciationDay… https://t.co/aqUbDipSgv,93051,23231,143,18,0.00434900214895606,0.02341451868414879,0.9722364544868469,0.9678874523378909,Positive
818841421364989952,2017-01-10 15:26:22+00:00,2017-01-10,2017-01,Tuesday,15,iPhone,False,'U.S. Small-Business Optimism Index Surges by Most Since 1980' https://t.co/X22x1BttdG,42009,11159,86,10,0.011049692519009113,0.4052930176258087,0.5836572647094727,0.5726075721904635,Positive
818922995980845056,2017-01-10 20:50:31+00:00,2017-01-10,2017-01,Tuesday,20,iPhone,False,'Small business optimism soars after Trump election' https://t.co/WjBaTp824U,49639,11791,76,8,0.3802720904350281,0.5666848421096802,0.05304304510354996,-0.3272290453314781,Neutral
818948254943604736,2017-01-10 22:30:53+00:00,2017-01-10,2017-01,Tuesday,22,iPhone,False,'Trump Helps Lift Small Business Confidence to 12-Yr. High' https://t.co/MhbABREhzt https://t.co/CWAvJ4fRdx,43435,10499,107,11,0.00654595997184515,0.23546704649925232,0.7579870223999023,0.7514410624280572,Positive
818990655418617856,2017-01-11 01:19:23+00:00,2017-01-11,2017-01,Wednesday,1,Android,False,FAKE NEWS - A TOTAL POLITICAL WITCH HUNT!,93960,29205,41,8,0.9133318662643433,0.07517801225185394,0.011490103788673878,-0.9018417624756694,Negative
819000924207251456,2017-01-11 02:00:11+00:00,2017-01-11,2017-01,Wednesday,2,iPhone,False,'BuzzFeed Runs Unverifiable Trump-Russia Claims' #FakeNews https://t.co/d6daCFZHNh,45277,15013,82,7,0.7913543581962585,0.19900044798851013,0.009645207785069942,-0.7817091504111886,Negative
819155311793700865,2017-01-11 12:13:40+00:00,2017-01-11,2017-01,Wednesday,12,Android,False,"Russia just said the unverified report paid for by political opponents is ""A COMPLETE AND TOTAL FABRICATION, UTTER NONSENSE."" Very unfair!",66237,17574,138,21,0.9243722558021545,0.06923277676105499,0.0063949632458388805,-0.9179772925563157,Negative
819159806489591809,2017-01-11 12:31:31+00:00,2017-01-11,2017-01,Wednesday,12,Android,False,"Russia has never tried to use leverage over me. I HAVE NOTHING TO DO WITH RUSSIA - NO DEALS, NO LOANS, NO NOTHING!",85813,23709,114,23,0.7377461194992065,0.23070460557937622,0.031549323350191116,-0.7061967961490154,Negative
819162968592183298,2017-01-11 12:44:05+00:00,2017-01-11,2017-01,Wednesday,12,Android,False,"I win an election easily, a great ""movement"" is verified, and crooked opponents try to belittle our victory with FAKE NEWS. A sorry state!",115066,28585,138,24,0.5737245678901672,0.24499908089637756,0.1812763512134552,-0.39244821667671204,Negative
819164172781060096,2017-01-11 12:48:52+00:00,2017-01-11,2017-01,Wednesday,12,Android,False,"Intelligence agencies should never have allowed this fake news to ""leak"" into the public. One last shot at me.Are we living in Nazi Germany?",108284,31725,140,24,0.9367973208427429,0.058096617460250854,0.0051060086116194725,-0.9316913122311234,Negative
819393877174087682,2017-01-12 04:01:38+00:00,2017-01-12,2017-01,Thursday,4,Android,False,We had a great News Conference at Trump Tower today. A couple of FAKE NEWS organizations were there but the people truly get what's going on,117510,28013,140,26,0.04611096903681755,0.1655866652727127,0.7883024215698242,0.7421914525330067,Positive
819399723924803585,2017-01-12 04:24:52+00:00,2017-01-12,2017-01,Thursday,4,Android,False,"""@zhu_amy3: @realDonaldTrump It's Morning in America again!!! ☀️☀️☀️Thank you President-Elect Donald Trump!!! So proud of you!!!!"" THANKS!",52250,9407,138,17,0.0027613132260739803,0.0062294574454426765,0.9910092353820801,0.9882479221560061,Positive
819520238446411777,2017-01-12 12:23:45+00:00,2017-01-12,2017-01,Thursday,12,Android,False,"James Clapper called me yesterday to denounce the false and fictitious report that was illegally circulated. Made up, phony facts.Too bad!",71695,17156,138,21,0.9266427755355835,0.06777337938547134,0.005583832040429115,-0.9210589434951544,Negative
819541997325316096,2017-01-12 13:50:13+00:00,2017-01-12,2017-01,Thursday,13,Android,False,Thank you to Linda Bean of L.L.Bean for your great support and courage. People will support you even more now. Buy L.L.Bean. @LBPerfectMaine,92600,21477,140,23,0.0029836497269570827,0.02159103751182556,0.9754253029823303,0.9724416532553732,Positive
819550083742109696,2017-01-12 14:22:21+00:00,2017-01-12,2017-01,Thursday,14,Android,False,.@CNN is in a total meltdown with their FAKE NEWS because their ratings are tanking since election and their credibility will soon be gone!,127608,35250,139,24,0.9386432766914368,0.05411898344755173,0.007237711455672979,-0.9314055652357638,Negative
819600124133474307,2017-01-12 17:41:11+00:00,2017-01-12,2017-01,Thursday,17,iPhone,False,Congrats to the Senate for taking the first step to #RepealObamacare- now it's onto the House!,85951,19307,94,16,0.0029709720984101295,0.02921849675476551,0.9678105115890503,0.9648395394906402,Positive
819858926455967744,2017-01-13 10:49:34+00:00,2017-01-13,2017-01,Friday,10,Android,False,"All of my Cabinet nominee are looking good and doing a great job. I want them to be themselves and express their own thoughts, not mine!",80961,16644,136,26,0.022951869294047356,0.07722107321023941,0.8998270630836487,0.8768751937896013,Positive
819863039902097408,2017-01-13 11:05:55+00:00,2017-01-13,2017-01,Friday,11,Android,False,It now turns out that the phony allegations against me were put together by my political opponents and a failed spy afraid of being sued....,72507,17299,140,25,0.8382893204689026,0.15364298224449158,0.008067683316767216,-0.8302216371521354,Negative
819864373988573184,2017-01-13 11:11:13+00:00,2017-01-13,2017-01,Friday,11,Android,False,"Totally made up facts by sleazebag political operatives, both Democrats and Republicans - FAKE NEWS! Russia says nothing exists. Probably...",54584,12500,140,20,0.8229321241378784,0.15942519903182983,0.017642715945839882,-0.8052894081920385,Negative
819865802849587200,2017-01-13 11:16:54+00:00,2017-01-13,2017-01,Friday,11,Android,False,"released by ""Intelligence"" even knowing there is no proof, and never will be. My people will have a full report on hacking within 90 days!",54075,12255,138,25,0.7578446269035339,0.22429479658603668,0.01786058396100998,-0.739984042942524,Negative
819867246352801792,2017-01-13 11:22:38+00:00,2017-01-13,2017-01,Friday,11,Android,False,What are Hillary Clinton's people complaining about with respect to the F.B.I. Based on the information they had she should never.....,58039,12744,134,21,0.8245569467544556,0.1681956648826599,0.0072473869659006596,-0.8173095597885549,Negative
819868066364461058,2017-01-13 11:25:54+00:00,2017-01-13,2017-01,Friday,11,Android,False,have been allowed to run - guilty as hell. They were VERY nice to her. She lost because she campaigned in the wrong states - no enthusiasm!,67252,13436,139,27,0.918093740940094,0.07450336217880249,0.0074029164388775826,-0.9106908245012164,Negative
819869953692155904,2017-01-13 11:33:24+00:00,2017-01-13,2017-01,Friday,11,Android,False,"The ""Unaffordable"" Care Act will soon be history!",129591,30025,49,8,0.9121801853179932,0.07861077785491943,0.009209012612700462,-0.9029711727052927,Negative
819962894616064001,2017-01-13 17:42:42+00:00,2017-01-13,2017-01,Friday,17,Web,False,"A beautiful funeral today for a real NYC hero, Detective Steven McDonald. Our law enforcement community has my complete and total support.",109424,21197,138,22,0.010040957480669022,0.030209388583898544,0.9597496390342712,0.9497086815536022,Positive
820251730407473153,2017-01-14 12:50:26+00:00,2017-01-14,2017-01,Saturday,12,Android,False,"Congressman John Lewis should spend more time on fixing and helping his district, which is in horrible shape and falling apart (not to......",87998,21049,140,23,0.8157268166542053,0.1648729145526886,0.01940033584833145,-0.7963264808058739,Negative
820255947956383744,2017-01-14 13:07:12+00:00,2017-01-14,2017-01,Saturday,13,Android,False,"mention crime infested) rather than falsely complaining about the election results. All talk, talk, talk - no action or results. Sad!",76914,16589,133,21,0.8953227996826172,0.09659238904714584,0.00808472279459238,-0.8872380768880248,Negative
820257714362314753,2017-01-14 13:14:13+00:00,2017-01-14,2017-01,Saturday,13,Android,False,"INTELLIGENCE INSIDERS NOW CLAIM THE TRUMP DOSSIER IS ""A COMPLETE FRAUD!"" @OANN",68388,19016,78,12,0.8368009924888611,0.1486089676618576,0.014590003527700901,-0.8222109889611602,Negative
820425770925338624,2017-01-15 00:22:01+00:00,2017-01-15,2017-01,Sunday,0,Android,False,Congressman John Lewis should finally focus on the burning and crime infested inner-cities of the U.S. I can use all the help I can get!,95424,22082,136,25,0.4346255660057068,0.4007965326309204,0.164577916264534,-0.2700476497411728,Negative
820450166331346944,2017-01-15 01:58:57+00:00,2017-01-15,2017-01,Sunday,1,Android,False,"Inauguration Day is turning out to be even bigger than expected. January 20th, Washington D.C. Have fun!",121185,25132,104,17,0.00174107460770756,0.008830273523926735,0.989428699016571,0.9876876244088635,Positive
820631495660408835,2017-01-15 13:59:29+00:00,2017-01-15,2017-01,Sunday,13,Android,False,"The Democrats are most angry that so many Obama Democrats voted for me. With all of the jobs I am bringing back to our Nation, that number..",79126,16139,140,27,0.7670375108718872,0.20195774734020233,0.031004831194877625,-0.7360326796770096,Negative
820632299037409280,2017-01-15 14:02:41+00:00,2017-01-15,2017-01,Sunday,14,Android,False,"will only get higher. Car companies and others, if they want to do business in our country, have to start making things here again. WIN!",78268,15210,136,25,0.054357290267944336,0.38317859172821045,0.5624641180038452,0.5081068277359009,Positive
820707210565132288,2017-01-15 19:00:21+00:00,2017-01-15,2017-01,Sunday,19,Android,False,"For many years our country has been divided, angry and untrusting. Many say it will never change, the hatred is too deep. IT WILL CHANGE!!!!",127759,29527,140,25,0.9301680326461792,0.06185898929834366,0.007972904480993748,-0.9221951281651855,Negative
820723387995717632,2017-01-15 20:04:38+00:00,2017-01-15,2017-01,Sunday,20,Android,False,"Thank you to Bob Woodward who said, ""That is a garbage document...it never should have been presented...Trump's right to be upset (angry)...",69696,16099,140,22,0.6802912354469299,0.22497442364692688,0.09473428130149841,-0.5855569541454315,Negative
820725491812487170,2017-01-15 20:13:00+00:00,2017-01-15,2017-01,Sunday,20,Android,False,"about that...Those Intelligence chiefs made a mistake here, &amp; when people make mistakes, they should APOLOGIZE."" Media should also apologize",70395,15313,144,20,0.5753802061080933,0.40740999579429626,0.017209718003869057,-0.5581704881042242,Negative
820764134857969666,2017-01-15 22:46:33+00:00,2017-01-15,2017-01,Sunday,22,Android,False,".@NBCNews is bad but Saturday Night Live is the worst of NBC. Not funny, cast is terrible, always a complete hit job. Really bad television!",84723,18845,140,25,0.960913896560669,0.033051297068595886,0.006034805439412594,-0.9548790911212564,Negative
820786730257285120,2017-01-16 00:16:20+00:00,2017-01-16,2017-01,Monday,0,Android,False,".@FoxNews ""Outgoing CIA Chief, John Brennan, blasts Pres-Elect Trump on Russia threat. Does not fully understand."" Oh really, couldn't do...",45324,11443,140,20,0.7911663055419922,0.20192840695381165,0.0069053322076797485,-0.7842609733343124,Negative
820789938887294977,2017-01-16 00:29:05+00:00,2017-01-16,2017-01,Monday,0,Android,False,"much worse - just look at Syria (red line), Crimea, Ukraine and the build-up of Russian nukes. Not good! Was this the leaker of Fake News?",58849,13993,138,26,0.9365553259849548,0.05820072442293167,0.005243957974016666,-0.9313113680109382,Negative
820992721120854016,2017-01-16 13:54:52+00:00,2017-01-16,2017-01,Monday,13,Android,False,Celebrate Martin Luther King Day and all of the many wonderful things that he stood for. Honor him for being the great man that he was!,161320,37896,135,26,0.004360326565802097,0.02315102145075798,0.9724886417388916,0.9681283151730895,Positive
821170750983995392,2017-01-17 01:42:18+00:00,2017-01-17,2017-01,Tuesday,1,Android,False,"""@levisteveholt: @realDonaldTrump I appreciate your use of Twitter to keep us informed and maintain transparency."" Very dishonest media!",61205,12578,136,18,0.5737675428390503,0.3560303747653961,0.07020212709903717,-0.5035654157400131,Negative
821172595869577220,2017-01-17 01:49:38+00:00,2017-01-17,2017-01,Tuesday,1,Android,False,"At 9:00 P.M. @CNN, of all places, is doing a Special Report on my daughter, Ivanka. Considering it is CNN, can't imagine it will be great!",58075,11523,138,26,0.009194813668727875,0.10549376159906387,0.8853114247322083,0.8761166110634804,Positive
821177307708661761,2017-01-17 02:08:21+00:00,2017-01-17,2017-01,Tuesday,2,Android,False,"""@drgoodspine: @realDonaldTrump @Ivanka Trump is great, a woman with real character and class.""",46914,8199,95,13,0.004884366411715746,0.025737183168530464,0.9693785309791565,0.9644941645674407,Positive
821342600322043905,2017-01-17 13:05:10+00:00,2017-01-17,2017-01,Tuesday,13,Android,False,"People are pouring into Washington in record numbers. Bikers for Trump are on their way. It will be a great Thursday, Friday and Saturday!",120615,24946,138,24,0.00411827489733696,0.032896943390369415,0.9629848003387451,0.9588665254414082,Positive
821344302651555840,2017-01-17 13:11:56+00:00,2017-01-17,2017-01,Tuesday,13,Android,False,"The same people who did the phony election polls, and were so wrong, are now doing approval rating polls. They are rigged just like before.",106609,24425,139,25,0.9111321568489075,0.08083827793598175,0.00802947860211134,-0.9031026782467961,Negative
821364027506966532,2017-01-17 14:30:19+00:00,2017-01-17,2017-01,Tuesday,14,Android,False,"With all of the jobs I am bringing back into the U.S. (even before taking office), with all of the new auto plants coming back into our.....",59063,11043,140,27,0.01760576106607914,0.7127240300178528,0.2696702182292938,0.2520644571632147,Neutral
821365569366671360,2017-01-17 14:36:26+00:00,2017-01-17,2017-01,Tuesday,14,Android,False,"country and with the massive cost reductions I have negotiated on military purchases and more, I believe the people are seeing ""big stuff.""",56220,10419,139,23,0.034336723387241364,0.46192437410354614,0.5037388801574707,0.46940215677022934,Positive
821368088935432196,2017-01-17 14:46:27+00:00,2017-01-17,2017-01,Tuesday,14,Android,False,"John Lewis said about my inauguration, ""It will be the first one that I've missed."" WRONG (or lie)! He boycotted Bush 43 also because he...",66871,16240,139,25,0.8855329751968384,0.10399822145700455,0.010468739084899426,-0.875064236111939,Negative
821369651968012288,2017-01-17 14:52:39+00:00,2017-01-17,2017-01,Tuesday,14,Android,False,"""thought it would be hypocritical to attend Bush's swearing-in....he doesn't believe Bush is the true elected president."" Sound familiar! WP",64105,13981,140,20,0.6382379531860352,0.3442476987838745,0.017514344304800034,-0.6207236088812351,Negative
821410947864653825,2017-01-17 17:36:45+00:00,2017-01-17,2017-01,Tuesday,17,Web,False,"""How Trump Won--And How The Media Missed It"" https://t.co/Hfab41h65X",42827,11434,68,9,0.17893707752227783,0.7526856660842896,0.06837726384401321,-0.11055981367826462,Neutral
821415698278875137,2017-01-17 17:55:38+00:00,2017-01-17,2017-01,Tuesday,17,Web,False,Thank you to General Motors and Walmart for starting the big jobs push back into the U.S.!,103996,21503,90,17,0.0025501830969005823,0.02322911098599434,0.9742206931114197,0.9716705100145191,Positive
821686928680583169,2017-01-18 11:53:24+00:00,2017-01-18,2017-01,Wednesday,11,Android,False,Will be interviewed by @ainsleyearhardt on @foxandfriends - Enjoy!,37526,5657,66,9,0.0018347156001254916,0.07160035520792007,0.9265648722648621,0.9247301566647366,Positive
821697182235496450,2017-01-18 12:34:09+00:00,2017-01-18,2017-01,Wednesday,12,Android,False,"Totally biased @NBCNews went out of its way to say that the big announcement from Ford, G.M., Lockheed &amp; others that jobs are coming back...",48148,10178,144,25,0.39024052023887634,0.5249724388122559,0.08478698134422302,-0.3054535388946533,Neutral
821699672687448064,2017-01-18 12:44:03+00:00,2017-01-18,2017-01,Wednesday,12,Android,False,"to the U.S., but had nothing to do with TRUMP, is more FAKE NEWS. Ask top CEO's of those companies for real facts. Came back because of me!",57775,11518,139,28,0.620775043964386,0.3368150591850281,0.04240985959768295,-0.578365184366703,Negative
821703902940827648,2017-01-18 13:00:51+00:00,2017-01-18,2017-01,Wednesday,13,Android,False,"""Bayer AG has pledged to add U.S. jobs and investments after meeting with President-elect Donald Trump, the latest in a string..."" @WSJ",58143,11976,135,22,0.008169043809175491,0.6049831509590149,0.38684776425361633,0.37867872044444084,Neutral
821705440178348033,2017-01-18 13:06:58+00:00,2017-01-18,2017-01,Wednesday,13,Android,False,No wonder the Today Show on biased @NBC is doing so badly compared to its glorious past. Little credibility!,57294,10617,108,19,0.9325731992721558,0.05809254199266434,0.009334336034953594,-0.9232388632372022,Negative
821719763214880769,2017-01-18 14:03:53+00:00,2017-01-18,2017-01,Wednesday,14,Android,False,.@TheAlabamaBand was great last night in D.C. playing for 147 Diplomats and Ambassadors from countries around the world. Thanks Alabama!,65795,11370,136,20,0.0017652325332164764,0.018614107742905617,0.979620635509491,0.9778554029762745,Positive
821772494864580614,2017-01-18 17:33:25+00:00,2017-01-18,2017-01,Wednesday,17,iPhone,False,"Writing my inaugural address at the Winter White House, Mar-a-Lago, three weeks ago. Looking forward to Friday.… https://t.co/J0ojOXjrga",107464,21051,136,18,0.001456420635804534,0.0865209624171257,0.912022590637207,0.9105661700014025,Positive
821844875268255744,2017-01-18 22:21:02+00:00,2017-01-18,2017-01,Wednesday,22,Web,False,"Looking forward to a speedy recovery for George and Barbara Bush, both hospitalized. Thank you for your wonderful letter!",135864,21141,121,19,0.003896167501807213,0.032118503004312515,0.9639853239059448,0.9600891564041376,Positive
821898525432811520,2017-01-19 01:54:13+00:00,2017-01-19,2017-01,Thursday,1,iPhone,False,Great seeing @TheLeeGreenwood and Kimberly at this evenings VP dinner! #GodBlessTheUSA https://t.co/SxVmaWvOFT,64810,10083,110,12,0.0021664509549736977,0.011797090992331505,0.9860365390777588,0.9838700881227851,Positive
821930600290521089,2017-01-19 04:01:40+00:00,2017-01-19,2017-01,Thursday,4,iPhone,False,Thank you to our amazing Wounded Warriors for their service. It was an honor to be with them tonight in D.C.… https://t.co/Qj5cpfaykD,82131,16320,133,22,0.0023665749467909336,0.010355980135500431,0.9872774481773376,0.9849108732305467,Positive
822064153426857984,2017-01-19 12:52:22+00:00,2017-01-19,2017-01,Thursday,12,Android,False,"""It wasn't Donald Trump that divided this country, this country has been divided for a long time!"" Stated today by Reverend Franklin Graham.",125166,27797,140,23,0.557793915271759,0.38634738326072693,0.055858708918094635,-0.5019352063536644,Negative
822066132307808256,2017-01-19 13:00:13+00:00,2017-01-19,2017-01,Thursday,13,Android,False,"Getting ready to leave for Washington, D.C. The journey begins and I will be working and fighting very hard to make it a great journey for..",150003,25639,140,26,0.002821885049343109,0.0704277753829956,0.9267503619194031,0.92392847687006,Positive
822066653953458177,2017-01-19 13:02:18+00:00,2017-01-19,2017-01,Thursday,13,Android,False,"the American people. I have no doubt that we will, together, MAKE AMERICA GREAT AGAIN!",159832,38818,86,15,0.004501819144934416,0.025269946083426476,0.9702282547950745,0.96572643565014,Positive
822175285151928320,2017-01-19 20:13:57+00:00,2017-01-19,2017-01,Thursday,20,iPhone,False,On my way! #Inauguration2017 https://t.co/hOuMbxGnpe,56474,8884,52,5,0.002847592579200864,0.32662931084632874,0.6705230474472046,0.6676754548680037,Positive
822176438627536897,2017-01-19 20:18:32+00:00,2017-01-19,2017-01,Thursday,20,Android,False,Great Concert at 4:00 P.M. today at Lincoln Memorial. Enjoy!,65389,8392,60,10,0.0016839226009324193,0.01092238537967205,0.9873936176300049,0.9857096950290725,Positive
822177206633955328,2017-01-19 20:21:36+00:00,2017-01-19,2017-01,Thursday,20,iPhone,False,Join me at 4pm over at the Lincoln Memorial with my family! #Inauguration2017 https://t.co/GQeQpJOgWz,66188,12297,101,14,0.0029871356673538685,0.6718159317970276,0.3251969516277313,0.32220981596037745,Neutral
822242449053614081,2017-01-20 00:40:51+00:00,2017-01-20,2017-01,Friday,0,iPhone,False,"Thank you for joining us at the Lincoln Memorial tonight- a very special evening! Together, we are going to MAKE AM… https://t.co/OSxa3BamHs",165943,34204,140,22,0.0015641888603568077,0.010127817280590534,0.9883080124855042,0.9867438236251473,Positive
822298747421986828,2017-01-20 04:24:33+00:00,2017-01-20,2017-01,Friday,4,iPhone,False,"Thank you for a wonderful evening in Washington, D.C. #Inauguration https://t.co/a6xpFQTHj5",112829,20770,91,11,0.0019279296975582838,0.011744040064513683,0.9863280057907104,0.9844000760931522,Positive
822421390125043713,2017-01-20 12:31:53+00:00,2017-01-20,2017-01,Friday,12,Android,False,It all begins today! I will see you at 11:00 A.M. for the swearing-in. THE MOVEMENT CONTINUES - THE WORK BEGINS!,268372,70523,112,21,0.0014048359589651227,0.0659189447760582,0.9326761960983276,0.9312713601393625,Positive
822501803615014918,2017-01-20 17:51:25+00:00,2017-01-20,2017-01,Friday,17,iPhone,False,"Today we are not merely transferring power from one Administration to another, or from one party to another – but we are transferring...",109640,20125,136,23,0.017121843993663788,0.8567546606063843,0.1261235773563385,0.10900173336267471,Neutral
822501939267141634,2017-01-20 17:51:58+00:00,2017-01-20,2017-01,Friday,17,iPhone,True,"power from Washington, D.C. and giving it back to you, the American People. #InaugurationDay",91143,18362,92,14,0.013472641818225384,0.48210686445236206,0.5044204592704773,0.4909478174522519,Positive
822502135233384448,2017-01-20 17:52:45+00:00,2017-01-20,2017-01,Friday,17,iPhone,False,"What truly matters is not which party controls our government, but whether our government is controlled by the people.",180394,42790,118,19,0.06669054180383682,0.8777384757995605,0.05557096004486084,-0.011119581758975983,Neutral
822502270503972872,2017-01-20 17:53:17+00:00,2017-01-20,2017-01,Friday,17,iPhone,False,"January 20th 2017, will be remembered as the day the people became the rulers of this nation again.",218555,60604,99,18,0.290315181016922,0.6317809224128723,0.0779038742184639,-0.2124113067984581,Neutral
822502450007515137,2017-01-20 17:54:00+00:00,2017-01-20,2017-01,Friday,17,iPhone,False,"The forgotten men and women of our country will be forgotten no longer. From this moment on, it’s going to be #AmericaFirst🇺🇸",148031,34939,125,22,0.03804467245936394,0.24318364262580872,0.718771755695343,0.6807270832359791,Positive
822502601304526848,2017-01-20 17:54:36+00:00,2017-01-20,2017-01,Friday,17,iPhone,False,We will bring back our jobs. We will bring back our borders. We will bring back our wealth - and we will bring back our dreams!,173821,37458,127,26,0.0055993045680224895,0.09203885495662689,0.9023618102073669,0.8967625056393445,Positive
822502887477673984,2017-01-20 17:55:44+00:00,2017-01-20,2017-01,Friday,17,iPhone,False,We will follow two simple rules: BUY AMERICAN &amp; HIRE AMERICAN! #InaugurationDay #MAGA🇺🇸,161358,38092,91,13,0.012073509395122528,0.17808488011360168,0.8098415732383728,0.7977680638432503,Positive
822503558369181697,2017-01-20 17:58:24+00:00,2017-01-20,2017-01,Friday,17,iPhone,False,It is time to remember that...https://t.co/ZKyOiOor62,58946,9139,53,6,0.023608416318893433,0.7775765657424927,0.19881503283977509,0.17520661652088165,Neutral
822504142178500608,2017-01-20 18:00:43+00:00,2017-01-20,2017-01,Friday,18,iPhone,False,"So to all Americans, in every city near and far, small and large, from mountain to mountain...https://t.co/cZKkrGXLSi",86467,14039,117,17,0.023151341825723648,0.8575778007507324,0.11927082389593124,0.0961194820702076,Neutral
822507434396753921,2017-01-20 18:13:48+00:00,2017-01-20,2017-01,Friday,18,iPhone,False,TO ALL AMERICANS🇺🇸 https://t.co/D7Es6ie4fY,92002,16522,42,4,0.03194613754749298,0.4442921280860901,0.5237617492675781,0.49181561172008514,Positive
822669114237943808,2017-01-21 04:56:15+00:00,2017-01-21,2017-01,Saturday,4,iPhone,False,"THANK YOU for another wonderful evening in Washington, D.C. TOGETHER, we will MAKE AMERICA GREAT AGAIN🇺🇸 https://t.co/V3aoj9RUh4",289942,52468,128,17,0.002815570216625929,0.010134091600775719,0.9870502948760986,0.9842347246594727,Positive
822774162011910144,2017-01-21 11:53:41+00:00,2017-01-21,2017-01,Saturday,11,Android,False,A fantastic day and evening in Washington D.C.Thank you to @FoxNews and so many other news outlets for the GREAT reviews of the speech!,177579,23337,135,24,0.0027644720394164324,0.009419950656592846,0.9878155589103699,0.9850510868709534,Positive
823146987117772800,2017-01-22 12:35:09+00:00,2017-01-22,2017-01,Sunday,12,Android,False,"Had a great meeting at CIA Headquarters yesterday, packed house, paid great respect to Wall, long standing ovations, amazing people. WIN!",127677,16906,137,21,0.004109968896955252,0.009171363897621632,0.9867185950279236,0.9826086261309683,Positive
823150055418920960,2017-01-22 12:47:21+00:00,2017-01-22,2017-01,Sunday,12,Android,False,Watched protests yesterday but was under the impression that we just had an election! Why didn't these people vote? Celebs hurt cause badly.,213295,45718,140,23,0.9015668630599976,0.09309015423059464,0.005342981778085232,-0.8962238812819123,Negative
823151124815507460,2017-01-22 12:51:36+00:00,2017-01-22,2017-01,Sunday,12,Android,False,"Wow, television ratings just out: 31 million people watched the Inauguration, 11 million more than the very good ratings from 4 years ago!",217610,40085,138,23,0.004017998930066824,0.03154023736715317,0.96444171667099,0.9604237177409232,Positive
823174199036542980,2017-01-22 14:23:17+00:00,2017-01-22,2017-01,Sunday,14,Android,False,"Peaceful protests are a hallmark of our democracy. Even if I don't always agree, I recognize the rights of people to express their views.",390826,81527,137,24,0.024155640974640846,0.2939014136791229,0.6819429993629456,0.6577873583883047,Positive
823495059010109440,2017-01-23 11:38:16+00:00,2017-01-23,2017-01,Monday,11,Android,False,Busy week planned with a heavy focus on jobs and national security. Top executives coming in at 9:00 A.M. to talk manufacturing in America.,177839,26750,139,24,0.005603231955319643,0.3638909161090851,0.6305058598518372,0.6249026278965175,Positive
823850781946343427,2017-01-24 11:11:47+00:00,2017-01-24,2017-01,Tuesday,11,Android,False,Will be meeting at 9:00 with top automobile executives concerning jobs in America. I want new plants to be built here for cars sold here!,154857,23743,137,25,0.0146883400157094,0.3562297821044922,0.6290818452835083,0.6143935052677989,Positive
823937936056008704,2017-01-24 16:58:06+00:00,2017-01-24,2017-01,Tuesday,16,iPhone,False,A photo delivered yesterday that will be displayed in the upper/lower press hall. Thank you Abbas! https://t.co/Uzp0ivvRp0,109406,20939,122,17,0.0022227123845368624,0.19520138204097748,0.8025758862495422,0.8003531738650054,Positive
823939422743830528,2017-01-24 17:04:01+00:00,2017-01-24,2017-01,Tuesday,17,iPhone,False,"Great meeting with automobile industry leaders at the @WhiteHouse this morning. Together, we will #MAGA! https://t.co/OXdiLOkGsZ",99607,16331,128,16,0.001955038169398904,0.01022857055068016,0.9878163933753967,0.9858613552059978,Positive
823950814163140609,2017-01-24 17:49:17+00:00,2017-01-24,2017-01,Tuesday,17,iPhone,False,Signing orders to move forward with the construction of the Keystone XL and Dakota Access pipelines in the Oval Off… https://t.co/aOxmfO0vOK,131943,25694,140,21,0.008382516913115978,0.8798938393592834,0.11172366887331009,0.10334115196019411,Neutral
824055927200423936,2017-01-25 00:46:57+00:00,2017-01-25,2017-01,Wednesday,0,iPhone,False,Great meeting with Ford CEO Mark Fields and General Motors CEO Mary Barra at the @WhiteHouse today. https://t.co/T0eIgO6LP8,101012,18697,123,18,0.0015579336322844028,0.03367998078465462,0.9647620320320129,0.9632040983997285,Positive
824078417213747200,2017-01-25 02:16:19+00:00,2017-01-25,2017-01,Wednesday,2,Android,False,Congratulations to @FoxNews for being number one in inauguration ratings. They were many times higher than FAKE NEWS @CNN - public is smart!,162721,32107,140,23,0.009172321297228336,0.041603341698646545,0.9492243528366089,0.9400520315393806,Positive
824080766288228352,2017-01-25 02:25:40+00:00,2017-01-25,2017-01,Wednesday,2,Android,False,"If Chicago doesn't fix the horrible ""carnage"" going on, 228 shootings in 2017 with 42 killings (up 24% from 2016), I will send in the Feds!",209363,56038,139,26,0.9545044302940369,0.04072751849889755,0.004768025130033493,-0.9497364051640034,Negative
824083821889015809,2017-01-25 02:37:48+00:00,2017-01-25,2017-01,Wednesday,2,Android,False,"Big day planned on NATIONAL SECURITY tomorrow. Among many other things, we will build the wall!",193872,53949,95,16,0.022051800042390823,0.29243043065071106,0.6855177283287048,0.663465928286314,Positive
824227824903090176,2017-01-25 12:10:01+00:00,2017-01-25,2017-01,Wednesday,12,Android,False,"I will be asking for a major investigation into VOTER FRAUD, including those registered to vote in two states, those who are illegal and....",129979,26155,140,24,0.6137605309486389,0.3680002689361572,0.01823914609849453,-0.5955213848501444,Negative
824228768227217408,2017-01-25 12:13:46+00:00,2017-01-25,2017-01,Wednesday,12,Android,False,"even, those registered to vote who are dead (and many for a long time). Depending on results, we will strengthen up voting procedures!",107227,18914,134,23,0.08967267721891403,0.7258030772209167,0.18452422320842743,0.0948515459895134,Neutral
824229586091307008,2017-01-25 12:17:01+00:00,2017-01-25,2017-01,Wednesday,12,Android,False,I will be making my Supreme Court pick on Thursday of next week.Thank you!,132199,21700,74,14,0.003778766840696335,0.23381471633911133,0.7624065279960632,0.7586277611553669,Positive
824377804590563339,2017-01-25 22:05:59+00:00,2017-01-25,2017-01,Wednesday,22,iPhone,False,I will be interviewed by @DavidMuir tonight at 10 o'clock on @ABC. Will be my first interview from the White House.… https://t.co/4zuOrRdcoc,75988,12454,140,22,0.0037112717982381582,0.9069238901138306,0.08936483412981033,0.08565356233157218,Neutral
824407390674157568,2017-01-26 00:03:33+00:00,2017-01-26,2017-01,Thursday,0,Web,False,"Beginning today, the United States of America gets back control of its borders. Full speech from today @DHSgov:… https://t.co/8aDaHsAhg9",109885,23095,136,19,0.0030480853747576475,0.7389918565750122,0.2579600512981415,0.25491196592338383,Neutral
824440456813707265,2017-01-26 02:14:56+00:00,2017-01-26,2017-01,Thursday,2,iPhone,False,"As your President, I have no higher duty than to protect the lives of the American people. https://t.co/o7YNUNwb8f",152335,29219,114,18,0.03552011027932167,0.37306690216064453,0.5914130210876465,0.5558929108083248,Positive
824448156935081984,2017-01-26 02:45:32+00:00,2017-01-26,2017-01,Thursday,2,Android,False,"""@romoabcnews: .@DavidMuir first @POTUS interview since taking office. Tonight on @ABCWorldNews @ABC2020 tonight. https://t.co/I4Vz1mRdBK""",44924,6455,138,14,0.0033223105128854513,0.9094415307044983,0.08723613619804382,0.08391382568515837,Neutral
824448880993509376,2017-01-26 02:48:25+00:00,2017-01-26,2017-01,Thursday,2,Android,False,Interview with David Muir of @ABC News in 10 minutes. Enjoy!,53811,6517,60,11,0.001857239636592567,0.1361522376537323,0.8619905114173889,0.8601332717807963,Positive
824573698774601729,2017-01-26 11:04:24+00:00,2017-01-26,2017-01,Thursday,11,Android,False,"Ungrateful TRAITOR Chelsea Manning, who should never have been released from prison, is now calling President Obama a weak leader. Terrible!",128497,28033,140,21,0.951164960861206,0.04434701427817345,0.004487965721637011,-0.946676995139569,Negative
824615820391305216,2017-01-26 13:51:46+00:00,2017-01-26,2017-01,Thursday,13,Android,False,The U.S. has a 60 billion dollar trade deficit with Mexico. It has been a one-sided deal from the beginning of NAFTA with massive numbers...,106893,25881,140,25,0.5795112252235413,0.4014953076839447,0.018993403762578964,-0.5605178214609623,Negative
824616644370714627,2017-01-26 13:55:03+00:00,2017-01-26,2017-01,Thursday,13,Android,False,"of jobs and companies lost. If Mexico is unwilling to pay for the badly needed wall, then it would be better to cancel the upcoming meeting.",115631,28106,140,26,0.8957490921020508,0.09839531034231186,0.0058556217700243,-0.8898934703320265,Negative
824697349335293952,2017-01-26 19:15:44+00:00,2017-01-26,2017-01,Thursday,19,iPhone,False,"Spoke at the Congressional @GOP Retreat in Philadelphia, PA. this afternoon w/ @VP, @SenMajLeader, @SpeakerRyan. Th… https://t.co/s4sTbSyBSR",9,9,140,17,0.005252838600426912,0.9243251085281372,0.07042206078767776,0.06516922218725085,Neutral
824698743630995457,2017-01-26 19:21:17+00:00,2017-01-26,2017-01,Thursday,19,iPhone,False,"Spoke at the Congressional @GOP Retreat in Philadelphia, PA. this afternoon w/ @VP, @SenateMajLdr, @SpeakerRyan. Th… https://t.co/ALSADGrwoe",72438,11365,140,17,0.005252838600426912,0.9243251085281372,0.07042206078767776,0.06516922218725085,Neutral
824765229527605248,2017-01-26 23:45:28+00:00,2017-01-26,2017-01,Thursday,23,iPhone,False,Will be interviewed by @SeanHannity on @FoxNews at 10:00pm tonight. Enjoy!,73559,10658,74,11,0.0017325342632830143,0.12250461429357529,0.8757628202438354,0.8740302859805524,Positive
824767281146245120,2017-01-26 23:53:37+00:00,2017-01-26,2017-01,Thursday,23,iPhone,False,Miami-Dade Mayor drops sanctuary policy. Right decision. Strong! https://t.co/MtPvaDC4jM,112620,24835,88,9,0.015292810276150703,0.18471886217594147,0.799988329410553,0.7846955191344023,Positive
824968416486387713,2017-01-27 13:12:52+00:00,2017-01-27,2017-01,Friday,13,Android,False,"Look forward to seeing final results of VoteStand. Gregg Phillips and crew say at least 3,000,000 votes were illegal. We must do better!",88640,17319,136,23,0.5538277626037598,0.34887081384658813,0.0973014086484909,-0.45652635395526886,Negative
824970003153842176,2017-01-27 13:19:10+00:00,2017-01-27,2017-01,Friday,13,Android,False,"Mexico has taken advantage of the U.S. for long enough. Massive trade deficits &amp; little help on the very weak border must change, NOW!",160660,30604,138,24,0.869377613067627,0.12088635563850403,0.00973607413470745,-0.8596415389329195,Negative
825017279209410561,2017-01-27 16:27:02+00:00,2017-01-27,2017-01,Friday,16,iPhone,False,The #MarchForLife is so important. To all of you marching --- you have my full support!,184954,45457,87,16,0.003897224087268114,0.023785341531038284,0.9723173975944519,0.9684201735071838,Positive
825018149397463040,2017-01-27 16:30:29+00:00,2017-01-27,2017-01,Friday,16,iPhone,False,.@VP Mike Pence will be speaking at today's #MarchForLife -- You have our full support! https://t.co/1jb53SEGV4,88516,16032,111,16,0.002264927374199033,0.12026069313287735,0.8774744272232056,0.8752094998490065,Positive
825075972659613696,2017-01-27 20:20:15+00:00,2017-01-27,2017-01,Friday,20,iPhone,False,Statement on International Holocaust Remembrance Day: https://t.co/KjU0MOxCHk,57833,10718,77,7,0.08281823992729187,0.8905798196792603,0.02660195156931877,-0.0562162883579731,Neutral
825101272982355968,2017-01-27 22:00:47+00:00,2017-01-27,2017-01,Friday,22,iPhone,False,Congratulations Secretary Mattis! https://t.co/mkuhbegzqS,111729,19030,57,4,0.004114031791687012,0.01735285483300686,0.9785330891609192,0.9744190573692322,Positive
825127844066054144,2017-01-27 23:46:22+00:00,2017-01-27,2017-01,Friday,23,iPhone,False,I promise that our administration will ALWAYS have your back. We will ALWAYS be with you! https://t.co/D0aOWhOH4X,149205,28954,113,17,0.0043780566193163395,0.039104677736759186,0.9565172791481018,0.9521392225287855,Positive
825328817833123840,2017-01-28 13:04:58+00:00,2017-01-28,2017-01,Saturday,13,Android,False,"The failing @nytimes has been wrong about me from the very beginning. Said I would lose the primaries, then the general election. FAKE NEWS!",109402,20740,140,24,0.9526506066322327,0.04224436357617378,0.005104951560497284,-0.9475456550717354,Negative
825329757646618624,2017-01-28 13:08:42+00:00,2017-01-28,2017-01,Saturday,13,Android,False,Thr coverage about me in the @nytimes and the @washingtonpost gas been so false and angry that the times actually apologized to its.....,79522,13676,136,23,0.9046960473060608,0.09054405242204666,0.0047599077224731445,-0.8999361395835876,Negative
825331665509691393,2017-01-28 13:16:17+00:00,2017-01-28,2017-01,Saturday,13,Android,False,"...dwindling subscribers and readers.They got me wrong right from the beginning and still have not changed course, and never will. DISHONEST",105413,15990,140,21,0.9318065643310547,0.062193237245082855,0.006000179797410965,-0.9258063845336437,Negative
825368580325773312,2017-01-28 15:42:58+00:00,2017-01-28,2017-01,Saturday,15,iPhone,False,"Today, we remember the crew of the Space Shuttle Challenger, 31 years later. #NeverForget https://t.co/OhshQsFRfl",170093,32623,113,15,0.004332961048930883,0.17186635732650757,0.8238006234169006,0.8194676623679698,Positive
825476070946328584,2017-01-28 22:50:06+00:00,2017-01-28,2017-01,Saturday,22,iPhone,False,I will be interviewed by @TheBrodyFile on @CBNNews tonight at 11pm. Enjoy!,1300,305,74,12,0.0016021250048652291,0.10948970913887024,0.8889082074165344,0.8873060824116692,Positive
825690087857995776,2017-01-29 13:00:32+00:00,2017-01-29,2017-01,Sunday,13,Android,False,Somebody with aptitude and conviction should buy the FAKE NEWS and failing @nytimes and either run it correctly or let it fold with dignity!,111984,22256,140,24,0.8535186052322388,0.13088074326515198,0.015600666403770447,-0.8379179388284683,Negative
825692045532618753,2017-01-29 13:08:18+00:00,2017-01-29,2017-01,Sunday,13,Android,False,"Our country needs strong borders and extreme vetting, NOW. Look what is happening all over Europe and, indeed, the world - a horrible mess!",218717,50439,139,24,0.9248828887939453,0.0671084076166153,0.008008659817278385,-0.9168742289766669,Negative
825721153142521858,2017-01-29 15:03:58+00:00,2017-01-29,2017-01,Sunday,15,Android,False,Christians in the Middle-East have been executed in large numbers. We cannot allow this horror to continue!,223856,59432,107,17,0.9235597252845764,0.07092846930027008,0.005511771887540817,-0.9180479533970356,Negative
825822320128303110,2017-01-29 21:45:58+00:00,2017-01-29,2017-01,Sunday,21,Android,False,The joint statement of former presidential candidates John McCain &amp; Lindsey Graham is wrong - they are sadly weak on immigration. The two...,107416,23764,144,23,0.8830904960632324,0.11196017265319824,0.004949358291924,-0.8781411377713084,Negative
825823217025691648,2017-01-29 21:49:32+00:00,2017-01-29,2017-01,Sunday,21,Android,False,"...Senators should focus their energies on ISIS, illegal immigration and border security instead of always looking to start World War III.",170039,42371,138,21,0.8329923152923584,0.15664412081241608,0.010363602079451084,-0.8226287132129073,Negative
825848204633731074,2017-01-29 23:28:50+00:00,2017-01-29,2017-01,Sunday,23,iPhone,False,Statement Regarding Recent Executive Order Concerning Extreme Vetting: https://t.co/f6JO60I0Ul,69207,16894,94,9,0.04727938398718834,0.9351046681404114,0.01761602610349655,-0.029663357883691788,Neutral
825850987348914184,2017-01-29 23:39:53+00:00,2017-01-29,2017-01,Sunday,23,iPhone,False,I will be interviewed by @TheBrodyFile on @CBNNews tonight at 11pm. Enjoy!,67714,11097,74,12,0.0016021250048652291,0.10948970913887024,0.8889082074165344,0.8873060824116692,Positive
826041397232943104,2017-01-30 12:16:30+00:00,2017-01-30,2017-01,Monday,12,Android,False,"Only 109 people out of 325,000 were detained and held for questioning. Big problems at airports were caused by Delta computer outage,.....",130943,30965,138,22,0.8235121965408325,0.16816546022891998,0.008322394452989101,-0.8151898020878434,Negative
826042483155013632,2017-01-30 12:20:49+00:00,2017-01-30,2017-01,Monday,12,Android,False,protesters and the tears of Senator Schumer. Secretary Kelly said that all is going well with very few problems. MAKE AMERICA SAFE AGAIN!,133963,24007,137,23,0.032130662351846695,0.22883334755897522,0.739035964012146,0.7069053016602993,Positive
826044059647107073,2017-01-30 12:27:05+00:00,2017-01-30,2017-01,Monday,12,Android,False,There is nothing nice about searching for terrorists before they can enter our country. This was a big part of my campaign. Study the world!,173239,34992,140,25,0.8829479813575745,0.1072826087474823,0.009769377298653126,-0.8731786040589213,Negative
826060143825666051,2017-01-30 13:31:00+00:00,2017-01-30,2017-01,Monday,13,Android,False,"If the ban were announced with a one week notice, the ""bad"" would rush into our country during that week. A lot of bad ""dudes"" out there!",171722,35502,137,27,0.9060960412025452,0.08620679378509521,0.00769711984321475,-0.8983989213593304,Negative
826063267760046080,2017-01-30 13:43:25+00:00,2017-01-30,2017-01,Monday,13,Android,False,I have made my decision on who I will nominate for The United States Supreme Court. It will be announced live on Tuesday at 8:00 P.M. (W.H.),127061,24983,140,27,0.0062246560119092464,0.8544765114784241,0.13929887115955353,0.13307421514764428,Neutral
826073437735100418,2017-01-30 14:23:49+00:00,2017-01-30,2017-01,Monday,14,iPhone,False,Where was all the outrage from Democrats and the opposition party (the media) when our jobs were fleeing our country?,163273,32607,117,20,0.8533223867416382,0.13828390836715698,0.008393616415560246,-0.8449287703260779,Negative
826175120238604288,2017-01-30 21:07:52+00:00,2017-01-30,2017-01,Monday,21,iPhone,False,"The American dream is back. We’re going to create an environment for small business like we haven’t had in many, ma… https://t.co/Bh7SrNEgz1",176861,34595,140,22,0.003681574482470751,0.06498798727989197,0.9313304424285889,0.9276488679461181,Positive
826229971584708608,2017-01-31 00:45:50+00:00,2017-01-31,2017-01,Tuesday,0,Android,False,The Democrats are delaying my cabinet picks for purely political reasons. They have nothing going but to obstruct. Now have an Obama A.G.,127361,27841,137,23,0.8895261883735657,0.10351228713989258,0.006961512379348278,-0.8825646759942174,Negative
826390034693623809,2017-01-31 11:21:52+00:00,2017-01-31,2017-01,Tuesday,11,Android,False,Nancy Pelosi and Fake Tears Chuck Schumer held a rally at the steps of The Supreme Court and mic did not work (a mess)-just like Dem party!,152518,31063,139,27,0.9019513726234436,0.08727842569351196,0.010770212858915329,-0.8911811597645283,Negative
826391334248407040,2017-01-31 11:27:02+00:00,2017-01-31,2017-01,Tuesday,11,Android,False,When will the Democrats give us our Attorney General and rest of Cabinet! They should be ashamed of themselves! No wonder D.C. doesn't work!,179221,38848,140,24,0.9517465829849243,0.042314935475587845,0.005938454531133175,-0.9458081284537911,Negative
826588658304217088,2017-02-01 00:31:08+00:00,2017-02-01,2017-02,Wednesday,0,Android,False,Getting ready to deliver a VERY IMPORTANT DECISION! 8:00 P.M.,103201,16427,61,10,0.011507244780659676,0.5385934710502625,0.44989925622940063,0.43839201144874096,Neutral
826596187453153281,2017-02-01 01:01:03+00:00,2017-02-01,2017-02,Wednesday,1,iPhone,False,Join me live from the @WhiteHouse. https://t.co/LHOs4nAaGl,53239,6621,58,7,0.008037588559091091,0.8308067321777344,0.16115571558475494,0.15311812702566385,Neutral
826637556787838976,2017-02-01 03:45:26+00:00,2017-02-01,2017-02,Wednesday,3,Android,False,"Hope you like my nomination of Judge Neil Gorsuch for the United States Supreme Court. He is a good and brilliant man, respected by all.",250940,34238,136,25,0.003476470010355115,0.030146412551403046,0.9663771390914917,0.9629006690811366,Positive
826774668245946368,2017-02-01 12:50:16+00:00,2017-02-01,2017-02,Wednesday,12,Android,False,"Everybody is arguing whether or not it is a BAN. Call it what you want, it is about keeping bad people (with bad intentions) out of country!",252382,60583,140,27,0.7524513006210327,0.23357141017913818,0.013977328315377235,-0.7384739723056555,Negative
826990079738540033,2017-02-02 03:06:14+00:00,2017-02-02,2017-02,Thursday,3,Android,False,Iran is rapidly taking over more and more of Iraq even after the U.S. has squandered three trillion dollars there. Obvious long ago!,93611,20915,132,23,0.8172215223312378,0.1706116795539856,0.012166796252131462,-0.8050547260791063,Negative
827002559122567168,2017-02-02 03:55:49+00:00,2017-02-02,2017-02,Thursday,3,Android,False,Do you believe it? The Obama Administration agreed to take thousands of illegal immigrants from Australia. Why? I will study this dumb deal!,152041,37373,140,23,0.9259061813354492,0.06713125854730606,0.006962591782212257,-0.918943589553237,Negative
827112633224544256,2017-02-02 11:13:13+00:00,2017-02-02,2017-02,Thursday,11,Android,False,If U.C. Berkeley does not allow free speech and practices violence on innocent people with a different point of view - NO FEDERAL FUNDS?,213655,60266,136,24,0.872581422328949,0.12205621600151062,0.005362274590879679,-0.8672191477380693,Negative
827113926517194757,2017-02-02 11:18:21+00:00,2017-02-02,2017-02,Thursday,11,Android,False,Congratulations to Rex Tillerson on being sworn in as our new Secretary of State. He will be a star!,115116,15883,100,19,0.002101052785292268,0.01180532667785883,0.9860936403274536,0.9839925875421613,Positive
827115768202534913,2017-02-02 11:25:40+00:00,2017-02-02,2017-02,Thursday,11,Android,False,Attending Chief Ryan Owens' Dignified Transfer yesterday with my daughter Ivanka was my great honor. To a great and brave man - thank you!,123763,16711,138,24,0.0035205234307795763,0.013653318397700787,0.9828261733055115,0.9793056498747319,Positive
827118012784373760,2017-02-02 11:34:36+00:00,2017-02-02,2017-02,Thursday,11,Android,False,Iran has been formally PUT ON NOTICE for firing a ballistic missile.Should have been thankful for the terrible deal the U.S. made with them!,121480,39629,140,24,0.8989092707633972,0.09337881952524185,0.007711814716458321,-0.8911974560469389,Negative
827119326880813056,2017-02-02 11:39:49+00:00,2017-02-02,2017-02,Thursday,11,Android,False,Iran was on its last legs and ready to collapse until the U.S. came along and gave it a life-line in the form of the Iran Deal: $150 billion,97481,24173,140,29,0.4318115711212158,0.5001277327537537,0.06806067377328873,-0.3637508973479271,Neutral
827207267632164868,2017-02-02 17:29:16+00:00,2017-02-02,2017-02,Thursday,17,iPhone,False,"Thank you, @Samsung! We would love to have you! https://t.co/r5nxC9oOA4",125661,26161,71,10,0.0024018664844334126,0.008826388977468014,0.9887717366218567,0.9863698701374233,Positive
827477947154063361,2017-02-03 11:24:51+00:00,2017-02-03,2017-02,Friday,11,Android,False,"Yes, Arnold Schwarzenegger did a really bad job as Governor of California and even worse on the Apprentice...but at least he tried hard!",117196,23451,136,23,0.9357527494430542,0.05714772269129753,0.007099519018083811,-0.9286532304249704,Negative
827478751931924480,2017-02-03 11:28:02+00:00,2017-02-03,2017-02,Friday,11,Android,False,"Iran is playing with fire - they don't appreciate how ""kind"" President Obama was to them. Not me!",173210,64118,97,18,0.9008572697639465,0.09023617208003998,0.008906497620046139,-0.8919507721439004,Negative
827480386120929280,2017-02-03 11:34:32+00:00,2017-02-03,2017-02,Friday,11,Android,False,Thank you to Prime Minister of Australia for telling the truth about our very civil conversation that FAKE NEWS media lied about. Very nice!,148912,32508,140,24,0.03773779794573784,0.10480067878961563,0.8574615120887756,0.8197237141430378,Positive
827482059438432260,2017-02-03 11:41:11+00:00,2017-02-03,2017-02,Friday,11,Android,False,"Meeting with biggest business leaders this morning. Good jobs are coming back to U.S., health care and tax bills are being crafted NOW!",125846,19308,135,23,0.0034097214229404926,0.021330244839191437,0.9752600789070129,0.9718503574840724,Positive
827483841589891073,2017-02-03 11:48:16+00:00,2017-02-03,2017-02,Friday,11,Android,False,"Professional anarchists, thugs and paid protesters are proving the point of the millions of people who voted to MAKE AMERICA GREAT AGAIN!",172191,42421,137,22,0.6925758123397827,0.24211999773979187,0.06530413031578064,-0.6272716820240021,Negative
827499871011819520,2017-02-03 12:51:58+00:00,2017-02-03,2017-02,Friday,12,Android,False,A new radical Islamic terrorist has just attacked in Louvre Museum in Paris. Tourists were locked down. France on edge again. GET SMART U.S.,163923,41566,140,24,0.915746808052063,0.07859867811203003,0.0056545911356806755,-0.9100922169163823,Negative
827655062835052544,2017-02-03 23:08:38+00:00,2017-02-03,2017-02,Friday,23,Android,False,"We must keep ""evil"" out of our country!",204985,44904,39,8,0.7987215518951416,0.176724374294281,0.024554027244448662,-0.7741675246506929,Negative
827715246135574530,2017-02-04 03:07:47+00:00,2017-02-04,2017-02,Saturday,3,Android,False,Countries charge U.S. companies taxes or tariffs while the U.S. charges them nothing or little.We should charge them SAME as they charge us!,154637,27046,140,23,0.670378565788269,0.3094191551208496,0.020202305167913437,-0.6501762606203556,Negative
827864176043376640,2017-02-04 12:59:35+00:00,2017-02-04,2017-02,Saturday,12,Android,False,"When a country is no longer able to say who can, and who cannot , come in &amp; out, especially for reasons of safety &amp;.security - big trouble!",175399,38069,147,28,0.5066308975219727,0.4732268154621124,0.020142272114753723,-0.48648862540721893,Negative
827865957750161408,2017-02-04 13:06:39+00:00,2017-02-04,2017-02,Saturday,13,Android,False,Interesting that certain Middle-Eastern countries agree with the ban. They know if certain people are allowed in it's death &amp; destruction!,139881,28311,142,21,0.6433428525924683,0.3284871280193329,0.0281700249761343,-0.615172827616334,Negative
827867311054974976,2017-02-04 13:12:02+00:00,2017-02-04,2017-02,Saturday,13,Android,False,"The opinion of this so-called judge, which essentially takes law-enforcement away from our country, is ridiculous and will be overturned!",159207,33518,137,20,0.9232270121574402,0.06966223567724228,0.007110663689672947,-0.9161163484677672,Negative
827874208021639168,2017-02-04 13:39:27+00:00,2017-02-04,2017-02,Saturday,13,Android,False,"After being forced to apologize for its bad and inaccurate coverage of me after winning the election, the FAKE NEWS @nytimes is still lost!",102747,17438,139,24,0.9427791237831116,0.05215940997004509,0.005061553791165352,-0.9377175699919462,Negative
827885966509604865,2017-02-04 14:26:10+00:00,2017-02-04,2017-02,Saturday,14,Android,False,MAKE AMERICA GREAT AGAIN!,255896,66140,25,4,0.00767189497128129,0.047189049422740936,0.9451390504837036,0.9374671555124223,Positive
827981079042805761,2017-02-04 20:44:07+00:00,2017-02-04,2017-02,Saturday,20,Android,False,"What is our country coming to when a judge can halt a Homeland Security travel ban and anyone, even with bad intentions, can come into U.S.?",148698,33272,140,26,0.7262501120567322,0.26286426186561584,0.010885562747716904,-0.7153645493090153,Negative
827996357252243456,2017-02-04 21:44:49+00:00,2017-02-04,2017-02,Saturday,21,Android,False,"Because the ban was lifted by a judge, many very bad and dangerous people may be pouring into our country. A terrible decision",136941,29446,126,23,0.919939398765564,0.07489753514528275,0.0051630353555083275,-0.9147763634100556,Negative
828024835670413312,2017-02-04 23:37:59+00:00,2017-02-04,2017-02,Saturday,23,Android,False,"Why aren't the lawyers looking at and using the Federal Court decision in Boston, which is at conflict with ridiculous lift ban decision?",97489,17863,137,23,0.5981888771057129,0.3902062475681305,0.011604934930801392,-0.5865839421749115,Negative
828039143318024194,2017-02-05 00:34:50+00:00,2017-02-05,2017-02,Sunday,0,Android,False,Interview with @oreillyfactor on Fox Network - 4:00 P.M. (prior to Super Bowl). Enjoy!,70877,11343,86,14,0.0015291068702936172,0.08839297294616699,0.9100779294967651,0.9085488226264715,Positive
828042506851934209,2017-02-05 00:48:12+00:00,2017-02-05,2017-02,Sunday,0,Android,False,The judge opens up our country to potential terrorists and others that do not have our best interests at heart. Bad people are very happy!,129523,28096,138,25,0.9204747080802917,0.07026446610689163,0.00926082581281662,-0.9112138822674751,Negative
828342202174668800,2017-02-05 20:39:05+00:00,2017-02-05,2017-02,Sunday,20,Android,False,Just cannot believe a judge would put our country in such peril. If something happens blame him and court system. People pouring in. Bad!,138219,29114,137,24,0.931707501411438,0.062163256108760834,0.006129137706011534,-0.9255783637054265,Negative
828343072840900610,2017-02-05 20:42:33+00:00,2017-02-05,2017-02,Sunday,20,Android,False,I have instructed Homeland Security to check people coming into our country VERY CAREFULLY. The courts are making the job very difficult!,147041,28490,137,22,0.7492823600769043,0.22783850133419037,0.02287910506129265,-0.7264032550156116,Negative
828344301381939200,2017-02-05 20:47:25+00:00,2017-02-05,2017-02,Sunday,20,Android,False,I will be interviewed by @oreillyfactor at 4:00 P.M. (prior to the #SuperBowl Pre-game Show) on Fox Network. Enjoy!,541,147,115,19,0.0017133171204477549,0.20106147229671478,0.7972252368927002,0.7955119197722524,Positive
828375073006444544,2017-02-05 22:49:42+00:00,2017-02-05,2017-02,Sunday,22,Android,False,Enjoy the #SuperBowl and then we continue: MAKE AMERICA GREAT AGAIN!,185073,36535,68,11,0.0021788368467241526,0.012355010025203228,0.9854661226272583,0.9832872857805341,Positive
828447350200926212,2017-02-06 03:36:54+00:00,2017-02-06,2017-02,Monday,3,Android,False,"What an amazing comeback and win by the Patriots. Tom Brady, Bob Kraft and Coach B are total winners. Wow!",267584,72934,106,20,0.003702447284013033,0.010909415781497955,0.9853881001472473,0.9816856528632343,Positive
828574430800539648,2017-02-06 12:01:53+00:00,2017-02-06,2017-02,Monday,12,Android,False,"Any negative polls are fake news, just like the CNN, ABC, NBC polls in the election. Sorry, people want border security and extreme vetting.",161819,36259,140,24,0.8628932237625122,0.12787233293056488,0.00923434179276228,-0.8536588819697499,Negative
828575949268606977,2017-02-06 12:07:55+00:00,2017-02-06,2017-02,Monday,12,Android,False,"I call my own shots, largely based on an accumulation of data, and everyone knows it. Some FAKE NEWS media, in order to marginalize, lies!",125344,23963,138,25,0.6126273274421692,0.355404794216156,0.0319678895175457,-0.5806594379246235,Negative
828641340313460736,2017-02-06 16:27:45+00:00,2017-02-06,2017-02,Monday,16,Android,False,Will be interviewed on @oreillyfactor tonight at 8:00 P.M.,18,6,58,9,0.006219410337507725,0.9387551546096802,0.05502539873123169,0.048805988393723965,Neutral
828642511698669569,2017-02-06 16:32:24+00:00,2017-02-06,2017-02,Monday,16,Android,False,"The failing @nytimes writes total fiction concerning me. They have gotten it wrong for two years, and now are making up stories &amp; sources!",96642,19275,142,24,0.9524657726287842,0.04253207892179489,0.005002077203243971,-0.9474636954255402,Negative
828748574255091714,2017-02-06 23:33:52+00:00,2017-02-06,2017-02,Monday,23,iPhone,False,An extended interview from the Super Bowl with @oreillyfactor airs tonight at 8:00 P.M. Enjoy! https://t.co/kZdHqaNTVR,53603,8058,118,16,0.001794024370610714,0.18563714623451233,0.8125688433647156,0.8107748189941049,Positive
828793887275761665,2017-02-07 02:33:55+00:00,2017-02-07,2017-02,Tuesday,2,Android,False,The failing @nytimes was forced to apologize to its subscribers for the poor reporting it did on my election win. Now they are worse!,91894,16419,133,24,0.9537530541419983,0.04142211005091667,0.004824855364859104,-0.9489281987771392,Negative
828797801630937089,2017-02-07 02:49:28+00:00,2017-02-07,2017-02,Tuesday,2,Android,False,"The threat from radical Islamic terrorism is very real, just look at what is happening in Europe and the Middle-East. Courts must act fast!",145673,32538,139,24,0.7346981167793274,0.24697180092334747,0.018330084159970284,-0.7163680326193571,Negative
828937357147635713,2017-02-07 12:04:01+00:00,2017-02-07,2017-02,Tuesday,12,Android,False,"I don't know Putin, have no deals in Russia, and the haters are going crazy - yet Obama can make a deal with Iran, #1in terror, no problem!",2,2,139,28,0.7691307067871094,0.18866798281669617,0.04220132157206535,-0.726929385215044,Negative
828939235499638784,2017-02-07 12:11:29+00:00,2017-02-07,2017-02,Tuesday,12,iPhone,False,"I don't know Putin, have no deals in Russia, and the haters are going crazy - yet Obama can make a deal with Iran, #1 in terror, no problem!",188271,50474,140,29,0.7884683012962341,0.17567066848278046,0.0358610562980175,-0.7526072449982166,Negative
829003091735359488,2017-02-07 16:25:13+00:00,2017-02-07,2017-02,Tuesday,16,iPhone,False,An honor having the National Sheriffs' Assoc. join me at the @WhiteHouse. Incredible men &amp; women who protect &amp; serv… https://t.co/1LkhbCNh8L,108216,18399,148,21,0.002880024490877986,0.015205340459942818,0.9819146990776062,0.9790346745867282,Positive
829133645055135750,2017-02-08 01:04:00+00:00,2017-02-08,2017-02,Wednesday,1,Android,False,"It is a disgrace that my full Cabinet is still not in place, the longest such delay in the history of our country. Obstruction by Democrats!",157210,36410,140,26,0.9541138410568237,0.039733562618494034,0.006152589339762926,-0.9479612517170608,Negative
829299566344359936,2017-02-08 12:03:18+00:00,2017-02-08,2017-02,Wednesday,12,Android,False,"If the U.S. does not win this case as it so obviously should, we can never have the security and safety to which we are entitled. Politics!",114959,22277,139,27,0.7723585367202759,0.20400197803974152,0.023639488965272903,-0.748719047755003,Negative
829315036329963521,2017-02-08 13:04:47+00:00,2017-02-08,2017-02,Wednesday,13,Android,False,"I will be speaking at 9:00 A.M. today to Police Chiefs and Sheriffs and will be discussing the horrible, dangerous and wrong decision.......",74978,10807,140,23,0.803106963634491,0.18480521440505981,0.012087837792932987,-0.791019125841558,Negative
829349943613734912,2017-02-08 15:23:29+00:00,2017-02-08,2017-02,Wednesday,15,iPhone,False,Thank you to our great Police Chiefs &amp; Sheriffs for your leadership &amp; service. You have a true friend in the… https://t.co/Lysnv8ZR1h,90091,16188,141,22,0.004034631419926882,0.020837971940636635,0.9751274585723877,0.9710928271524608,Positive
829356871848951809,2017-02-08 15:51:01+00:00,2017-02-08,2017-02,Wednesday,15,iPhone,False,My daughter Ivanka has been treated so unfairly by @Nordstrom. She is a great person -- always pushing me to do the right thing! Terrible!,142427,27189,138,25,0.8506377935409546,0.11797267943620682,0.03138948604464531,-0.8192483074963093,Negative
829357626798530561,2017-02-08 15:54:01+00:00,2017-02-08,2017-02,Wednesday,15,iPhone,False,'16 Fake News Stories Reporters Have Run Since Trump Won' https://t.co/0dHld5kiVc,64126,19076,81,11,0.6195598244667053,0.3656698167324066,0.014770415611565113,-0.6047894088551402,Negative
829384587482656768,2017-02-08 17:41:09+00:00,2017-02-08,2017-02,Wednesday,17,Android,False,"Big increase in traffic into our country from certain areas, while our people are far more vulnerable, as we wait for what should be EASY D!",88547,17539,140,26,0.8041263222694397,0.17953680455684662,0.016336817294359207,-0.7877895049750805,Negative
829410107406614534,2017-02-08 19:22:33+00:00,2017-02-08,2017-02,Wednesday,19,iPhone,False,"Thank you Brian Krzanich, CEO of @Intel. A great investment ($7 BILLION) in American INNOVATION and JOBS!… https://t.co/oicfDsPKHQ",97758,22030,130,18,0.0027896962128579617,0.015517168678343296,0.9816931486129761,0.9789034524001181,Positive
829414457126313986,2017-02-08 19:39:51+00:00,2017-02-08,2017-02,Wednesday,19,iPhone,False,'Immigration Ban Is One Of Trump's Most Popular Orders So Far' https://t.co/wAelwuQ4BE,123007,30541,86,12,0.029381776228547096,0.7214969396591187,0.2491213083267212,0.2197395320981741,Neutral
829446266111287305,2017-02-08 21:46:14+00:00,2017-02-08,2017-02,Wednesday,21,iPhone,False,"'Majority in Leading EU Nations Support Trump-Style Travel Ban' Poll of more than 10,000 people in 10 countries...https://t.co/KWsIWhtC9o",83029,21885,137,18,0.22222429513931274,0.7544088959693909,0.023366836830973625,-0.19885745830833912,Neutral
829451566000242688,2017-02-08 22:07:18+00:00,2017-02-08,2017-02,Wednesday,22,iPhone,False,'Trump administration seen as more truthful than news media' https://t.co/6LmsR5JOSW,87896,17626,84,10,0.03692053630948067,0.8003827333450317,0.1626966893672943,0.12577615305781364,Neutral
829496507841789952,2017-02-09 01:05:53+00:00,2017-02-09,2017-02,Thursday,1,iPhone,False,"Congratulations to our new Attorney General, @SenatorSessions! https://t.co/e0buP1K83z",163235,32534,86,8,0.0021177816670387983,0.013322670944035053,0.9845595955848694,0.9824418139178306,Positive
829660612452036608,2017-02-09 11:57:59+00:00,2017-02-09,2017-02,Thursday,11,Android,False,"Sen.Richard Blumenthal, who never fought in Vietnam when he said for years he had (major lie),now misrepresents what Judge Gorsuch told him?",84674,19352,140,22,0.7586445212364197,0.23164573311805725,0.009709686040878296,-0.7489348351955414,Negative
829681034564341760,2017-02-09 13:19:08+00:00,2017-02-09,2017-02,Thursday,13,Android,False,"Chris Cuomo, in his interview with Sen. Blumenthal, never asked him about his long-term lie about his brave ""service"" in Vietnam. FAKE NEWS!",73700,14894,140,23,0.8457345962524414,0.1455920934677124,0.00867332611232996,-0.8370612701401114,Negative
829682794951475200,2017-02-09 13:26:07+00:00,2017-02-09,2017-02,Thursday,13,Android,False,Sen. McCain should not be talking about the success or failure of a mission to the media. Only emboldens the enemy! He's been losing so....,85781,15800,139,25,0.9002447724342346,0.09481488913297653,0.004940400831401348,-0.8953043716028333,Negative
829684271812067328,2017-02-09 13:31:59+00:00,2017-02-09,2017-02,Thursday,13,Android,False,"...long he doesn't know how to win anymore, just look at the mess our country is in - bogged down in conflict all over the place. Our hero..",67986,11801,140,28,0.8947314023971558,0.09564949572086334,0.009619061835110188,-0.8851123405620456,Negative
829689436279603206,2017-02-09 13:52:31+00:00,2017-02-09,2017-02,Thursday,13,Android,False,"..Ryan died on a winning mission ( according to General Mattis), not a ""failure."" Time for the U.S. to get smart and start winning again!",91185,14900,137,25,0.2746940553188324,0.5451254844665527,0.18018043041229248,-0.09451362490653992,Neutral
829721019720015872,2017-02-09 15:58:01+00:00,2017-02-09,2017-02,Thursday,15,iPhone,False,"Join us live in the Oval Office for the swearing in of our new Attorney General, @SenatorSessions! LIVE:… https://t.co/QeW6vjog4A",71140,10756,129,19,0.00411856546998024,0.6592002511024475,0.33668115735054016,0.3325625918805599,Neutral
829836231802515457,2017-02-09 23:35:49+00:00,2017-02-09,2017-02,Thursday,23,Android,False,"SEE YOU IN COURT, THE SECURITY OF OUR NATION IS AT STAKE!",237614,67448,57,12,0.879935085773468,0.10231771320104599,0.01774725876748562,-0.8621878270059824,Negative
830042498806460417,2017-02-10 13:15:27+00:00,2017-02-10,2017-02,Friday,13,Android,False,"LAWFARE: ""Remarkably, in the entire opinion, the panel did not bother even to cite this (the) statute."" A disgraceful decision!",89202,17556,127,20,0.938000500202179,0.0572979561984539,0.004701502155512571,-0.9332989980466664,Negative
830047626414477312,2017-02-10 13:35:50+00:00,2017-02-10,2017-02,Friday,13,Android,False,"The failing @nytimes does major FAKE NEWS China story saying ""Mr.Xi has not spoken to Mr. Trump since Nov.14."" We spoke at length yesterday!",106953,23732,140,24,0.7801060080528259,0.20827744901180267,0.011616508476436138,-0.7684894995763898,Negative
830195857530183684,2017-02-10 23:24:51+00:00,2017-02-10,2017-02,Friday,23,iPhone,False,Heading to Joint Base Andrews on #MarineOne with Prime Minister Shinzō earlier today. https://t.co/4JFhyYdeHO,160212,40351,109,14,0.004740583710372448,0.9371567368507385,0.05810266733169556,0.05336208362132311,Neutral
830389130311921667,2017-02-11 12:12:51+00:00,2017-02-11,2017-02,Saturday,12,Android,False,"Our legal system is broken! ""77% of refugees allowed into U.S. since travel reprieve hail from seven suspect countries."" (WT) SO DANGEROUS!",101179,23082,139,22,0.9432072639465332,0.05292081460356712,0.0038719556760042906,-0.9393353082705289,Negative
830405706255912960,2017-02-11 13:18:43+00:00,2017-02-11,2017-02,Saturday,13,Android,False,"I am reading that the great border WALL will cost more than the government originally thought, but I have not gotten involved in the.....",77068,14024,137,24,0.6100990772247314,0.3678310215473175,0.0220699030905962,-0.5880291741341352,Negative
830407172747988992,2017-02-11 13:24:32+00:00,2017-02-11,2017-02,Saturday,13,Android,False,"...design or negotiations yet. When I do, just like with the F-35 FighterJet or the Air Force One Program, price will come WAY DOWN!",83752,12905,132,24,0.21420970559120178,0.622469425201416,0.1633208841085434,-0.050888821482658386,Neutral
830409522397184000,2017-02-11 13:33:53+00:00,2017-02-11,2017-02,Saturday,13,Android,False,"Melania and I are hosting Japanese Prime Minister Shinzo Abe and Mrs. Abe at Mar-a-Lago in Palm Beach, Fla. They are a wonderful couple!",120072,16875,136,24,0.001549102133139968,0.024714330211281776,0.973736584186554,0.972187482053414,Positive
830483672096768001,2017-02-11 18:28:31+00:00,2017-02-11,2017-02,Saturday,18,iPhone,False,Having a great time hosting Prime Minister Shinzo Abe in the United States! https://t.co/Fvjsac89qS… https://t.co/hKqbMB2aQ9,92194,16879,124,15,0.0016225785948336124,0.011671301908791065,0.9867060780525208,0.9850834994576871,Positive
830552079240409089,2017-02-11 23:00:21+00:00,2017-02-11,2017-02,Saturday,23,Android,False,"I am so proud of my daughter Ivanka. To be abused and treated so badly by the media, and to still hold her head so high, is truly wonderful!",207438,28439,140,29,0.026778262108564377,0.03467768058180809,0.9385440349578857,0.9117657728493214,Positive
830553970225590277,2017-02-11 23:07:52+00:00,2017-02-11,2017-02,Saturday,23,Android,False,"Playef golf today with Prime Minister Abe of Japan and @TheBig_Easy, Ernie Els, and had a great time. Japan is very well represented!",1,8,133,23,0.001756156561896205,0.012829919345676899,0.9854139089584351,0.9836577523965389,Positive
830555911559249926,2017-02-11 23:15:34+00:00,2017-02-11,2017-02,Saturday,23,iPhone,False,"Played golf today with Prime Minister Abe of Japan and @TheBig_Easy, Ernie Els, and had a great time. Japan is very well represented!",84098,13298,133,23,0.0017200326547026634,0.013378093019127846,0.9849018454551697,0.983181812800467,Positive
830558065715998726,2017-02-11 23:24:08+00:00,2017-02-11,2017-02,Saturday,23,Android,False,"A working dinner tonight with Prime Minister Abe of Japan, and his representatives, at the Winter White House (Mar-a-Lago). Very good talks!",97579,13843,140,22,0.0014343868242576718,0.027995526790618896,0.9705700874328613,0.9691357006086037,Positive
830643095150657536,2017-02-12 05:02:01+00:00,2017-02-12,2017-02,Sunday,5,iPhone,False,#ICYMI: Joint Statement with Prime Minister Shinzo Abe on North Korea. https://t.co/qEC87FKB1D,62151,14676,94,12,0.0050793662667274475,0.9368241429328918,0.05809649080038071,0.05301712453365326,Neutral
830741932099960834,2017-02-12 11:34:45+00:00,2017-02-12,2017-02,Sunday,11,Android,False,"The crackdown on illegal criminals is merely the keeping of my campaign promise. Gang members, drug dealers &amp; others are being removed!",148471,29437,139,22,0.4873138964176178,0.40038320422172546,0.11230286955833435,-0.37501102685928345,Negative
830747067379232769,2017-02-12 11:55:10+00:00,2017-02-12,2017-02,Sunday,11,Android,False,"72% of refugees admitted into U.S. (2/3 -2/11) during COURT BREAKDOWN are from 7 countries: SYRIA, IRAQ, SOMALIA, IRAN, SUDAN, LIBYA &amp; YEMEN",80492,22544,144,23,0.2044813185930252,0.7764303684234619,0.019088342785835266,-0.18539297580718994,Neutral
830751875578355713,2017-02-12 12:14:16+00:00,2017-02-12,2017-02,Sunday,12,Android,False,"While on FAKE NEWS @CNN, Bernie Sanders was cut off for using the term fake news to describe the network. They said technical difficulties!",113074,25000,139,24,0.8894703984260559,0.10343865305185318,0.007090921513736248,-0.8823794769123197,Negative
830764596235485188,2017-02-12 13:04:49+00:00,2017-02-12,2017-02,Sunday,13,Android,False,"After two days of very productive talks, Prime Minister Abe is heading back to Japan. L",82736,13121,87,16,0.004894640296697617,0.3294530510902405,0.665652334690094,0.6607576943933964,Positive
830769247185952772,2017-02-12 13:23:18+00:00,2017-02-12,2017-02,Sunday,13,Android,False,I know Mark Cuban well. He backed me big-time but I wasn't interested in taking all of his calls.He's not smart enough to run for president!,82264,15285,140,26,0.798265814781189,0.18227221071720123,0.019461985677480698,-0.7788038291037083,Negative
830804130692268032,2017-02-12 15:41:55+00:00,2017-02-12,2017-02,Sunday,15,iPhone,False,Congratulations Stephen Miller- on representing me this morning on the various Sunday morning shows. Great job!,102935,16088,111,16,0.002874022116884589,0.011687052436172962,0.9854389429092407,0.9825649207923561,Positive
830904083519242241,2017-02-12 22:19:05+00:00,2017-02-12,2017-02,Sunday,22,Android,False,Just leaving Florida. Big crowds of enthusiastic supporters lining the road that the FAKE NEWS media refuses to mention. Very dishonest!,141359,25504,136,21,0.6889744997024536,0.2509381175041199,0.060087379068136215,-0.6288871206343174,Negative
831169341358014475,2017-02-13 15:53:08+00:00,2017-02-13,2017-02,Monday,15,iPhone,False,Today I will meet with Canadian PM Trudeau and a group of leading business women to discuss women in the workforce. https://t.co/bFAHPRXHdP,74360,11763,139,22,0.005686215125024319,0.7733013033866882,0.22101245820522308,0.21532624308019876,Neutral
831185943482793986,2017-02-13 16:59:06+00:00,2017-02-13,2017-02,Monday,16,iPhone,False,Welcome to the @WhiteHouse Prime Minister @JustinTrudeau! https://t.co/WKgF8Zo9ri,84754,13466,81,8,0.0014942320995032787,0.052228737622499466,0.9462770819664001,0.9447828498668969,Positive
831214091993751552,2017-02-13 18:50:57+00:00,2017-02-13,2017-02,Monday,18,iPhone,False,Wonderful meeting with Canadian PM @JustinTrudeau and a group of leading CEO's &amp; business women from Canada🇨🇦and th… https://t.co/wAoCOaYeZ6,85397,15431,144,19,0.0023182188160717487,0.024586068466305733,0.9730957746505737,0.970777555834502,Positive
831336432073658368,2017-02-14 02:57:05+00:00,2017-02-14,2017-02,Tuesday,2,iPhone,False,Congratulations Treasury Secretary Steven Mnuchin! #ICYMI- watch here: https://t.co/RPsmw4yD7y https://t.co/K8tWLlXiYK,63937,10918,118,10,0.0021963075269013643,0.014356662519276142,0.9834469556808472,0.9812506481539458,Positive
831344902990655489,2017-02-14 03:30:45+00:00,2017-02-14,2017-02,Tuesday,3,iPhone,False,Congratulations to our new #VASecretary Dr. David Shulkin. Time to take care of Veterans who have fought to protect… https://t.co/FNewjbHuw4,90851,16252,140,20,0.0024132635444402695,0.037084873765707016,0.9605018496513367,0.9580885861068964,Positive
831510532318429184,2017-02-14 14:28:54+00:00,2017-02-14,2017-02,Tuesday,14,Android,False,The real story here is why are there so many illegal leaks coming out of Washington? Will these leaks be happening as I deal on N.Korea etc?,111318,26588,140,27,0.6104424595832825,0.38081100583076477,0.008746473118662834,-0.6016959864646196,Negative
831599387906301952,2017-02-14 20:21:59+00:00,2017-02-14,2017-02,Tuesday,20,iPhone,False,Great parent-teacher listening session this morning with @VP Pence &amp; @usedgov Secretary @BetsyDeVos. Watch:… https://t.co/nuLTs513Ot,59006,11349,136,15,0.0016708318144083023,0.03436196595430374,0.9639671444892883,0.96229631267488,Positive
831621079747723264,2017-02-14 21:48:10+00:00,2017-02-14,2017-02,Tuesday,21,iPhone,False,'Remarks by President Trump at Signing of H.J. Resolution 41' https://t.co/Q3MoCGAc54 https://t.co/yGDDTKm9Br,46093,8503,109,12,0.015437583439052105,0.9497342109680176,0.034828152507543564,0.01939056906849146,Neutral
831636777110757377,2017-02-14 22:50:33+00:00,2017-02-14,2017-02,Tuesday,22,iPhone,False,"Obamacare continues to fail. Humana to pull out in 2018. Will repeal, replace &amp; save healthcare for ALL Americans. https://t.co/glWEQ0lNR4",87852,17872,142,20,0.8890002369880676,0.10205607116222382,0.008943676948547363,-0.8800565600395203,Negative
831830548565852160,2017-02-15 11:40:32+00:00,2017-02-15,2017-02,Wednesday,11,Android,False,The fake news media is going crazy with their conspiracy theories and blind hatred. @MSNBC &amp; @CNN are unwatchable. @foxandfriends is great!,104434,25838,143,22,0.7457966804504395,0.16188879311084747,0.09231453388929367,-0.6534821465611458,Negative
831837514226921472,2017-02-15 12:08:12+00:00,2017-02-15,2017-02,Wednesday,12,Android,False,This Russian connection non-sense is merely an attempt to cover-up the many mistakes made in Hillary Clinton's losing campaign.,117900,27541,127,19,0.8751984238624573,0.11651310324668884,0.00828847661614418,-0.8669099472463131,Negative
831840306161123328,2017-02-15 12:19:18+00:00,2017-02-15,2017-02,Wednesday,12,Android,False,Information is being illegally given to the failing @nytimes &amp; @washingtonpost by the intelligence community (NSA and FBI?).Just like Russia,80376,21143,144,20,0.8424098491668701,0.14902131259441376,0.008568787015974522,-0.8338410621508956,Negative
831842652085686273,2017-02-15 12:28:37+00:00,2017-02-15,2017-02,Wednesday,12,Android,False,"Thank you to Eli Lake of The Bloomberg View - ""The NSA &amp; FBI...should not interfere in our politics...and is"" Very serious situation for USA",77692,16346,144,25,0.2138010859489441,0.5209568738937378,0.2652420699596405,0.05144098401069641,Neutral
831846101179314177,2017-02-15 12:42:20+00:00,2017-02-15,2017-02,Wednesday,12,Android,False,Crimea was TAKEN by Russia during the Obama Administration. Was Obama too soft on Russia?,100698,25351,89,15,0.6051251292228699,0.37760913372039795,0.017265738919377327,-0.5878593903034925,Negative
831853862281699331,2017-02-15 13:13:10+00:00,2017-02-15,2017-02,Wednesday,13,Android,False,"The real scandal here is that classified information is illegally given out by ""intelligence"" like candy. Very un-American!",128448,31903,123,18,0.9058139324188232,0.08676205575466156,0.007424025796353817,-0.8983899066224694,Negative
831904516316479489,2017-02-15 16:34:27+00:00,2017-02-15,2017-02,Wednesday,16,iPhone,False,Great listening session with CEO's of the Retail Industry Leaders Association this morning! https://t.co/sy6xJcWfcF,66081,10692,115,14,0.0018014073139056563,0.02209128998219967,0.9761073589324951,0.9743059516185895,Positive
831945670324060164,2017-02-15 19:17:59+00:00,2017-02-15,2017-02,Wednesday,19,iPhone,False,"Welcome to the United States, @IsraeliPM Benjamin &amp; Sara! #ICYMI🇺🇸🇮🇱Joint Press Conference: https://t.co/GN6ALWUusN https://t.co/bH60nBL5FP",74512,14224,143,14,0.0020055118948221207,0.13088305294513702,0.8671114444732666,0.8651059325784445,Positive
831952535544070145,2017-02-15 19:45:16+00:00,2017-02-15,2017-02,Wednesday,19,iPhone,False,Join me in Florida this Saturday at 5pm for a rally at the Orlando-Melbourne International Airport! Tickets:… https://t.co/OigfXFECPp,72138,17852,133,18,0.002813117578625679,0.7321357727050781,0.26505106687545776,0.2622379492968321,Neutral
831979921555742732,2017-02-15 21:34:05+00:00,2017-02-15,2017-02,Wednesday,21,iPhone,False,Aetna CEO: Obamacare in 'Death Spiral' #RepealAndReplace https://t.co/dmHL7xIEQv,58732,14576,80,8,0.6523938775062561,0.336514949798584,0.011091118678450584,-0.6413027588278055,Negative
832016501657968640,2017-02-15 23:59:26+00:00,2017-02-15,2017-02,Wednesday,23,iPhone,False,"Venezuela should allow Leopoldo Lopez, a political prisoner &amp; husband of @liliantintori (just met w/ @marcorubio) o… https://t.co/HhgE51dtSN",110166,53977,144,18,0.041094910353422165,0.9186668395996094,0.04023825377225876,-0.0008566565811634064,Neutral
832191485701451777,2017-02-16 11:34:46+00:00,2017-02-16,2017-02,Thursday,11,Android,False,Stock market hits new high with longest winning streak in decades. Great level of confidence and optimism - even before tax plan rollout!,127764,23643,137,23,0.003030082443729043,0.014259212650358677,0.9827106595039368,0.9796805770602077,Positive
832197515248275456,2017-02-16 11:58:43+00:00,2017-02-16,2017-02,Thursday,11,Android,False,"Leaking, and even illegal classified leaking, has been a big problem in Washington for years. Failing @nytimes (and others) must apologize!",89827,17274,139,21,0.9126690626144409,0.08102069795131683,0.006310263182967901,-0.906358799431473,Negative
832198588201594880,2017-02-16 12:02:59+00:00,2017-02-16,2017-02,Thursday,12,Android,False,The spotlight has finally been put on the low-life leakers! They will be caught!,126205,25247,80,14,0.5386536717414856,0.3145454525947571,0.1468009203672409,-0.3918527513742447,Negative
832230758299340800,2017-02-16 14:10:49+00:00,2017-02-16,2017-02,Thursday,14,Android,False,"FAKE NEWS media, which makes up stories and ""sources,"" is far more effective than the discredited Democrats - but they are fading fast!",99214,19854,135,23,0.8625237941741943,0.11967786401510239,0.01779833622276783,-0.8447254579514265,Negative
832238070460186625,2017-02-16 14:39:52+00:00,2017-02-16,2017-02,Thursday,14,Android,False,"The Democrats had to come up with a story as to why they lost the election, and so badly (306), so they made up a story - RUSSIA. Fake news!",121137,27003,140,30,0.9229992032051086,0.07140800356864929,0.005592776462435722,-0.9174064267426729,Negative
832375230274400256,2017-02-16 23:44:54+00:00,2017-02-16,2017-02,Thursday,23,iPhone,False,'Trump signs bill undoing Obama coal mining rule' https://t.co/yMfT5r5RGh,93656,18722,73,9,0.07915053516626358,0.8905972838401794,0.030252205207943916,-0.048898329958319664,Neutral
832533430168608768,2017-02-17 10:13:32+00:00,2017-02-17,2017-02,Friday,10,Android,False,"Despite the long delays by the Democrats in finally approving Dr. Tom Price, the repeal and replacement of ObamaCare is moving fast!",102948,17252,132,22,0.010922065936028957,0.21488100290298462,0.7741969227790833,0.7632748568430543,Positive
832554772318322688,2017-02-17 11:38:20+00:00,2017-02-17,2017-02,Friday,11,Android,False,"Going to Charleston, South Carolina, in order to spend time with Boeing and talk jobs! Look forward to it.",99095,14334,106,19,0.0013451625127345324,0.028613504022359848,0.9700413346290588,0.9686961721163243,Positive
832555987299082242,2017-02-17 11:43:10+00:00,2017-02-17,2017-02,Friday,11,Android,False,Thank you for all of the nice statements on the Press Conference yesterday. Rush Limbaugh said one of greatest ever. Fake media not happy!,150763,26347,138,24,0.041436269879341125,0.10604726523160934,0.8525164723396301,0.811080202460289,Positive
832579442790772736,2017-02-17 13:16:22+00:00,2017-02-17,2017-02,Friday,13,iPhone,False,"General Keith Kellogg, who I have known for a long time, is very much in play for NSA - as are three others.",69643,10955,108,23,0.014284094795584679,0.7966732382774353,0.18904267251491547,0.1747585777193308,Neutral
832614137586933760,2017-02-17 15:34:14+00:00,2017-02-17,2017-02,Friday,15,iPhone,False,Join me at 11:00am: Watch here: https://t.co/veqKmsGAwf https://t.co/UzndIjIqjM,56533,9912,79,8,0.008285624906420708,0.8630765080451965,0.12863783538341522,0.12035221047699451,Neutral
832704292993847296,2017-02-17 21:32:29+00:00,2017-02-17,2017-02,Friday,21,Android,False,"The FAKE NEWS media (failing @nytimes, @CNN, @NBCNews and many more) is not my enemy, it is the enemy of the American people. SICK!",247,112,131,24,0.9303858280181885,0.060818664729595184,0.008795497938990593,-0.9215903300791979,Negative
832708293516632065,2017-02-17 21:48:22+00:00,2017-02-17,2017-02,Friday,21,Android,False,"The FAKE NEWS media (failing @nytimes, @NBCNews, @ABC, @CBS, @CNN) is not my enemy, it is the enemy of the American People!",162368,52654,123,22,0.9135464429855347,0.07614411413669586,0.010309423319995403,-0.9032370196655393,Negative
832730328108134402,2017-02-17 23:15:56+00:00,2017-02-17,2017-02,Friday,23,Android,False,"""One of the most effective press conferences I've ever seen!"" says Rush Limbaugh. Many agree.Yet FAKE MEDIA calls it differently! Dishonest",120315,21751,139,21,0.07203331589698792,0.20649351179599762,0.721473217010498,0.6494399011135101,Positive
832742165436579840,2017-02-18 00:02:58+00:00,2017-02-18,2017-02,Saturday,0,Android,False,Looking forward to the Florida rally tomorrow. Big crowd expected!,99028,14143,66,10,0.0019418358569964767,0.011421318165957928,0.9866368174552917,0.9846949815982953,Positive
832945737625387008,2017-02-18 13:31:53+00:00,2017-02-18,2017-02,Saturday,13,Android,False,Don't believe the main stream (fake news) media.The White House is running VERY WELL. I inherited a MESS and am in the process of fixing it.,186074,39020,140,26,0.26482295989990234,0.40546470880508423,0.3297123312950134,0.06488937139511108,Neutral
832950628750127106,2017-02-18 13:51:20+00:00,2017-02-18,2017-02,Saturday,13,Android,False,"Will be having many meetings this weekend at The Southern White House. Big 5:00 P.M. speech in Melbourne, Florida. A lot to talk about!",99263,15213,135,24,0.0039605628699064255,0.39193928241729736,0.6041001081466675,0.600139545276761,Positive
833050081641234435,2017-02-18 20:26:31+00:00,2017-02-18,2017-02,Saturday,20,Android,False,"Getting ready to leave for Melbourne, Florida. See you all soon!",162,37,64,11,0.004508221987634897,0.2614746689796448,0.7340170741081238,0.7295088521204889,Positive
833435244451753984,2017-02-19 21:57:01+00:00,2017-02-19,2017-02,Sunday,21,Android,False,My statement as to what's happening in Sweden was in reference to a story that was broadcast on @FoxNews concerning immigrants &amp; Sweden.,112115,26224,140,23,0.05146756023168564,0.9212334156036377,0.027298927307128906,-0.024168632924556732,Neutral
833681539997253636,2017-02-20 14:15:42+00:00,2017-02-20,2017-02,Monday,14,Android,False,Give the public a break - The FAKE NEWS media is trying to say that large scale immigration in Sweden is working out just beautifully. NOT!,140919,34840,139,26,0.5544436573982239,0.35731640458106995,0.08823996037244797,-0.4662036970257759,Negative
833686030679207936,2017-02-20 14:33:33+00:00,2017-02-20,2017-02,Monday,14,Android,False,HAPPY PRESIDENTS DAY - MAKE AMERICA GREAT AGAIN!,242519,48802,48,8,0.0033744724933058023,0.010633175261318684,0.9859923720359802,0.9826178995426744,Positive
833761537525444608,2017-02-20 19:33:35+00:00,2017-02-20,2017-02,Monday,19,Android,False,Meeting with Generals at Mar-a-Lago in Florida. Very interesting!,97,33,65,9,0.0022094091400504112,0.11467818915843964,0.8831124305725098,0.8809030214324594,Positive
833783438922629125,2017-02-20 21:00:37+00:00,2017-02-20,2017-02,Monday,21,Android,False,Just named General H.R. McMaster National Security Advisor.,106326,15766,59,8,0.013873367570340633,0.9247156381607056,0.061410997062921524,0.04753762949258089,Neutral
833838311315763200,2017-02-21 00:38:40+00:00,2017-02-21,2017-02,Tuesday,0,iPhone,False,"Congratulations to our new National Security Advisor, General H.R. McMaster. Video: https://t.co/BKn9r225Kk https://t.co/VBXcJ1b6Pv",94069,16021,131,13,0.002198089612647891,0.04090870916843414,0.9568932056427002,0.9546951160300523,Positive
834142323881684993,2017-02-21 20:46:42+00:00,2017-02-21,2017-02,Tuesday,20,iPhone,False,'Americans overwhelmingly oppose sanctuary cities' https://t.co/s5QvsJWA6u,106937,23693,74,6,0.40264734625816345,0.5797542333602905,0.017598459497094154,-0.3850488867610693,Neutral
834181712783560705,2017-02-21 23:23:13+00:00,2017-02-21,2017-02,Tuesday,23,Android,False,"The so-called angry crowds in home districts of some Republicans are actually, in numerous cases, planned out by liberal activists. Sad!",118125,26055,136,21,0.8909354209899902,0.10086139291524887,0.008203143253922462,-0.8827322777360678,Negative
834377364947816448,2017-02-22 12:20:40+00:00,2017-02-22,2017-02,Wednesday,12,Android,False,"One thing I will say about Rep. Keith Ellison, in his fight to lead the DNC, is that he was the one who predicted early that I would win!",79330,12132,137,29,0.04115275293588638,0.34653007984161377,0.6123171448707581,0.5711643919348717,Positive
834384982495940613,2017-02-22 12:50:56+00:00,2017-02-22,2017-02,Wednesday,12,Android,False,Very much enjoyed my tour of the Smithsonian's National Museum of African American History and Culture...A great job done by amazing people!,116640,16220,140,22,0.0026257226709276438,0.008349635638296604,0.9890245795249939,0.9863988568540663,Positive
834899071982841856,2017-02-23 22:53:45+00:00,2017-02-23,2017-02,Thursday,22,iPhone,False,'S&amp;P 500 Edges Higher After Trump Renews Jobs Pledge' https://t.co/WtrRJVFmvU,56246,10563,81,10,0.007477586157619953,0.6440374255180359,0.34848499298095703,0.3410074068233371,Neutral
834916167177371648,2017-02-24 00:01:40+00:00,2017-02-24,2017-02,Friday,0,Android,False,Seven people shot and killed yesterday in Chicago. What is going on there - totally out of control. Chicago needs help!,108261,23171,119,21,0.9414082169532776,0.05194707214832306,0.006644746288657188,-0.9347634706646204,Negative
834917440450609152,2017-02-24 00:06:44+00:00,2017-02-24,2017-02,Friday,0,Android,False,Big interview tonight by Henry Kravis at The Business Council of Washington. Looking forward to it!,58140,8265,99,16,0.001212753588333726,0.038728635758161545,0.9600585699081421,0.9588458163198084,Positive
835104946034991106,2017-02-24 12:31:49+00:00,2017-02-24,2017-02,Friday,12,Android,False,"The FBI is totally unable to stop the national security ""leakers"" that have permeated our government for a long time. They can't even......",81076,18342,139,23,0.8955121636390686,0.09685960412025452,0.007628294639289379,-0.8878838689997792,Negative
835106143462703104,2017-02-24 12:36:34+00:00,2017-02-24,2017-02,Friday,12,Android,False,find the leakers within the FBI itself. Classified information is being given to media that could have a devastating effect on U.S. FIND NOW,100526,21720,140,24,0.7665213942527771,0.2235490083694458,0.009929594583809376,-0.7565917996689677,Negative
835124485632180224,2017-02-24 13:49:27+00:00,2017-02-24,2017-02,Friday,13,Android,False,Going to CPAC!,71701,8911,14,3,0.00402849679812789,0.355640709400177,0.6403307914733887,0.6363022946752608,Positive
835173525522624512,2017-02-24 17:04:19+00:00,2017-02-24,2017-02,Friday,17,iPhone,False,Trump vows to fight 'epidemic' of human trafficking https://t.co/oDLZ2NdrtA,91082,20245,75,9,0.25379353761672974,0.7007063627243042,0.045500073581933975,-0.20829346403479576,Neutral
835325771858251776,2017-02-25 03:09:18+00:00,2017-02-25,2017-02,Saturday,3,Android,False,FAKE NEWS media knowingly doesn't tell the truth. A great danger to our country. The failing @nytimes has become a joke. Likewise @CNN. Sad!,108710,26341,140,24,0.9430631399154663,0.05100102350115776,0.00593586778268218,-0.9371272721327841,Negative
835465719970217984,2017-02-25 12:25:24+00:00,2017-02-25,2017-02,Saturday,12,Android,False,Maybe the millions of people who voted to MAKE AMERICA GREAT AGAIN should have their own rally. It would be the biggest of them all!,158646,34603,132,25,0.013615880161523819,0.11113324016332626,0.8752509355545044,0.8616350553929806,Positive
835479283699224576,2017-02-25 13:19:18+00:00,2017-02-25,2017-02,Saturday,13,Android,False,The media has not reported that the National Debt in my first month went down by $12 billion vs a $200 billion increase in Obama first mo.,201400,62450,138,27,0.5585176944732666,0.41431742906570435,0.02716493420302868,-0.5313527602702379,Negative
835481237879926784,2017-02-25 13:27:04+00:00,2017-02-25,2017-02,Saturday,13,Android,False,"Great optimism for future of U.S. business, AND JOBS, with the DOW having an 11th straight record close. Big tax &amp; regulation cuts coming!",104027,19846,142,24,0.0028105105739086866,0.01427229680120945,0.9829171299934387,0.98010661941953,Positive
835553050530099200,2017-02-25 18:12:25+00:00,2017-02-25,2017-02,Saturday,18,iPhone,False,Weekly Address from @WhiteHouse: https://t.co/uaoQSHBOQB https://t.co/7eF6aC6kEC,45735,10068,80,6,0.0036146529018878937,0.8662212491035461,0.1301640272140503,0.1265493743121624,Neutral
835608648625836032,2017-02-25 21:53:21+00:00,2017-02-25,2017-02,Saturday,21,Android,False,I will not be attending the White House Correspondents' Association Dinner this year. Please wish everyone well and have a great evening!,123926,23860,137,22,0.017200540751218796,0.13519497215747833,0.847604513168335,0.8304039724171162,Positive
835610917568200705,2017-02-25 22:02:22+00:00,2017-02-25,2017-02,Saturday,22,Android,False,"Congratulations to Thomas Perez, who has just been named Chairman of the DNC. I could not be happier for him, or for the Republican Party!",130499,28744,138,25,0.0029518224764615297,0.007892623543739319,0.9891555905342102,0.9862037680577487,Positive
835814988686233601,2017-02-26 11:33:16+00:00,2017-02-26,2017-02,Sunday,11,Android,False,"The race for DNC Chairman was, of course, totally ""rigged."" Bernie's guy, like Bernie himself, never had a chance. Clinton demanded Perez!",87092,19073,138,22,0.779203474521637,0.20284239947795868,0.017954139038920403,-0.7612493354827166,Negative
835817351178301440,2017-02-26 11:42:39+00:00,2017-02-26,2017-02,Sunday,11,Android,False,For first time the failing @nytimes will take an ad (a bad one) to help save its failing reputation. Try reporting accurately &amp; fairly!,109318,21792,139,24,0.8909130096435547,0.10007987916469574,0.009007127024233341,-0.8819058826193213,Negative
835916511944523777,2017-02-26 18:16:41+00:00,2017-02-26,2017-02,Sunday,18,Android,False,"Russia talk is FAKE NEWS put out by the Dems, and played up by the media, in order to mask the big election defeat and the illegal leaks!",113140,24677,137,28,0.8477383255958557,0.13930119574069977,0.012960570864379406,-0.8347777547314763,Negative
835946001873657858,2017-02-26 20:13:52+00:00,2017-02-26,2017-02,Sunday,20,Android,False,"Big dinner with Governors tonight at White House. Much to be discussed, including healthcare.",105941,15716,93,14,0.005711033940315247,0.6583686470985413,0.3359203338623047,0.33020929992198944,Neutral
836261209540288513,2017-02-27 17:06:23+00:00,2017-02-27,2017-02,Monday,17,iPhone,False,Great meeting with CEOs of leading U.S. health insurance companies who provide great healthcare to the American peo… https://t.co/60jigi6ffS,89597,15400,140,19,0.0024567395448684692,0.024561898782849312,0.972981333732605,0.9705245941877365,Positive
836332166728527872,2017-02-27 21:48:21+00:00,2017-02-27,2017-02,Monday,21,iPhone,False,"GOP now viewed more favorably than Dems, in Trump era (per NBC/WSJ poll) via @HotlineJosh: https://t.co/Soebxtg2Zd",70544,14662,114,16,0.0063793049193918705,0.5584449172019958,0.43517571687698364,0.42879641195759177,Neutral
836406328369242113,2017-02-28 02:43:03+00:00,2017-02-28,2017-02,Tuesday,2,Android,False,I will be interviewed on @foxandfriends at 6:00 A.M. Enjoy!,82888,11039,59,10,0.0018174761207774282,0.106324203312397,0.8918583393096924,0.890040863188915,Positive
836750538943377408,2017-03-01 01:30:49+00:00,2017-03-01,2017-03,Wednesday,1,iPhone,False,Join me live at 9:00 P.M. #JointAddress https://t.co/J882zbyVkJ https://t.co/gTtK3vJmkU,54871,7388,87,9,0.00638206722214818,0.8710533380508423,0.12256460636854172,0.11618253914639354,Neutral
836753422271582208,2017-03-01 01:42:16+00:00,2017-03-01,2017-03,Wednesday,1,iPhone,False,#JointSession #MAGA🇺🇸 https://t.co/RDO6Jt2pip,63709,10160,45,3,0.011842926032841206,0.3585628867149353,0.6295942664146423,0.6177513403818011,Positive
836933725602656256,2017-03-01 13:38:44+00:00,2017-03-01,2017-03,Wednesday,13,Android,False,THANK YOU!,183969,27371,10,2,0.010434863157570362,0.041105326265096664,0.948459804058075,0.9380249409005046,Positive
837256338203881472,2017-03-02 11:00:41+00:00,2017-03-02,2017-03,Thursday,11,Android,False,"Since November 8th, Election Day, the Stock Market has posted $3.2 trillion in GAINS and consumer confidence is at a 15 year high. Jobs!",175684,37270,136,24,0.006688450463116169,0.11977594345808029,0.8735356330871582,0.866847182624042,Positive
837488402438176769,2017-03-03 02:22:49+00:00,2017-03-03,2017-03,Friday,2,Android,False,"Jeff Sessions is an honest man. He did not say anything wrong. He could have stated his response more accurately, but it was clearly not....",102261,19804,140,25,0.5064627528190613,0.4080210030078888,0.08551625907421112,-0.42094649374485016,Negative
837489578193846278,2017-03-03 02:27:29+00:00,2017-03-03,2017-03,Friday,2,Android,False,...intentional. This whole narrative is a way of saving face for Democrats losing an election that everyone thought they were supposed.....,90273,17470,139,21,0.7768717408180237,0.21109622716903687,0.012032068334519863,-0.7648396724835038,Negative
837491607171629057,2017-03-03 02:35:33+00:00,2017-03-03,2017-03,Friday,2,Android,False,"...to win. The Democrats are overplaying their hand. They lost the election, and now they have lost their grip on reality. The real story...",109820,23200,140,24,0.851478099822998,0.1397179514169693,0.008803939446806908,-0.8426741603761911,Negative
837492425283219458,2017-03-03 02:38:48+00:00,2017-03-03,2017-03,Friday,2,Android,False,"...is all of the illegal leaks of classified and other information. It is a total ""witch hunt!""",93134,18089,95,17,0.8407251834869385,0.14593060314655304,0.013344203121960163,-0.8273809803649783,Negative
837633820417482754,2017-03-03 12:00:39+00:00,2017-03-03,2017-03,Friday,12,Android,False,"Nick Adams new book, Green Card Warrior, is a must read. The merit-based system is the way to go. Canada, Australia! @foxandfriends",66624,13812,131,22,0.0037213286850601435,0.04446490481495857,0.9518137574195862,0.948092428734526,Positive
837638488656920576,2017-03-03 12:19:12+00:00,2017-03-03,2017-03,Friday,12,Android,False,It is so pathetic that the Dems have still not approved my full Cabinet.,136744,27814,72,14,0.9518133401870728,0.04237298667430878,0.005813675466924906,-0.9459996647201478,Negative
837704599704375296,2017-03-03 16:41:55+00:00,2017-03-03,2017-03,Friday,16,iPhone,False,Weekly Address Join me here: https://t.co/SEavQK5zy5 https://t.co/EnyXYeqgcp,53969,10173,76,7,0.005200021900236607,0.870471179485321,0.12432882934808731,0.1191288074478507,Neutral
837722869106880517,2017-03-03 17:54:30+00:00,2017-03-03,2017-03,Friday,17,iPhone,False,We should start an immediate investigation into @SenSchumer and his ties to Russia and Putin. A total hypocrite! https://t.co/Ik3yqjHzsA,150081,54593,136,19,0.8972352147102356,0.09231355786323547,0.010451237671077251,-0.8867839770391583,Negative
837766402937393155,2017-03-03 20:47:30+00:00,2017-03-03,2017-03,Friday,20,iPhone,False,"I hear by demand a second investigation, after Schumer, of Pelosi for her close ties to Russia, and lying about it. https://t.co/qCDljfF3wN",93,41,139,22,0.40307509899139404,0.5709659457206726,0.02595897950232029,-0.37711611948907375,Neutral
837766616603586560,2017-03-03 20:48:21+00:00,2017-03-03,2017-03,Friday,20,iPhone,False,We must fix our education system for our kids to Make America Great Again. Wonderful day at Saint Andrew in Orlando. https://t.co/OTJaHcvLzf,83126,16510,140,22,0.00768341775983572,0.04546007513999939,0.9468564987182617,0.939173080958426,Positive
837767004236955649,2017-03-03 20:49:53+00:00,2017-03-03,2017-03,Friday,20,iPhone,False,"I hearby demand a second investigation, after Schumer, of Pelosi for her close ties to Russia, and lying about it. https://t.co/qCDljfF3wN",4,11,138,21,0.37718674540519714,0.5925986766815186,0.030214590951800346,-0.3469721544533968,Neutral
837770149767827456,2017-03-03 21:02:23+00:00,2017-03-03,2017-03,Friday,21,iPhone,False,"I hereby demand a second investigation, after Schumer, of Pelosi for her close ties to Russia, and lying about it. https://t.co/qCDljfF3wN",121937,39957,138,21,0.5207286477088928,0.44603559374809265,0.033235762268304825,-0.487492885440588,Negative
837787963027144706,2017-03-03 22:13:10+00:00,2017-03-03,2017-03,Friday,22,iPhone,False,MAKE AMERICA GREAT AGAIN! https://t.co/kuQiZDz4rA,122851,36635,49,5,0.004113768693059683,0.03918832540512085,0.956697940826416,0.9525841721333563,Positive
837987684660412416,2017-03-04 11:26:47+00:00,2017-03-04,2017-03,Saturday,11,Android,False,The first meeting Jeff Sessions had with the Russian Amb was set up by the Obama Administration under education program for 100 Ambs......,88057,24412,138,23,0.13103030622005463,0.8494966626167297,0.019473053514957428,-0.1115572527050972,Neutral
837989835818287106,2017-03-04 11:35:20+00:00,2017-03-04,2017-03,Saturday,11,Android,False,"Terrible! Just found out that Obama had my ""wires tapped"" in Trump Tower just before the victory. Nothing found. This is McCarthyism!",143525,50573,133,22,0.9089066982269287,0.08391135185956955,0.00718193594366312,-0.9017247622832656,Negative
837991759045079040,2017-03-04 11:42:59+00:00,2017-03-04,2017-03,Saturday,11,Android,False,"Just out: The same Russian Ambassador that met Jeff Sessions visited the Obama White House 22 times, and 4 times last year alone.",121080,37452,129,23,0.11882860958576202,0.8606014251708984,0.02056993544101715,-0.09825867414474487,Neutral
837993273679560704,2017-03-04 11:49:00+00:00,2017-03-04,2017-03,Saturday,11,Android,False,"Is it legal for a sitting President to be ""wire tapping"" a race for president prior to an election? Turned down by court earlier. A NEW LOW!",123508,36359,140,27,0.768743634223938,0.22073578834533691,0.010520649142563343,-0.7582229850813746,Negative
837994257566863360,2017-03-04 11:52:54+00:00,2017-03-04,2017-03,Saturday,11,Android,False,"I'd bet a good lawyer could make a great case out of the fact that President Obama was tapping my phones in October, just prior to Election!",131657,37162,140,27,0.5345651507377625,0.3928108215332031,0.07262402027845383,-0.4619411304593086,Negative
837996746236182529,2017-03-04 12:02:48+00:00,2017-03-04,2017-03,Saturday,12,Android,False,How low has President Obama gone to tapp my phones during the very sacred election process. This is Nixon/Watergate. Bad (or sick) guy!,162336,52836,135,23,0.9144967198371887,0.07823865115642548,0.007264601066708565,-0.9072321187704802,Negative
838016045222854656,2017-03-04 13:19:29+00:00,2017-03-04,2017-03,Saturday,13,Android,False,"Arnold Schwarzenegger isn't voluntarily leaving the Apprentice, he was fired by his bad (pathetic) ratings, not by me. Sad end to great show",106606,23117,140,23,0.8537273406982422,0.13351081311702728,0.012761819176375866,-0.8409655215218663,Negative
838351476401520640,2017-03-05 11:32:22+00:00,2017-03-05,2017-03,Sunday,11,Android,False,Is it true the DNC would not allow the FBI access to check server or other equipment after learning it was hacked? Can that be possible?,96318,24515,136,26,0.4736361801624298,0.5136095881462097,0.012754177674651146,-0.46088200248777866,Neutral
838353481526312961,2017-03-05 11:40:20+00:00,2017-03-05,2017-03,Sunday,11,Android,False,"Who was it that secretly said to Russian President, ""Tell Vladimir that after the election I'll have more flexibility?"" @foxandfriends",126453,37134,134,20,0.20828194916248322,0.7611470222473145,0.030571075156331062,-0.17771087400615215,Neutral
838441522546769923,2017-03-05 17:30:11+00:00,2017-03-05,2017-03,Sunday,17,iPhone,False,Thank you for the great rallies all across the country. Tremendous support. Make America Great Again!,172217,30764,101,16,0.0035383463837206364,0.010138141922652721,0.9863234758377075,0.9827851294539869,Positive
838861512999649286,2017-03-06 21:19:04+00:00,2017-03-06,2017-03,Monday,21,iPhone,False,'President Trump Congratulates Exxon Mobil for Job-Creating Investment Program' https://t.co/adBzWhtq8S,70675,12846,103,10,0.005718581844121218,0.19770817458629608,0.796573281288147,0.7908546994440258,Positive
838862131852369922,2017-03-06 21:21:32+00:00,2017-03-06,2017-03,Monday,21,iPhone,False,"Buy American &amp; hire American are the principals at the core of my agenda, which is: JOBS, JOBS, JOBS! Thank you @exxonmobil.",65634,13723,128,22,0.0034935337025672197,0.026683593168854713,0.969822883605957,0.9663293499033898,Positive
838862312685637640,2017-03-06 21:22:15+00:00,2017-03-06,2017-03,Monday,21,iPhone,False,"45,000 construction &amp; manufacturing jobs in the U.S. Gulf Coast region. $20 billion investment. We are already winning again, America!",116785,24663,138,20,0.002834556857123971,0.03524650260806084,0.9619188904762268,0.9590843336191028,Positive
838899465390018560,2017-03-06 23:49:53+00:00,2017-03-06,2017-03,Monday,23,iPhone,False,There is an incredible spirit of optimism sweeping the country right now—we're bringing back the JOBS! https://t.co/BNSLvKiEVj,108591,25176,126,17,0.0021325794514268637,0.010150964371860027,0.9877164959907532,0.9855839165393263,Positive
838959869772328960,2017-03-07 03:49:54+00:00,2017-03-07,2017-03,Tuesday,3,iPhone,False,"Buy American &amp; hire American are the principles at the core of my agenda, which is: JOBS, JOBS, JOBS! Thank you @exxonmobil.",87209,16192,128,22,0.0037596679758280516,0.033644575625658035,0.9625957608222961,0.9588360928464681,Positive
838960097674002432,2017-03-07 03:50:49+00:00,2017-03-07,2017-03,Tuesday,3,iPhone,False,"Thank you to @exxonmobil for your $20 billion investment that is creating more than 45,000 manufacturing &amp; construction jobs in the USA!",99441,19379,140,22,0.0022209077142179012,0.01518374402076006,0.9825953245162964,0.9803744168020785,Positive
839084268991229952,2017-03-07 12:04:13+00:00,2017-03-07,2017-03,Tuesday,12,Android,False,"122 vicious prisoners, released by the Obama Administration from Gitmo, have returned to the battlefield. Just another terrible decision!",92823,22911,137,19,0.9502355456352234,0.04589153826236725,0.0038728993386030197,-0.9463626462966204,Negative
839086723552411648,2017-03-07 12:13:59+00:00,2017-03-07,2017-03,Tuesday,12,Android,False,Our wonderful new Healthcare Bill is now out for review and negotiation. ObamaCare is a complete and total disaster - is imploding fast!,81473,15068,136,23,0.9238258004188538,0.06414114683866501,0.012033123522996902,-0.9117926768958569,Negative
839101660886614016,2017-03-07 13:13:20+00:00,2017-03-07,2017-03,Tuesday,13,Android,False,"For eight years Russia ""ran over"" President Obama, got stronger and stronger, picked-off Crimea and added missiles. Weak! @foxandfriends",78880,17573,136,19,0.8354247212409973,0.15281477570533752,0.011760546825826168,-0.8236641744151711,Negative
839108868584124417,2017-03-07 13:41:58+00:00,2017-03-07,2017-03,Tuesday,13,Android,False,"Don't worry, getting rid of state lines, which will promote competition, will be in phase 2 &amp; 3 of healthcare rollout. @foxandfriends",82197,16405,137,22,0.01633739285171032,0.5261905193328857,0.4574720859527588,0.44113469310104847,Neutral
839110000870109184,2017-03-07 13:46:28+00:00,2017-03-07,2017-03,Tuesday,13,Android,False,I am working on a new system where there will be competition in the Drug Industry. Pricing for the American people will come way down!,124413,23777,134,25,0.11680588126182556,0.5358144044876099,0.3473796844482422,0.23057380318641663,Neutral
839116941956640768,2017-03-07 14:14:03+00:00,2017-03-07,2017-03,Tuesday,14,Android,False,"Don't let the FAKE NEWS tell you that there is big infighting in the Trump Admin. We are getting along great, and getting major things done!",121937,25982,140,26,0.11753424257040024,0.24408058822155,0.6383851170539856,0.5208508744835854,Positive
839268048313929729,2017-03-08 00:14:30+00:00,2017-03-08,2017-03,Wednesday,0,iPhone,False,I feel sure that my friend @RandPaul will come along with the new and great health care program because he knows Obamacare is a disaster!,81422,15496,137,25,0.17897404730319977,0.2735716998577118,0.547454297542572,0.36848025023937225,Positive
839433678275153921,2017-03-08 11:12:39+00:00,2017-03-08,2017-03,Wednesday,11,iPhone,False,I have tremendous respect for women and the many roles they serve that are vital to the fabric of our society and our economy.,120999,23139,126,24,0.006652400363236666,0.04239146411418915,0.9509561061859131,0.9443037058226764,Positive
839433951957696513,2017-03-08 11:13:44+00:00,2017-03-08,2017-03,Wednesday,11,iPhone,False,"On International Women's Day, join me in honoring the critical role of women here in America &amp; around the world.",115070,21689,116,20,0.0023174528032541275,0.059946004301309586,0.9377365112304688,0.9354190584272146,Positive
839448469374894080,2017-03-08 12:11:25+00:00,2017-03-08,2017-03,Wednesday,12,Android,False,LinkedIn Workforce Report: January and February were the strongest consecutive months for hiring since August and September 2015,84906,15769,128,18,0.0027899055276066065,0.0712222084403038,0.925987958908081,0.9231980533804744,Positive
839624377826230272,2017-03-08 23:50:25+00:00,2017-03-08,2017-03,Wednesday,23,iPhone,False,Met with @RepCummings today at the @WhiteHouse. Great discussion!,54222,7824,65,9,0.0017173776868730783,0.01980004645884037,0.9784825444221497,0.9767651667352766,Positive
839625347524096000,2017-03-08 23:54:16+00:00,2017-03-08,2017-03,Wednesday,23,iPhone,False,"Great news. We are only just beginning. Together, we are going to #MAGA! https://t.co/BSp685Q9Qf https://t.co/K7yeBZsf6r",89867,21965,120,15,0.00217636302113533,0.009067612700164318,0.988756000995636,0.9865796379745007,Positive
839883804315684864,2017-03-09 17:01:17+00:00,2017-03-09,2017-03,Thursday,17,iPhone,False,"Despite what you hear in the press, healthcare is coming along great. We are talking to many groups and it will end in a beautiful picture!",111369,21021,139,26,0.006226994562894106,0.028201330453157425,0.9655717015266418,0.9593447069637477,Positive
839968149890076672,2017-03-09 22:36:27+00:00,2017-03-09,2017-03,Thursday,22,iPhone,False,'U.S. Consumer Comfort Just Reached Its Highest Level in a Decade' ➡️https://t.co/S8nZgmeMMV https://t.co/xC0piRa6eP,67344,16144,116,13,0.0024848037865012884,0.1559222787618637,0.8415929675102234,0.8391081637237221,Positive
839976956703748096,2017-03-09 23:11:27+00:00,2017-03-09,2017-03,Thursday,23,iPhone,False,Honored to meet this years @SenateYouth delegates w/ @VP Pence in the East Room of the @WhiteHouse. Congratulations… https://t.co/oQIx7LybCV,56480,10506,140,19,0.0015982160111889243,0.01881806179881096,0.9795836806297302,0.9779854646185413,Positive
840225958854561792,2017-03-10 15:40:53+00:00,2017-03-10,2017-03,Friday,15,iPhone,False,Weekly Address - 11:00 A.M. at the @WhiteHouse! #MAGA🇺🇸 ➡️https://t.co/YSaPJnSX2i https://t.co/Gb8iTGzb6j,42988,8650,105,11,0.00233408622443676,0.2468188852071762,0.7508470416069031,0.7485129553824663,Positive
840572799202783233,2017-03-11 14:39:07+00:00,2017-03-11,2017-03,Saturday,14,iPhone,False,We are making great progress with healthcare. ObamaCare is imploding and will only get worse. Republicans coming together to get job done!,103623,16563,138,22,0.045171480625867844,0.14429746568202972,0.8105310201644897,0.7653595395386219,Positive
841270741060464648,2017-03-13 12:52:29+00:00,2017-03-13,2017-03,Monday,12,iPhone,False,"It is amazing how rude much of the media is to my very hard working representatives. Be nice, you will do much better!",100557,19556,118,23,0.8856346011161804,0.09426765143871307,0.0200977623462677,-0.8655368387699127,Negative
841275470796738560,2017-03-13 13:11:17+00:00,2017-03-13,2017-03,Monday,13,iPhone,True,"ObamaCare is imploding. It is a disaster and 2017 will be the worst year yet, by far! Republicans will come together and save the day.",58300,10454,134,25,0.9495493769645691,0.0424371212720871,0.008013549260795116,-0.941535827703774,Negative
841338126316511233,2017-03-13 17:20:15+00:00,2017-03-13,2017-03,Monday,17,iPhone,False,Healthcare listening session w/ @VP &amp; @SecPriceMD. Watch: https://t.co/5ayQ4dr8Ip #ReadTheBill:… https://t.co/1cQI0ZBUv8,39015,6846,124,11,0.004170473664999008,0.9009172320365906,0.09491226822137833,0.09074179455637932,Neutral
841392683625172992,2017-03-13 20:57:02+00:00,2017-03-13,2017-03,Monday,20,iPhone,False,Proud to welcome our great Cabinet this afternoon for our first meeting. Unfortunately 4 seats were empty because S… https://t.co/bMYph832hF,71930,15791,140,20,0.005716321524232626,0.027286633849143982,0.966996967792511,0.9612806462682784,Positive
841422186573369345,2017-03-13 22:54:16+00:00,2017-03-13,2017-03,Monday,22,iPhone,False,"Meeting w/ Washington, D.C. @MayorBowser and Metro GM Paul Wiedefeld about incoming winter storm preparations here… https://t.co/mg0A4Hq3bD",48515,8053,139,17,0.006774865556508303,0.9613377451896667,0.031887467950582504,0.0251126023940742,Neutral
841665325682827265,2017-03-14 15:00:25+00:00,2017-03-14,2017-03,Tuesday,15,iPhone,False,"JOBS, JOBS, JOBS! https://t.co/wAkQMKdPXA",99054,24676,41,4,0.0076231202110648155,0.21627473831176758,0.7761021256446838,0.768479005433619,Positive
841683431398469632,2017-03-14 16:12:22+00:00,2017-03-14,2017-03,Tuesday,16,iPhone,False,Great optimism in America – and the results will be even better! https://t.co/SYBl47CsZn,62952,12406,88,13,0.0024186933878809214,0.009038656949996948,0.9885426759719849,0.9861239825841039,Positive
841966077005463553,2017-03-15 10:55:30+00:00,2017-03-15,2017-03,Wednesday,10,iPhone,False,"Does anybody really believe that a reporter, who nobody ever heard of, ""went to his mailbox"" and found my tax returns? @NBCNews FAKE NEWS!",102694,25824,138,24,0.8370084762573242,0.15008904039859772,0.012902435846626759,-0.8241060404106975,Negative
841967881516679168,2017-03-15 11:02:40+00:00,2017-03-15,2017-03,Wednesday,11,iPhone,False,"Can you imagine what the outcry would be if @SnoopDogg, failing career and all, had aimed and fired the gun at President Obama? Jail time!",127012,40630,138,25,0.873460054397583,0.11382203549146652,0.012717921286821365,-0.8607421331107616,Negative
841970726341074945,2017-03-15 11:13:58+00:00,2017-03-15,2017-03,Wednesday,11,iPhone,False,"Will be going to Detroit, Michigan (love), today for a big meeting on bringing back car production to State &amp; U.S. Already happening!",89398,14913,137,23,0.00196552905254066,0.12375088036060333,0.8742836117744446,0.8723180827219039,Positive
841974528683192320,2017-03-15 11:29:05+00:00,2017-03-15,2017-03,Wednesday,11,iPhone,False,"Looking forward to a big rally in Nashville, Tennessee, tonight. Big crowd of great people expected. Will be fun!",84918,14352,113,19,0.0018981763860210776,0.008612671867012978,0.9894891381263733,0.9875909617403522,Positive
841985915778142209,2017-03-15 12:14:20+00:00,2017-03-15,2017-03,Wednesday,12,iPhone,False,CEO's most optimistic since 2009. It will only get better as we continue to slash unnecessary regulations and when we begin our big tax cut!,80595,14336,140,25,0.00521737290546298,0.029093382880091667,0.9656891822814941,0.9604718093760312,Positive
842117164144431104,2017-03-15 20:55:52+00:00,2017-03-15,2017-03,Wednesday,20,iPhone,False,I will be interviewed by @TuckerCarlson tonight at 9:00 P.M. on @FoxNews. Enjoy!,59957,9500,80,13,0.0015306302811950445,0.12557603418827057,0.8728933334350586,0.8713627031538635,Positive
842154802058543105,2017-03-15 23:25:25+00:00,2017-03-15,2017-03,Wednesday,23,iPhone,False,Thank you Andrew Jackson! #POTUS7 #USA🇺🇸 https://t.co/GToWsWXiNv,66816,13334,64,7,0.0031748604960739613,0.03010059893131256,0.9667245149612427,0.9635496544651687,Positive
842164356297175040,2017-03-16 00:03:23+00:00,2017-03-16,2017-03,Thursday,0,iPhone,False,"In Nashville, Tennessee! Lets MAKE AMERICA GREAT AGAIN! https://t.co/m5UR4vv6UH",86434,16683,79,9,0.0017168070189654827,0.032652758061885834,0.9656304121017456,0.9639136050827801,Positive
842229104434913280,2017-03-16 04:20:41+00:00,2017-03-16,2017-03,Thursday,4,iPhone,False,"Thank you Nashville, Tennessee! https://t.co/6snvQ0DzXN",80319,15166,55,5,0.0021194969303905964,0.015295076183974743,0.9825854301452637,0.9804659332148731,Positive
842403173742579714,2017-03-16 15:52:22+00:00,2017-03-16,2017-03,Thursday,15,iPhone,False,A budget that puts #AmericaFirst must make safety its no. 1 priority—without safety there can be no prosperity: https://t.co/9lxx1iQo7m,68627,14546,135,19,0.01807078719139099,0.28122764825820923,0.7007015943527222,0.6826308071613312,Positive
842467917639913472,2017-03-16 20:09:38+00:00,2017-03-16,2017-03,Thursday,20,iPhone,False,"An honor to welcome the Taoiseach of Ireland, @EndaKennyTD to the @WhiteHouse today with @VP Pence. 🇺🇸🇮🇪 https://t.co/J3iTl2iSiQ",53018,10786,128,18,0.001588877639733255,0.019870677962899208,0.9785404205322266,0.9769515428924933,Positive
842494190990901248,2017-03-16 21:54:02+00:00,2017-03-16,2017-03,Thursday,21,iPhone,False,Great progress on healthcare. Improvements being made - Republicans coming together!,70239,11256,84,11,0.0026404240634292364,0.015223026275634766,0.9821365475654602,0.979496123502031,Positive
842506649122279425,2017-03-16 22:43:32+00:00,2017-03-16,2017-03,Thursday,22,iPhone,False,My representatives had a great meeting w/ the Hispanic Chamber of Commerce at the WH today. Look forward to tremendous growth &amp; future mtgs!,64627,10595,144,24,0.0020453163888305426,0.009729156270623207,0.9882255792617798,0.9861802628729492,Positive
842710123852320770,2017-03-17 12:12:04+00:00,2017-03-17,2017-03,Friday,12,iPhone,False,Happy Lá Fheile Phadraig to all of my great Irish friends!,68486,12118,58,11,0.002799750305712223,0.013194503262639046,0.9840058088302612,0.981206058524549,Positive
842724011234791424,2017-03-17 13:07:15+00:00,2017-03-17,2017-03,Friday,13,iPhone,False,"North Korea is behaving very badly. They have been ""playing"" the United States for years. China has done little to help!",89407,20995,120,21,0.9410843849182129,0.05427973344922066,0.004635862540453672,-0.9364485223777592,Negative
842739155230740481,2017-03-17 14:07:26+00:00,2017-03-17,2017-03,Friday,14,iPhone,False,"""The President Changed. So Has Small Businesses' Confidence"" https://t.co/daTGjPmYeJ",51602,11473,84,9,0.04943837970495224,0.8177931904792786,0.1327684074640274,0.08333002775907516,Neutral
842762240184999936,2017-03-17 15:39:10+00:00,2017-03-17,2017-03,Friday,15,iPhone,False,Great meeting with the @RepublicanStudy Committee this morning at the @WhiteHouse! https://t.co/8Y2UoHoYaY,46668,8244,106,12,0.0024001903366297483,0.009895400144159794,0.9877043962478638,0.985304205911234,Positive
843088518339612673,2017-03-18 13:15:41+00:00,2017-03-18,2017-03,Saturday,13,iPhone,False,"Despite what you have heard from the FAKE NEWS, I had a GREAT meeting with German Chancellor Angela Merkel. Nevertheless, Germany owes.....",95449,21088,139,22,0.07054388523101807,0.19615598022937775,0.7333001494407654,0.6627562642097473,Positive
843090516283723776,2017-03-18 13:23:37+00:00,2017-03-18,2017-03,Saturday,13,iPhone,False,"...vast sums of money to NATO &amp; the United States must be paid more for the powerful, and very expensive, defense it provides to Germany!",86753,19439,141,25,0.49980974197387695,0.4438037574291229,0.05638648569583893,-0.443423256278038,Negative
843557782666317826,2017-03-19 20:20:22+00:00,2017-03-19,2017-03,Sunday,20,iPhone,False,#ICYMI: Weekly Address ➡️https://t.co/ckVx2zgA1x https://t.co/dTGZLvlsGv,36626,7472,72,5,0.01591418869793415,0.9484716057777405,0.03561416640877724,0.019699977710843086,Neutral
843772976151642112,2017-03-20 10:35:28+00:00,2017-03-20,2017-03,Monday,10,iPhone,False,James Clapper and others stated that there is no evidence Potus colluded with Russia. This story is FAKE NEWS and everyone knows it!,71349,17306,132,23,0.8442610502243042,0.1436195969581604,0.012119348160922527,-0.8321417020633817,Negative
843776582825267201,2017-03-20 10:49:48+00:00,2017-03-20,2017-03,Monday,10,iPhone,False,The Democrats made up and pushed the Russian story as an excuse for running a terrible campaign. Big advantage in Electoral College &amp; lost!,88161,20285,143,24,0.9245888590812683,0.06754764914512634,0.007863521575927734,-0.9167253375053406,Negative
843779892776964097,2017-03-20 11:02:57+00:00,2017-03-20,2017-03,Monday,11,iPhone,True,"The real story that Congress, the FBI and all others should be looking into is the leaking of Classified information. Must find leaker now!",64829,16524,139,24,0.5731252431869507,0.39427271485328674,0.03260210528969765,-0.540523137897253,Negative
843803115044454402,2017-03-20 12:35:14+00:00,2017-03-20,2017-03,Monday,12,iPhone,False,Just heard Fake News CNN is doing polls again despite the fact that their election polls were a WAY OFF disaster. Much higher ratings at Fox,90586,18554,140,26,0.821085512638092,0.16066473722457886,0.01824972778558731,-0.8028357848525047,Negative
843813078076719107,2017-03-20 13:14:49+00:00,2017-03-20,2017-03,Monday,13,iPhone,False,"What about all of the contact with the Clinton campaign and the Russians? Also, is it true that the DNC would not let the FBI in to look?",82212,21762,137,28,0.44893398880958557,0.5381578207015991,0.012908182106912136,-0.43602580670267344,Neutral
843873596963459072,2017-03-20 17:15:18+00:00,2017-03-20,2017-03,Monday,17,iPhone,False,Congratulations Eric &amp; Lara. Very proud and happy for the two of you! https://t.co/s0T3cTQc40,101328,13712,97,14,0.0028082854114472866,0.007839600555598736,0.9893521666526794,0.9865438812412322,Positive
843961248811225089,2017-03-20 23:03:36+00:00,2017-03-20,2017-03,Monday,23,iPhone,False,"Thank you Louisville, Kentucky- on my way! #MAGA🇺🇸 https://t.co/3QsBsib6kt",61295,11182,74,9,0.0020847292616963387,0.01954997144639492,0.9783653020858765,0.9762805728241801,Positive
844010257454153729,2017-03-21 02:18:20+00:00,2017-03-21,2017-03,Tuesday,2,iPhone,False,"Thank you Louisville, Kentucky. Together, we will MAKE AMERICA SAFE AND GREAT AGAIN! https://t.co/qGgWEWUvek",76178,14694,108,14,0.002509967191144824,0.01749996654689312,0.9799900650978088,0.977480097906664,Positive
844232766711648256,2017-03-21 17:02:31+00:00,2017-03-21,2017-03,Tuesday,17,iPhone,False,Joined the @HouseGOP Conference this morning at the U.S. Capitol. https://t.co/03e4YBIWr0 #PassTheBill #MAGA🇺🇸… https://t.co/3swdFWGQtP,36015,6104,135,14,0.0038461489602923393,0.4686363637447357,0.5275174975395203,0.5236713485792279,Positive
844240534562594817,2017-03-21 17:33:23+00:00,2017-03-21,2017-03,Tuesday,17,iPhone,False,"Honored to sign S.442 today. With this legislation, we support @NASA's scientists, engineers, and astronauts in the… https://t.co/Z5VwluvJQx",66831,14933,140,18,0.002396866912022233,0.03178177401423454,0.965821385383606,0.9634245184715837,Positive
844250273740738562,2017-03-21 18:12:05+00:00,2017-03-21,2017-03,Tuesday,18,iPhone,False,"Today on #NationalAgDay, we honor our great American farmers &amp; ranchers. Their hard work &amp; dedication are ingrained… https://t.co/IpGRhly2zj",67189,14861,148,19,0.0033348025754094124,0.026193832978606224,0.9704713821411133,0.9671365795657039,Positive
844536536930619393,2017-03-22 13:09:35+00:00,2017-03-22,2017-03,Wednesday,13,iPhone,False,Big day for healthcare. Working hard!,89890,13100,37,6,0.0027485296595841646,0.025606699287891388,0.9716448187828064,0.9688962891232222,Positive
844723847094026242,2017-03-23 01:33:54+00:00,2017-03-23,2017-03,Thursday,1,iPhone,False,Spoke to U.K. Prime Minister Theresa May today to offer condolences on the terrorist attack in London. She is strong and doing very well.,117705,19750,137,24,0.036434732377529144,0.3542111814022064,0.6093540787696838,0.5729193463921547,Positive
844886082663698436,2017-03-23 12:18:33+00:00,2017-03-23,2017-03,Thursday,12,iPhone,False,Just watched the totally biased and fake news reports of the so-called Russia story on NBC and ABC. Such dishonesty!,94648,21324,116,20,0.8991328477859497,0.09207839518785477,0.00878873374313116,-0.8903441140428185,Negative
844930836663357440,2017-03-23 15:16:24+00:00,2017-03-23,2017-03,Thursday,15,iPhone,False,"A great American, Kurt Cochran, was killed in the London terror attack. My prayers and condolences are with his family and friends.",117021,23258,131,22,0.829013466835022,0.14190687239170074,0.029079636558890343,-0.7999338302761316,Negative
844943801848414209,2017-03-23 16:07:55+00:00,2017-03-23,2017-03,Thursday,16,iPhone,False,We are taking action to #RepealANDReplace #Obamacare! Contact your Rep &amp; tell them you support #AHCA. #PassTheBill… https://t.co/5lsrDJXfzb,41226,9250,143,18,0.011438922956585884,0.5860357284545898,0.40252527594566345,0.39108635298907757,Neutral
845037368386207746,2017-03-23 22:19:43+00:00,2017-03-23,2017-03,Thursday,22,iPhone,False,It was an honor to welcome so many truckers and trucking industry leaders to the @WhiteHouse today! https://t.co/M1veooVBNE,77882,16516,123,18,0.0018854326335713267,0.009874486364424229,0.988240122795105,0.9863546901615337,Positive
845247455868391425,2017-03-24 12:14:32+00:00,2017-03-24,2017-03,Friday,12,iPhone,False,"After seven horrible years of ObamaCare (skyrocketing premiums &amp; deductibles, bad healthcare), this is finally your chance for a great plan!",68241,12566,144,21,0.3317420184612274,0.2485118806362152,0.4197460412979126,0.08800402283668518,Positive
845249587178819584,2017-03-24 12:23:00+00:00,2017-03-24,2017-03,Friday,12,iPhone,False,"The irony is that the Freedom Caucus, which is very pro-life and against Planned Parenthood, allows P.P. to continue if they stop this plan!",61991,13364,140,24,0.8317357301712036,0.1541288197040558,0.01413542777299881,-0.8176003023982048,Negative
845320243614547968,2017-03-24 17:03:46+00:00,2017-03-24,2017-03,Friday,17,iPhone,False,"Today, I was pleased to announce the official approval of the presidential permit for the #KeystonePipeline. A grea… https://t.co/GWNo2XAueg",66692,12933,140,19,0.0016326530603691936,0.03217480331659317,0.9661924839019775,0.9645598308416083,Positive
845334323045765121,2017-03-24 17:59:42+00:00,2017-03-24,2017-03,Friday,17,iPhone,False,"Today, I was thrilled to announce a commitment of $25 BILLION &amp; 20K AMERICAN JOBS over the next 4 years. THANK YOU… https://t.co/nWJ1hNmzoR",89339,20212,143,23,0.0021311265882104635,0.00993247888982296,0.9879363179206848,0.9858051913324744,Positive
845628655493677056,2017-03-25 13:29:17+00:00,2017-03-25,2017-03,Saturday,13,iPhone,False,Happy #MedalOfHonorDay to our heroes! ➡️https://t.co/juAB1RmMh0 https://t.co/Sw5ea1OwUf,68302,14139,87,7,0.001980534056201577,0.00832636933773756,0.9896931052207947,0.9877125711645931,Positive
845645916732358656,2017-03-25 14:37:52+00:00,2017-03-25,2017-03,Saturday,14,Android,False,ObamaCare will explode and we will all get together and piece together a great healthcare plan for THE PEOPLE. Do not worry!,104321,22518,124,22,0.23528428375720978,0.38576415181159973,0.3789515793323517,0.1436672955751419,Neutral
845646761704243200,2017-03-25 14:41:14+00:00,2017-03-25,2017-03,Saturday,14,Android,False,Watch @JudgeJeanine on @FoxNews tonight at 9:00 P.M.,51247,10116,52,8,0.003528106724843383,0.9318081140518188,0.064663827419281,0.06113572069443762,Neutral
845766504608120833,2017-03-25 22:37:02+00:00,2017-03-25,2017-03,Saturday,22,iPhone,False,Thanks you for all of the Trump Rallies today. Amazing support. We will all MAKE AMERICA GREAT AGAIN!,117494,21430,101,18,0.0035229125060141087,0.010893878526985645,0.9855831861495972,0.9820602736435831,Positive
845974102619906048,2017-03-26 12:21:58+00:00,2017-03-26,2017-03,Sunday,12,iPhone,False,"Democrats are smiling in D.C. that the Freedom Caucus, with the help of Club For Growth and Heritage, have saved Planned Parenthood &amp; Ocare!",64422,15590,144,24,0.005883649457246065,0.079365573823452,0.9147508144378662,0.9088671649806201,Positive
846166053663191040,2017-03-27 01:04:42+00:00,2017-03-27,2017-03,Monday,1,iPhone,False,General Kelly is doing a great job at the border. Numbers are way down. Many are not even trying to come in anymore.,108475,21319,116,23,0.14190146327018738,0.35455018281936646,0.5035483837127686,0.3616469204425812,Positive
846533818811080704,2017-03-28 01:26:04+00:00,2017-03-28,2017-03,Tuesday,1,iPhone,False,"Why isn't the House Intelligence Committee looking into the Bill &amp; Hillary deal that allowed big Uranium to go to Russia, Russian speech....",89095,26423,144,23,0.5514178276062012,0.43442031741142273,0.014161890372633934,-0.5372559372335672,Negative
846536212362018816,2017-03-28 01:35:35+00:00,2017-03-28,2017-03,Tuesday,1,iPhone,False,"...money to Bill, the Hillary Russian ""reset,"" praise of Russia by Hillary, or Podesta Russian Company. Trump Russia story is a hoax. #MAGA!",69350,19170,140,23,0.5444819331169128,0.409579873085022,0.04593813419342041,-0.49854379892349243,Negative
846537639167713281,2017-03-28 01:41:15+00:00,2017-03-28,2017-03,Tuesday,1,iPhone,False,The Republican House Freedom Caucus was able to snatch defeat from the jaws of victory. After so many bad years they were ready for a win!,52179,9632,138,26,0.021246323361992836,0.10158807784318924,0.8771655559539795,0.8559192325919867,Positive
846543183223963649,2017-03-28 02:03:17+00:00,2017-03-28,2017-03,Tuesday,2,iPhone,False,"The Democrats will make a deal with me on healthcare as soon as ObamaCare folds - not long. Do not worry, we are in very good shape!",80864,16103,132,27,0.014401763677597046,0.1517791748046875,0.8338190317153931,0.819417268037796,Positive
846672219073863681,2017-03-28 10:36:02+00:00,2017-03-28,2017-03,Tuesday,10,iPhone,False,Big announcement by Ford today. Major investment to be made in three Michigan plants. Car companies coming back to U.S. JOBS! JOBS! JOBS!,109338,23340,137,23,0.0021206997334957123,0.062478821724653244,0.9354004859924316,0.9332797862589359,Positive
846682464215076866,2017-03-28 11:16:44+00:00,2017-03-28,2017-03,Tuesday,11,iPhone,False,Watch @foxandfriends now on Podesta and Russia!,47086,9248,47,7,0.055799588561058044,0.8773596882820129,0.06684065610170364,0.0110410675406456,Neutral
846745288735887360,2017-03-28 15:26:23+00:00,2017-03-28,2017-03,Tuesday,15,iPhone,False,The failing @NYTimes would do much better if they were honest! https://t.co/ATy8R3knS2,56580,13142,86,12,0.9174138307571411,0.07413492351770401,0.008451276458799839,-0.9089625542983413,Negative
846828561491202048,2017-03-28 20:57:17+00:00,2017-03-28,2017-03,Tuesday,20,iPhone,False,It was an honor to welcome @GLFOP to the @WhiteHouse today with @VP Pence &amp; Attorney General Sessions. THANK YOU fo… https://t.co/VHzTB4c69h,39199,7082,144,22,0.0018965037306770682,0.012963836081326008,0.9851396679878235,0.9832431642571464,Positive
846841493952319489,2017-03-28 21:48:40+00:00,2017-03-28,2017-03,Tuesday,21,iPhone,False,A NEW ERA IN AMERICAN ENERGY! #MadeInTheUSA🇺🇸 Watch here: https://t.co/EG02Fdlkba https://t.co/XT12jqoIqj,45784,9616,105,11,0.002834807615727186,0.09480850398540497,0.9023566842079163,0.8995218765921891,Positive
846854703183020032,2017-03-28 22:41:09+00:00,2017-03-28,2017-03,Tuesday,22,iPhone,False,Why doesn't Fake News talk about Podesta ties to Russia as covered by @FoxNews or money from Russia to Clinton - sale of Uranium?,86933,25726,129,24,0.5872645378112793,0.3981481194496155,0.014587356708943844,-0.5726771811023355,Negative
847056211006631936,2017-03-29 12:01:52+00:00,2017-03-29,2017-03,Wednesday,12,iPhone,False,"Remember when the failing @nytimes apologized to its subscribers, right after the election, because their coverage was so wrong. Now worse!",74900,15624,139,21,0.945253312587738,0.050208091735839844,0.0045386627316474915,-0.9407146498560905,Negative
847061031293779969,2017-03-29 12:21:02+00:00,2017-03-29,2017-03,Wednesday,12,iPhone,False,If the people of our great country could only see how viciously and inaccurately my administration is covered by certain media!,98068,20281,127,21,0.9203783273696899,0.06999435275793076,0.00962731335312128,-0.9107510140165687,Negative
847201455165624320,2017-03-29 21:39:01+00:00,2017-03-29,2017-03,Wednesday,21,iPhone,False,Today's EO established a commission on combating drug addiction and the opioid crisis. Watch listening session➡️… https://t.co/ooF2ediqSt,40545,8686,137,17,0.012030831538140774,0.9281341433525085,0.05983508378267288,0.04780425224453211,Neutral
847236476815511552,2017-03-29 23:58:11+00:00,2017-03-29,2017-03,Wednesday,23,Media Studio,False,.@FLOTUS Melania and I were honored to stop by the Women's Empowerment Panel this afternoon at the @WhiteHouse.… https://t.co/phLPw8lgTu,54285,10386,136,19,0.0014523970894515514,0.02063862420618534,0.9779089689254761,0.9764565718360245,Positive
847270189171228672,2017-03-30 02:12:09+00:00,2017-03-30,2017-03,Thursday,2,iPhone,False,Today we honored our true American heroes on the first-ever National Vietnam War Veterans Day. #ThankAVeteran… https://t.co/deOHapcV4J,73882,16788,134,17,0.0033655541483312845,0.025968560948967934,0.9706658720970154,0.9673003179486841,Positive
847435163143454723,2017-03-30 13:07:42+00:00,2017-03-30,2017-03,Thursday,13,iPhone,False,"The Freedom Caucus will hurt the entire Republican agenda if they don't get on the team, &amp; fast. We must fight them, &amp; Dems, in 2018!",60193,13845,141,26,0.818523108959198,0.16251340508460999,0.01896355301141739,-0.7995595559477806,Negative
847455180912181249,2017-03-30 14:27:14+00:00,2017-03-30,2017-03,Thursday,14,iPhone,False,The failing @nytimes has disgraced the media world. Gotten me wrong for two solid years. Change libel laws? https://t.co/QIqLgvYLLi,54377,13280,131,19,0.9502564072608948,0.044874146580696106,0.004869396798312664,-0.9453870104625821,Negative
847558426557337600,2017-03-30 21:17:30+00:00,2017-03-30,2017-03,Thursday,21,iPhone,False,Great op-ed from @RepKenBuck. Looks like some in the Freedom Caucus are helping me end #Obamacare. https://t.co/Y2vTnIBTBZ,31807,6645,122,17,0.005053975153714418,0.03629937395453453,0.9586466550827026,0.9535926799289882,Positive
847558790358728705,2017-03-30 21:18:57+00:00,2017-03-30,2017-03,Thursday,21,iPhone,False,"If @RepMarkMeadows, @Jim_Jordan and Raul_Labrador would get on board we would have both great healthcare and massive tax cuts &amp; reform.",1550,348,139,21,0.0162449199706316,0.1371876299381256,0.8465674519538879,0.8303225319832563,Positive
847559239149158401,2017-03-30 21:20:44+00:00,2017-03-30,2017-03,Thursday,21,iPhone,False,"If @RepMarkMeadows, @Jim_Jordan and @Raul_Labrador would get on board we would have both great healthcare and massive tax cuts &amp; reform.",38242,7722,140,21,0.011919029988348484,0.08725626766681671,0.9008246660232544,0.8889056360349059,Positive
847559519085379584,2017-03-30 21:21:50+00:00,2017-03-30,2017-03,Thursday,21,iPhone,False,"Where are @RepMarkMeadows, @Jim_Jordan and @Raul_Labrador? #RepealANDReplace #Obamacare",30401,5895,87,8,0.34327855706214905,0.6305938959121704,0.026127496734261513,-0.31715106032788754,Neutral
847573220417044480,2017-03-30 22:16:17+00:00,2017-03-30,2017-03,Thursday,22,iPhone,False,The meeting next week with China will be a very difficult one in that we can no longer have massive trade deficits...,58102,12126,117,22,0.6747890710830688,0.3008023798465729,0.02440858818590641,-0.6503804828971624,Negative
847573358912974849,2017-03-30 22:16:50+00:00,2017-03-30,2017-03,Thursday,22,iPhone,True,...and job losses. American companies must be prepared to look at other alternatives.,42307,7587,85,13,0.6736319661140442,0.31144580245018005,0.014922233298420906,-0.6587097328156233,Negative
847625389908217856,2017-03-31 01:43:35+00:00,2017-03-31,2017-03,Friday,1,iPhone,False,Only by enlisting the full potential of women in our society will we be truly able to #MakeAmericaGreatAgain🇺🇸… https://t.co/cxhgYaxiek,59387,13485,135,19,0.003996608778834343,0.05809936299920082,0.9379040002822876,0.9339073915034533,Positive
847766558520856578,2017-03-31 11:04:32+00:00,2017-03-31,2017-03,Friday,11,iPhone,False,"Mike Flynn should ask for immunity in that this is a witch hunt (excuse for big election loss), by media &amp; Dems, of historic proportion!",74530,17963,140,25,0.8083370923995972,0.1766422688961029,0.015020599588751793,-0.7933164928108454,Negative
847819720418111488,2017-03-31 14:35:47+00:00,2017-03-31,2017-03,Friday,14,iPhone,False,"It was an honor to welcome the Prime Minister of Denmark, Lars Løkke Rasmussen {@larsloekke} to the @WhiteHouse yes… https://t.co/N1g0TiVnSp",40720,6903,140,20,0.0014743347419425845,0.02221868187189102,0.9763069748878479,0.9748326401459053,Positive
847863243200753666,2017-03-31 17:28:44+00:00,2017-03-31,2017-03,Friday,17,iPhone,False,"Great meeting with a wonderful woman today, former Secretary of State, Condoleezza Rice! #USA🇺🇸 https://t.co/ZuriIC3YwG",57145,10435,119,15,0.0022855568677186966,0.010610810481011868,0.9871036410331726,0.9848180841654539,Positive
847867380562894848,2017-03-31 17:45:10+00:00,2017-03-31,2017-03,Friday,17,iPhone,False,#ConfirmGorsuch #SCOTUS https://t.co/WkqHYMcYa3,48064,10927,47,3,0.04261011630296707,0.8116427063941956,0.14574718475341797,0.1031370684504509,Neutral
847878820220858369,2017-03-31 18:30:38+00:00,2017-03-31,2017-03,Friday,18,Twitter Ads,False,It is an exciting time for our country! #WeeklyAddress #ConfirmGorsuch https://t.co/tP4bkvTOBq,58319,13694,94,11,0.0015491166850551963,0.026282694190740585,0.9721682071685791,0.9706190904835239,Positive
847895524632129536,2017-03-31 19:37:00+00:00,2017-03-31,2017-03,Friday,19,iPhone,False,'Trump Celebrates American Manufacturing Survey Showing Highest Level of Optimism in 20 Years' ➡️… https://t.co/cVWXOa1MjY,44123,9595,122,15,0.0036892835050821304,0.11663421243429184,0.8796765804290771,0.875987296923995,Positive
847924397180583937,2017-03-31 21:31:44+00:00,2017-03-31,2017-03,Friday,21,Twitter Ads,False,We are going to defend our industry &amp; create a level playing field for the American worker. It is time to put… https://t.co/dzPKJMghj1,65695,14593,138,23,0.017384348437190056,0.40546882152557373,0.5771467685699463,0.5597624201327562,Positive
848153860602507264,2017-04-01 12:43:32+00:00,2017-04-01,2017-04,Saturday,12,iPhone,False,When will Sleepy Eyes Chuck Todd and @NBCNews start talking about the Obama SURVEILLANCE SCANDAL and stop with the Fake Trump/Russia story?,78221,21797,139,22,0.7323293089866638,0.2514396905899048,0.016231026500463486,-0.7160982824862003,Negative
848158641056362496,2017-04-01 13:02:32+00:00,2017-04-01,2017-04,Saturday,13,iPhone,False,"It is the same Fake News Media that said there is ""no path to victory for Trump"" that is now pushing the phony Russia story. A total scam!",86222,22380,138,28,0.8580933213233948,0.12776869535446167,0.014138017781078815,-0.843955303542316,Negative
848203201094483972,2017-04-01 15:59:36+00:00,2017-04-01,2017-04,Saturday,15,iPhone,False,"The failing @nytimes finally gets it - ""In places where no insurance company offers plans, there will be no way for ObamaCare customers to..",48508,11203,140,24,0.8124019503593445,0.17966701090335846,0.007931051775813103,-0.8044708985835314,Negative
848204870876356608,2017-04-01 16:06:14+00:00,2017-04-01,2017-04,Saturday,16,iPhone,False,"...use subsidies to buy health plans."" In other words, Ocare is dead. Good things will happen, however, either with Republicans or Dems.",51102,10001,136,22,0.39553025364875793,0.47664874792099,0.12782099843025208,-0.26770925521850586,Neutral
848216035153121285,2017-04-01 16:50:36+00:00,2017-04-01,2017-04,Saturday,16,iPhone,False,"Wow, @FoxNews just reporting big news. Source: ""Official behind unmasking is high up. Known Intel official is responsible. Some unmasked....",61205,16136,140,20,0.06475154310464859,0.5284851789474487,0.4067632257938385,0.3420116826891899,Neutral
848219027659010051,2017-04-01 17:02:29+00:00,2017-04-01,2017-04,Saturday,17,iPhone,False,"..not associated with Russia. Trump team spied on before he was nominated."" If this is true, does not get much bigger. Would be sad for U.S.",64746,15671,140,26,0.7240505814552307,0.26176461577415466,0.014184768311679363,-0.7098658131435513,Negative
848299191646515202,2017-04-01 22:21:02+00:00,2017-04-01,2017-04,Saturday,22,iPhone,False,Thank you @JCLayfield -- will get even better as my Administration continues to put #AmericaFirst🇺🇸 https://t.co/AQQzmt10x7,53703,13760,123,16,0.002545110182836652,0.01365779060870409,0.9837971329689026,0.9812520227860659,Positive
848519587675201538,2017-04-02 12:56:49+00:00,2017-04-02,2017-04,Sunday,12,iPhone,False,Anybody (especially Fake News media) who thinks that Repeal &amp; Replace of ObamaCare is dead does not know the love and strength in R Party!,80080,16341,142,25,0.6449409127235413,0.29908785223960876,0.05597120523452759,-0.5889697074890137,Negative
848521325480202240,2017-04-02 13:03:43+00:00,2017-04-02,2017-04,Sunday,13,iPhone,False,"Talks on Repealing and Replacing ObamaCare are, and have been, going on, and will continue until such time as a deal is hopefully struck.",73325,13677,137,24,0.00918587576597929,0.7710360288619995,0.2197781801223755,0.2105923043563962,Neutral
848529014667055105,2017-04-02 13:34:16+00:00,2017-04-02,2017-04,Sunday,13,iPhone,False,The real story turns out to be SURVEILLANCE and LEAKING! Find the leakers.,82776,21334,74,13,0.3941059410572052,0.5393627285957336,0.06653136759996414,-0.32757457345724106,Neutral
848701201315188736,2017-04-03 00:58:29+00:00,2017-04-03,2017-04,Monday,0,iPhone,False,"Melania and I are honored to light up the @WhiteHouse this evening, for #WorldAutismAwarenessDay. Join us &amp; #LIUB.… https://t.co/tR3hqqyWvv",113112,25161,143,19,0.001277832081541419,0.016511455178260803,0.9822106957435608,0.9809328636620194,Positive
848841326183534594,2017-04-03 10:15:17+00:00,2017-04-03,2017-04,Monday,10,iPhone,False,"Such amazing reporting on unmasking and the crooked scheme against us by @foxandfriends. ""Spied on before nomination."" The real story.",73263,19995,134,20,0.2727970480918884,0.39791762828826904,0.32928532361984253,0.0564882755279541,Neutral
848856822312292354,2017-04-03 11:16:52+00:00,2017-04-03,2017-04,Monday,11,iPhone,False,Was the brother of John Podesta paid big money to get the sanctions on Russia lifted? Did Hillary know?,71599,20532,103,19,0.24542127549648285,0.7197008728981018,0.034877825528383255,-0.2105434499680996,Neutral
848857910297980928,2017-04-03 11:21:11+00:00,2017-04-03,2017-04,Monday,11,iPhone,False,Did Hillary Clinton ever apologize for receiving the answers to the debate? Just asking!,108357,27505,88,14,0.5472893714904785,0.43080413341522217,0.021906474605202675,-0.5253828968852758,Negative
848880519458717698,2017-04-03 12:51:01+00:00,2017-04-03,2017-04,Monday,12,iPhone,False,".@FoxNews from multiple sources: ""There was electronic surveillance of Trump, and people close to Trump. This is unprecedented."" @FBI",69597,22045,133,19,0.20871609449386597,0.7459036111831665,0.045380331575870514,-0.16333576291799545,Neutral
848928217138384896,2017-04-03 16:00:33+00:00,2017-04-03,2017-04,Monday,16,iPhone,False,"Getting ready to meet President al-Sisi of Egypt. On behalf of the United States, I look forward to a long and wonderful relationship.",76027,12841,134,23,0.001717957784421742,0.018796730786561966,0.9794853329658508,0.9777673751814291,Positive
848957498040217603,2017-04-03 17:56:55+00:00,2017-04-03,2017-04,Monday,17,iPhone,False,Looking forward to hosting our heroes from the Wounded Warrior Project (@WWP) Soldier Ride to the @WhiteHouse on Th… https://t.co/QLC0qFD94x,56195,11042,140,20,0.0013951058499515057,0.06165304407477379,0.9369518756866455,0.935556769836694,Positive
848983209580822529,2017-04-03 19:39:05+00:00,2017-04-03,2017-04,Monday,19,iPhone,False,It was an honor to welcome President Al Sisi of Egypt to the @WhiteHouse as we renew the historic partnership betwe… https://t.co/9mRaGvcPHz,58198,13265,140,22,0.0018293416360393167,0.023087264969944954,0.9750833511352539,0.9732540094992146,Positive
849330281412792320,2017-04-04 18:38:13+00:00,2017-04-04,2017-04,Tuesday,18,iPhone,False,.@WhiteHouse #CEOTownHall ➡️https://t.co/ADSKuUXf1b https://t.co/XHfQ6zmF2H,38111,8409,75,4,0.00644672941416502,0.8675366044044495,0.12601666152477264,0.11956993211060762,Neutral
849345573509574665,2017-04-04 19:38:59+00:00,2017-04-04,2017-04,Tuesday,19,Twitter Ads,False,Thank you Sean McGarvey &amp; the entire Governing Board of Presidents for honoring me w/an invite to speak. #NABTU2017… https://t.co/dJlZvlq6Tj,48800,9447,144,20,0.0023406504187732935,0.025205090641975403,0.9724542498588562,0.9701135994400829,Positive
849366930133839872,2017-04-04 21:03:51+00:00,2017-04-04,2017-04,Tuesday,21,iPhone,False,Great to talk jobs with #NABTU2017. Tremendous spirit &amp; optimism - we will deliver! https://t.co/6lRuQZZHrc,49321,9150,111,15,0.003365674987435341,0.010913380421698093,0.9857208728790283,0.982355197891593,Positive
849732911377117185,2017-04-05 21:18:08+00:00,2017-04-05,2017-04,Wednesday,21,Twitter Ads,False,I am deeply committed to preserving our strong relationship &amp; to strengthening America's long-standing support for… https://t.co/GxrOR3ALCE,67325,13159,143,17,0.005227336194366217,0.10069693624973297,0.8940756916999817,0.8888483555056155,Positive
849807049118625792,2017-04-06 02:12:43+00:00,2017-04-06,2017-04,Thursday,2,iPhone,False,"JOBS, JOBS, JOBS! https://t.co/XGOQPHywrt https://t.co/B5Qbn6llzE",83555,23000,65,5,0.019693132489919662,0.2664002478122711,0.7139066457748413,0.6942135132849216,Positive
850053194923298816,2017-04-06 18:30:49+00:00,2017-04-06,2017-04,Thursday,18,iPhone,False,"It was an honor to host our American heroes from the @WWP #SoldierRideDC at the @WhiteHouse today with @FLOTUS, @VP… https://t.co/u5AI1pupVV",60570,10767,140,21,0.0015789915341883898,0.017634689807891846,0.9807862639427185,0.9792072724085301,Positive
850722648883638272,2017-04-08 14:50:59+00:00,2017-04-08,2017-04,Saturday,14,iPhone,False,It was a great honor to have President Xi Jinping and Madame Peng Liyuan of China as our guests in the United States. Tremendous...,67145,10521,131,24,0.00193533964920789,0.015604098327457905,0.9824605584144592,0.9805252187652513,Positive
850722694958075905,2017-04-08 14:51:10+00:00,2017-04-08,2017-04,Saturday,14,iPhone,True,"...goodwill and friendship was formed, but only time will tell on trade.",48718,7231,72,12,0.019076554104685783,0.5877178311347961,0.3932056128978729,0.37412905879318714,Neutral
850723509370327040,2017-04-08 14:54:24+00:00,2017-04-08,2017-04,Saturday,14,iPhone,False,"Congratulations to our great military men and women for representing the United States, and the world, so well in the Syria attack.",135259,27363,131,22,0.004496144130825996,0.022218123078346252,0.9732857942581177,0.9687896501272917,Positive
850785347038576640,2017-04-08 19:00:08+00:00,2017-04-08,2017-04,Saturday,19,iPhone,False,The reason you don't generally hit runways is that they are easy and inexpensive to quickly fix (fill in and top)!,61631,11769,114,21,0.05880437418818474,0.33627018332481384,0.6049254536628723,0.5461210794746876,Positive
850800045012201473,2017-04-08 19:58:32+00:00,2017-04-08,2017-04,Saturday,19,iPhone,False,Judge Gorsuch will be sworn in at the Rose Garden of the White House on Monday at 11:00 A.M. He will be a great Justice. Very proud of him!,101425,18538,139,29,0.0019053933210670948,0.012449762783944607,0.9856448173522949,0.9837394240312278,Positive
851092500056072198,2017-04-09 15:20:39+00:00,2017-04-09,2017-04,Sunday,15,iPhone,False,So sad to hear of the terrorist attack in Egypt. U.S. strongly condemns. I have great...,77604,15606,88,16,0.806718111038208,0.16469688713550568,0.028585020452737808,-0.7781330905854702,Negative
851092618754891781,2017-04-09 15:21:07+00:00,2017-04-09,2017-04,Sunday,15,iPhone,True,...confidence that President Al Sisi will handle situation properly.,56646,10391,68,9,0.029377179220318794,0.5443692803382874,0.4262534976005554,0.3968763183802366,Neutral
851247294854856706,2017-04-10 01:35:45+00:00,2017-04-10,2017-04,Monday,1,iPhone,False,Thank you @USNavy! #USA https://t.co/oD7L8vPgjq,71754,14540,47,5,0.0024588913656771183,0.015833375975489616,0.9817076921463013,0.9792488007806242,Positive
851555178910064640,2017-04-10 21:59:10+00:00,2017-04-10,2017-04,Monday,21,Twitter Ads,False,Congratulations to Justice Neil Gorsuch on his elevation to the United States Supreme Court. A great day for Americ… https://t.co/RM9lfTaePS,79752,15760,140,20,0.002925361040979624,0.02494121715426445,0.9721333980560303,0.9692080370150506,Positive
851584729400979456,2017-04-10 23:56:35+00:00,2017-04-10,2017-04,Monday,23,iPhone,False,"Happy Passover to everyone celebrating in the United States of America, Israel, and around the world. #ChagSameach",89320,16731,114,17,0.0020949593745172024,0.01832139678299427,0.9795836806297302,0.977488721255213,Positive
851766546825347076,2017-04-11 11:59:04+00:00,2017-04-11,2017-04,Tuesday,11,iPhone,False,I explained to the President of China that a trade deal with the U.S. will be far better for them if they solve the North Korean problem!,81554,19145,137,27,0.017911763861775398,0.25027042627334595,0.7318177819252014,0.713906018063426,Positive
851767718248361986,2017-04-11 12:03:43+00:00,2017-04-11,2017-04,Tuesday,12,iPhone,False,"North Korea is looking for trouble. If China decides to help, that would be great. If not, we will solve the problem without them! U.S.A.",136091,53328,137,25,0.7155294418334961,0.25073760747909546,0.03373294696211815,-0.681796494871378,Negative
851781714028494849,2017-04-11 12:59:20+00:00,2017-04-11,2017-04,Tuesday,12,iPhone,False,"Ron Estes is running TODAY for Congress in the Great State of Kansas. A wonderful guy, I need his help on Healthcare &amp; Tax Cuts (Reform).",58666,12262,141,26,0.0036282907240092754,0.042613010853528976,0.9537586569786072,0.9501303662545979,Positive
851894518014238720,2017-04-11 20:27:35+00:00,2017-04-11,2017-04,Tuesday,20,iPhone,False,Great Strategic &amp; Policy CEO Forum today with my Cabinet Secretaries and top CEO's from around the United States.… https://t.co/pmGIL08OpP,43875,8723,142,20,0.0021273125894367695,0.03238893672823906,0.9654837250709534,0.9633564124815166,Positive
851997299454742528,2017-04-12 03:16:00+00:00,2017-04-12,2017-04,Wednesday,3,iPhone,False,I will be interviewed by @MariaBartiromo at 6:00 A.M. @FoxBusiness. Enjoy!,40874,6222,74,11,0.001786407665349543,0.11305371671915054,0.8851599097251892,0.8833735020598397,Positive
852134796436398086,2017-04-12 12:22:22+00:00,2017-04-12,2017-04,Wednesday,12,iPhone,False,Had a very good call last night with the President of China concerning the menace of North Korea.,92666,19588,97,18,0.014947300776839256,0.2165338546037674,0.7685188055038452,0.753571504727006,Positive
852138509355933697,2017-04-12 12:37:07+00:00,2017-04-12,2017-04,Wednesday,12,iPhone,False,"Great win in Kansas last night for Ron Estes, easily winning the Congressional race against the Dems, who spent heavily &amp; predicted victory!",72078,13165,144,23,0.0034471091348677874,0.041799090802669525,0.9547537565231323,0.9513066473882645,Positive
852277347587952640,2017-04-12 21:48:48+00:00,2017-04-12,2017-04,Wednesday,21,iPhone,False,Great meeting w/ NATO Sec. Gen. We agreed on the importance of getting countries to pay their fair share &amp; focus on… https://t.co/G9TdjWezmH,52838,10724,144,23,0.003920538350939751,0.06084172800183296,0.93523770570755,0.9313171673566103,Positive
852297762599313409,2017-04-12 23:09:56+00:00,2017-04-12,2017-04,Wednesday,23,iPhone,False,Economic confidence is soaring as we unleash the power of private sector job creation and stand up for the American Workers. #AmericaFirst,65130,12143,138,22,0.004340835846960545,0.043980084359645844,0.9516791105270386,0.947338274680078,Positive
852297935219982336,2017-04-12 23:10:37+00:00,2017-04-12,2017-04,Wednesday,23,iPhone,False,"One by one we are keeping our promises - on the border, on energy, on jobs, on regulations. Big changes are happening!",95427,17816,118,22,0.005714458879083395,0.08130782097578049,0.9129776954650879,0.9072632365860045,Positive
852318522139168769,2017-04-13 00:32:25+00:00,2017-04-13,2017-04,Thursday,0,iPhone,False,"Jobs are returning, illegal immigration is plummeting, law, order and justice are being restored. We are truly making America great again!",139902,30950,138,21,0.011479056440293789,0.06215320900082588,0.9263677000999451,0.9148886436596513,Positive
852508752142114816,2017-04-13 13:08:20+00:00,2017-04-13,2017-04,Thursday,13,iPhone,False,"I have great confidence that China will properly deal with North Korea. If they are unable to do so, the U.S., with its allies, will! U.S.A.",113289,28207,140,26,0.03492225706577301,0.2577272951602936,0.7073504328727722,0.6724281758069992,Positive
852510810287075329,2017-04-13 13:16:30+00:00,2017-04-13,2017-04,Thursday,13,iPhone,False,Things will work out fine between the U.S.A. and Russia. At the right time everyone will come to their senses &amp; there will be lasting peace!,111648,24326,144,26,0.02394072897732258,0.2430969476699829,0.7329622507095337,0.7090215217322111,Positive
852602568433950720,2017-04-13 19:21:07+00:00,2017-04-13,2017-04,Thursday,19,iPhone,False,It was a great honor to welcome Atlanta's heroic first responders to the White House this afternoon! https://t.co/ZtC14AJ0xs,75042,13013,124,18,0.0024634094443172216,0.010713780298829079,0.9868228435516357,0.9843594341073185,Positive
852985162870738944,2017-04-14 20:41:25+00:00,2017-04-14,2017-04,Friday,20,iPhone,False,Weekly Address- https://t.co/tpZ7eqJLUH https://t.co/B2NQzj53ft,33563,7089,63,4,0.010111304000020027,0.9257485866546631,0.06414003670215607,0.05402873270213604,Neutral
853583417916755968,2017-04-16 12:18:40+00:00,2017-04-16,2017-04,Sunday,12,iPhone,False,Why would I call China a currency manipulator when they are working with us on the North Korean problem? We will see what happens!,72649,15001,130,24,0.7401453256607056,0.24907393753528595,0.01078073401004076,-0.7293645916506648,Negative
853584968047636480,2017-04-16 12:24:49+00:00,2017-04-16,2017-04,Sunday,12,iPhone,False,Happy Easter to everyone!,186323,40671,25,4,0.004138321615755558,0.01589912734925747,0.9799625873565674,0.9758242657408118,Positive
853595628655587334,2017-04-16 13:07:11+00:00,2017-04-16,2017-04,Sunday,13,iPhone,False,I did what was an almost an impossible thing to do for a Republican-easily won the Electoral College! Now Tax Returns are brought up again?,70664,12384,139,25,0.23537537455558777,0.5241504907608032,0.2404741644859314,0.005098789930343628,Neutral
853597199619543041,2017-04-16 13:13:26+00:00,2017-04-16,2017-04,Sunday,13,iPhone,False,Someone should look into who paid for the small organized rallies yesterday. The election is over!,95808,21244,98,16,0.7934205532073975,0.19432885944843292,0.012250556610524654,-0.7811699965968728,Negative
853604334944354305,2017-04-16 13:41:47+00:00,2017-04-16,2017-04,Sunday,13,iPhone,False,"Our military is building and is rapidly becoming stronger than ever before. Frankly, we have no choice!",104462,20803,103,17,0.018497273325920105,0.134938582777977,0.8465641736984253,0.8280669003725052,Positive
853771244579282944,2017-04-17 00:45:01+00:00,2017-04-17,2017-04,Monday,0,iPhone,False,"The recent Kansas election (Congress) was a really big media event, until the Republicans won. Now they play the same game with Georgia-BAD!",64082,12804,140,23,0.6507536768913269,0.3101658225059509,0.039080508053302765,-0.6116731688380241,Negative
853942936337350656,2017-04-17 12:07:16+00:00,2017-04-17,2017-04,Monday,12,iPhone,False,"""The first 90 days of my presidency has exposed the total failure of the last eight years of foreign policy!"" So true. @foxandfriends",75933,16169,133,23,0.6650693416595459,0.2383333295583725,0.0965973287820816,-0.5684720128774643,Negative
853944453538750464,2017-04-17 12:13:17+00:00,2017-04-17,2017-04,Monday,12,iPhone,False,"A great book for your reading enjoyment: ""REASONS TO VOTE FOR DEMOCRATS"" by Michael J. Knowles.",53324,12663,95,16,0.0046456498093903065,0.08419056236743927,0.9111637473106384,0.9065180975012481,Positive
853945633903923200,2017-04-17 12:17:59+00:00,2017-04-17,2017-04,Monday,12,iPhone,False,The Fake Media (not Real Media) has gotten even worse since the election. Every story is badly slanted. We have to hold them to the truth!,83488,18607,138,26,0.9304631352424622,0.06349649280309677,0.006040341220796108,-0.924422794021666,Negative
853964023846588420,2017-04-17 13:31:03+00:00,2017-04-17,2017-04,Monday,13,iPhone,False,"The super Liberal Democrat in the Georgia Congressioal race tomorrow wants to protect criminals, allow illegal immigration and raise taxes!",61174,19415,139,20,0.7705806493759155,0.20537234842777252,0.024047013372182846,-0.7465336360037327,Negative
854101790886948866,2017-04-17 22:38:30+00:00,2017-04-17,2017-04,Monday,22,iPhone,False,TRUMP APPROVAL HITS 50% https://t.co/vjZkGTyQb9,56216,10793,47,5,0.01703501120209694,0.2997298240661621,0.6832351684570312,0.6662001572549343,Positive
854102644394254341,2017-04-17 22:41:53+00:00,2017-04-17,2017-04,Monday,22,iPhone,False,See you tomorrow Wisconsin! 'Trump spurs small-business optimism in Milwaukee area' https://t.co/JUxhO3oqjO,42213,8319,107,12,0.0036845484282821417,0.25550132989883423,0.7408141493797302,0.7371296009514481,Positive
854157191053553666,2017-04-18 02:18:38+00:00,2017-04-18,2017-04,Tuesday,2,iPhone,False,"With eleven Republican candidates running in Georgia (on Tuesday) for Congress, a runoff will be a win. Vote ""R"" for lower taxes &amp; safety!",61163,13599,142,24,0.003724005538970232,0.14180952310562134,0.8544664978981018,0.8507424923591316,Positive
854268119774367745,2017-04-18 09:39:25+00:00,2017-04-18,2017-04,Tuesday,9,iPhone,False,The weak illegal immigration policies of the Obama Admin. allowed bad MS 13 gangs to form in cities across U.S. We are removing them fast!,72694,17597,138,25,0.8686966300010681,0.1183997094631195,0.012903676368296146,-0.855792953632772,Negative
854270321620287490,2017-04-18 09:48:10+00:00,2017-04-18,2017-04,Tuesday,9,iPhone,False,I will be interviewed on @foxandfriends by @ainsleyearhardt starting at 6:00 A.M. Enjoy!,33641,4683,88,13,0.0016996426274999976,0.15036208927631378,0.8479382991790771,0.8462386565515772,Positive
854283110191685634,2017-04-18 10:38:59+00:00,2017-04-18,2017-04,Tuesday,10,iPhone,False,"Democrat Jon Ossoff would be a disaster in Congress. VERY weak on crime and illegal immigration, bad for jobs and wants higher taxes. Say NO",56986,14367,140,25,0.9278149604797363,0.06314579397439957,0.009039284661412239,-0.9187756758183241,Negative
854284952539725828,2017-04-18 10:46:19+00:00,2017-04-18,2017-04,Tuesday,10,iPhone,False,Republicans must get out today and VOTE in Georgia 6. Force runoff and easy win! Dem Ossoff will raise your taxes-very bad on crime &amp; 2nd A.,62665,16046,144,27,0.5769275426864624,0.3308347165584564,0.0922376960515976,-0.4846898466348648,Negative
854433960566431746,2017-04-18 20:38:25+00:00,2017-04-18,2017-04,Tuesday,20,iPhone,False,"Just learned that Jon @Ossoff, who is running for Congress in Georgia, doesn't even live in the district. Republicans, get out and vote!",63042,16473,136,23,0.5108892917633057,0.44508084654808044,0.0440298393368721,-0.46685945242643356,Negative
854438452661809152,2017-04-18 20:56:16+00:00,2017-04-18,2017-04,Tuesday,20,iPhone,False,#BuyAmericanHireAmerican🇺🇸 Watch➡️https://t.co/AUqYcrgeyn https://t.co/rf9aivVb7g,33968,6772,81,3,0.020676560699939728,0.7222030758857727,0.25712040066719055,0.23644383996725082,Neutral
854547423464759296,2017-04-19 04:09:17+00:00,2017-04-19,2017-04,Wednesday,4,iPhone,False,"Despite major outside money, FAKE media support and eleven Republican candidates, BIG ""R"" win with runoff in Georgia. Glad to be of help!",77097,15355,137,23,0.017258571460843086,0.06782247871160507,0.9149188995361328,0.8976603280752897,Positive
854676780527079425,2017-04-19 12:43:18+00:00,2017-04-19,2017-04,Wednesday,12,iPhone,False,Dems failed in Kansas and are now failing in Georgia. Great job Karen Handel! It is now Hollywood vs. Georgia on June 20th.,72852,15581,123,23,0.2856427729129791,0.3283863961696625,0.3859708607196808,0.10032808780670166,Positive
854749300114546688,2017-04-19 17:31:28+00:00,2017-04-19,2017-04,Wednesday,17,iPhone,False,#BuyAmericanHireAmerican🇺🇸 https://t.co/JPEXQTVR1E,54144,12938,50,2,0.024530023336410522,0.632951021194458,0.3425189256668091,0.31798890233039856,Neutral
854793411110588418,2017-04-19 20:26:45+00:00,2017-04-19,2017-04,Wednesday,20,iPhone,False,Today I signed the Veterans (OUR HEROES) Choice Program Extension &amp; Improvement Act @ the @WhiteHouse. #S544 Watch… https://t.co/0sMv4sPrmf,48196,10614,143,19,0.007556375581771135,0.8311133980751038,0.1613302081823349,0.15377383260056376,Neutral
854870777287634944,2017-04-20 01:34:10+00:00,2017-04-20,2017-04,Thursday,1,Twitter Ads,False,A great honor to host the @SuperBowl Champion New England @Patriots at the White House today. Congratulations!… https://t.co/tQ5XEPaIxn,49049,9723,135,18,0.002218807116150856,0.011162962764501572,0.9866182208061218,0.984399413689971,Positive
855055509455593472,2017-04-20 13:48:14+00:00,2017-04-20,2017-04,Thursday,13,iPhone,False,"Failing @nytimes, which has been calling me wrong for two years, just got caught in a big lie concerning New England Patriots visit to W.H.",81483,19178,139,25,0.8911203742027283,0.10189490020275116,0.006984705105423927,-0.8841356690973043,Negative
855142466034556928,2017-04-20 19:33:46+00:00,2017-04-20,2017-04,Thursday,19,iPhone,False,"We're going to use American steel, we're going to use American labor, we are going to come first in all deals. ➡️… https://t.co/QYjWx9K4YY",52450,11693,138,23,0.023912707343697548,0.726464569568634,0.24962270259857178,0.22570999525487423,Neutral
855172998747348998,2017-04-20 21:35:05+00:00,2017-04-20,2017-04,Thursday,21,Twitter Ads,False,A great honor to host PM Paolo Gentiloni of Italy at the White House this afternoon! #ICYMI- Joint Press Conference… https://t.co/lJAvEZJV1F,37208,7010,140,21,0.0017761208582669497,0.014831146225333214,0.9833927750587463,0.9816166542004794,Positive
855368516920332289,2017-04-21 10:32:01+00:00,2017-04-21,2017-04,Friday,10,iPhone,False,Another terrorist attack in Paris. The people of France will not take much more of this. Will have a big effect on presidential election!,75062,18717,137,24,0.9357733130455017,0.05891554057598114,0.005311123561114073,-0.9304621894843876,Negative
855373184861962240,2017-04-21 10:50:33+00:00,2017-04-21,2017-04,Friday,10,iPhone,False,"No matter how much I accomplish during the ridiculous standard of the first 100 days, &amp; it has been a lot (including S.C.), media will kill!",73399,14753,144,26,0.8205353021621704,0.14936327934265137,0.030101453885436058,-0.7904338482767344,Negative
855406847200768000,2017-04-21 13:04:19+00:00,2017-04-21,2017-04,Friday,13,iPhone,False,"China is very much the economic lifeline to North Korea so, while nothing is easy, if they want to solve the North Korean problem, they will",66215,14382,140,26,0.038246434181928635,0.36644870042800903,0.5953048467636108,0.5570584125816822,Positive
855517053238870019,2017-04-21 20:22:14+00:00,2017-04-21,2017-04,Friday,20,iPhone,False,"WELCOME HOME, AYA! #GodBlessTheUSA🇺🇸 https://t.co/CR4I8dvunc",76038,19562,60,5,0.003260781057178974,0.01857617311179638,0.9781630635261536,0.9749022824689746,Positive
855582764418162690,2017-04-22 00:43:21+00:00,2017-04-22,2017-04,Saturday,0,Twitter Ads,False,'Presidential Executive Order on Identifying and Reducing Tax Regulatory Burdens' Executive Order:… https://t.co/dpE6hDzlAt,42823,9835,123,13,0.023916656151413918,0.9352701306343079,0.04081317409873009,0.01689651794731617,Neutral
855626715707650048,2017-04-22 03:38:00+00:00,2017-04-22,2017-04,Saturday,3,iPhone,False,"After 5 SB victories since 2002, it was my honor to give Bob Kraft, Coach Belichick, and the players their first to… https://t.co/UZPKjqoGZY",54523,10397,140,23,0.00211351178586483,0.03360899165272713,0.9642775058746338,0.962163994088769,Positive
855814859069558784,2017-04-22 16:05:37+00:00,2017-04-22,2017-04,Saturday,16,iPhone,False,Getting ready to visit Walter Reed Medical Center with Melania. Looking forward to seeing our bravest and greatest Americans!,61868,10446,125,19,0.0015488931676372886,0.02285192720592022,0.9755992293357849,0.9740503361681476,Positive
855816071663812608,2017-04-22 16:10:26+00:00,2017-04-22,2017-04,Saturday,16,iPhone,False,Next Saturday night I will be holding a BIG rally in Pennsylvania. Look forward to it!,58692,11786,86,16,0.001155190053395927,0.02389880083501339,0.9749460220336914,0.9737908319802955,Positive
855817226078879748,2017-04-22 16:15:01+00:00,2017-04-22,2017-04,Saturday,16,iPhone,False,Big TAX REFORM AND TAX REDUCTION will be announced next Wednesday.,74989,16988,66,11,0.010162358172237873,0.7139346599578857,0.27590301632881165,0.2657406581565738,Neutral
855859245023211520,2017-04-22 19:01:59+00:00,2017-04-22,2017-04,Saturday,19,iPhone,False,"Today on Earth Day, we celebrate our beautiful forests, lakes and land. We stand committed to preserving the natural beauty of our nation.",80115,14707,138,23,0.0014497851952910423,0.01797814480960369,0.9805721044540405,0.9791223192587495,Positive
855901315305795584,2017-04-22 21:49:10+00:00,2017-04-22,2017-04,Saturday,21,iPhone,False,I am committed to keeping our air and water clean but always remember that economic growth enhances environmental protection. Jobs matter!,89211,18191,138,21,0.008389323018491268,0.10744655877351761,0.8841641545295715,0.8757748315110803,Positive
856146924705120256,2017-04-23 14:05:07+00:00,2017-04-23,2017-04,Sunday,14,iPhone,False,Very interesting election currently taking place in France.,63159,17186,59,8,0.002389986999332905,0.0352838933467865,0.9623261094093323,0.9599361224099994,Positive
856147612952612864,2017-04-23 14:07:52+00:00,2017-04-23,2017-04,Sunday,14,iPhone,False,"Thank you Lake Worth, Florida. @foxandfriends",34704,4844,45,6,0.002205626107752323,0.03588799759745598,0.9619063138961792,0.9597006877884269,Positive
856150719656755200,2017-04-23 14:20:12+00:00,2017-04-23,2017-04,Sunday,14,iPhone,False,ObamaCare is in serious trouble. The Dems need big money to keep it going - otherwise it dies far sooner than anyone would have thought.,58486,12233,136,25,0.889004647731781,0.10164248943328857,0.009352854453027248,-0.8796517932787538,Negative
856171332521820165,2017-04-23 15:42:07+00:00,2017-04-23,2017-04,Sunday,15,iPhone,False,The Democrats don't want money from budget going to border wall despite the fact that it will stop drugs and very bad MS 13 gang members.,64482,16249,137,26,0.8259266018867493,0.16169698536396027,0.012376357801258564,-0.8135502440854907,Negative
856172056932700164,2017-04-23 15:44:59+00:00,2017-04-23,2017-04,Sunday,15,iPhone,False,"Eventually, but at a later date so we can get started early, Mexico will be paying, in some form, for the badly needed border wall.",64063,15090,131,25,0.196338951587677,0.7083286643028259,0.09533237665891647,-0.10100657492876053,Neutral
856233279841849344,2017-04-23 19:48:16+00:00,2017-04-23,2017-04,Sunday,19,iPhone,False,New polls out today are very good considering that much of the media is FAKE and almost always negative. Would still beat Hillary in .....,63642,11742,138,25,0.07686145603656769,0.2470463216304779,0.676092267036438,0.5992308109998703,Positive
856234989591121922,2017-04-23 19:55:04+00:00,2017-04-23,2017-04,Sunday,19,iPhone,False,...popular vote. ABC News/Washington Post Poll (wrong big on election) said almost all stand by their vote on me &amp; 53% said strong leader.,60868,11947,142,24,0.04099537432193756,0.5057811141014099,0.45322349667549133,0.41222812235355377,Neutral
856481786938916865,2017-04-24 12:15:45+00:00,2017-04-24,2017-04,Monday,12,iPhone,False,"The two fake news polls released yesterday, ABC &amp; NBC, while containing some very positive info, were totally wrong in General E. Watch!",46670,9043,140,23,0.7950632572174072,0.1821720451116562,0.022764788940548897,-0.7722984682768583,Negative
856484873133060101,2017-04-24 12:28:01+00:00,2017-04-24,2017-04,Monday,12,iPhone,True,The Wall is a very important tool in stopping drugs from pouring into our country and poisoning our youth (and many others)! If,51718,11354,127,23,0.13288195431232452,0.5068929195404053,0.3602251410484314,0.22734318673610687,Neutral
856508531087990785,2017-04-24 14:02:01+00:00,2017-04-24,2017-04,Monday,14,iPhone,False,#CongratsPeggy! https://t.co/e1q36nKT8g,30050,5553,39,2,0.0027586747892200947,0.01177976094186306,0.9854615926742554,0.9827029178850353,Positive
856531163799859201,2017-04-24 15:31:57+00:00,2017-04-24,2017-04,Monday,15,iPhone,True,"....the wall is not built, which it will be, the drug situation will NEVER be fixed the way it should be! #BuildTheWall",37967,8029,119,22,0.9325239658355713,0.06112151965498924,0.006354568060487509,-0.9261693977750838,Negative
856556220911681539,2017-04-24 17:11:31+00:00,2017-04-24,2017-04,Monday,17,Twitter Ads,False,Join me in congratulating @NASA's @AstroPeggy by using the hashtag #CongratsPeggy! Earlier today:… https://t.co/AUdJgxXiT4,37547,7469,122,14,0.0016151019372045994,0.025838736444711685,0.9725461006164551,0.9709309986792505,Positive
856557986474491904,2017-04-24 17:18:32+00:00,2017-04-24,2017-04,Monday,17,iPhone,False,"If our healthcare plan is approved, you will see real healthcare and premiums will start tumbling down. ObamaCare is in a death spiral!",71615,13571,135,23,0.7614201307296753,0.20082975924015045,0.037750061601400375,-0.7236700691282749,Negative
856606707463725057,2017-04-24 20:32:08+00:00,2017-04-24,2017-04,Monday,20,iPhone,False,"Today, I signed the Holocaust Remembrance Proclamation: https://t.co/762SqgdLMV #ICYMI- My statement last night at… https://t.co/vrqqFDi8En",44131,10428,139,15,0.021746786311268806,0.9402140974998474,0.03803917393088341,0.0162923876196146,Neutral
856830933709750272,2017-04-25 11:23:08+00:00,2017-04-25,2017-04,Tuesday,11,iPhone,False,Proud of @IvankaTrump for her leadership on these important issues. Looking forward to hearing her speak at the W20! https://t.co/e6Uajrm8zp,38213,6673,140,20,0.002090325579047203,0.00967350322753191,0.988236129283905,0.9861458037048578,Positive
856847826663460865,2017-04-25 12:30:15+00:00,2017-04-25,2017-04,Tuesday,12,iPhone,False,Canada has made business for our dairy farmers in Wisconsin and other border states very difficult. We will not stand for this. Watch!,62127,14456,134,23,0.8887851238250732,0.10220891982316971,0.009005937725305557,-0.8797791860997677,Negative
856849388026687492,2017-04-25 12:36:28+00:00,2017-04-25,2017-04,Tuesday,12,iPhone,False,"Don't let the fake media tell you that I have changed my position on the WALL. It will get built and help stop drugs, human trafficking etc.",99995,26296,140,27,0.3224426805973053,0.5469751358032227,0.13058213889598846,-0.19186054170131683,Neutral
856928555179143168,2017-04-25 17:51:03+00:00,2017-04-25,2017-04,Tuesday,17,iPhone,False,Remarks at the United States Holocaust Memorial Museum's National Days of Remembrance. Full remarks:… https://t.co/BJbI6ZtGo7,36693,7491,125,15,0.024234065786004066,0.9365282654762268,0.039237700402736664,0.015003634616732597,Neutral
857014413081137154,2017-04-25 23:32:13+00:00,2017-04-25,2017-04,Tuesday,23,iPhone,False,'Presidential Executive Order on Promoting Agriculture and Rural Prosperity in America' Executive Order:… https://t.co/LVMjZ9Ax0U,39714,8885,129,14,0.007265337277203798,0.7406527996063232,0.25208184123039246,0.24481650395318866,Neutral
857177434210304001,2017-04-26 10:20:00+00:00,2017-04-26,2017-04,Wednesday,10,iPhone,False,First the Ninth Circuit rules against the ban &amp; now it hits again on sanctuary cities-both ridiculous rulings. See you in the Supreme Court!,68988,18022,144,24,0.8968613743782043,0.0943688154220581,0.0087698670104146,-0.8880915073677897,Negative
857180178736459776,2017-04-26 10:30:54+00:00,2017-04-26,2017-04,Wednesday,10,iPhone,False,"Out of our very big country, with many choices, does everyone notice that both the ""ban"" case and now the ""sanctuary"" case is brought in ...",49005,10380,140,26,0.21565598249435425,0.7385990619659424,0.04574494808912277,-0.16991103440523148,Neutral
857182179469774848,2017-04-26 10:38:51+00:00,2017-04-26,2017-04,Wednesday,10,iPhone,False,"...the Ninth Circuit, which has a terrible record of being overturned (close to 80%). They used to call this ""judge shopping!"" Messy system.",56586,12781,140,23,0.915250837802887,0.07763653248548508,0.007112687919288874,-0.9081381498835981,Negative
857185261029126144,2017-04-26 10:51:06+00:00,2017-04-26,2017-04,Wednesday,10,iPhone,False,The U.S. recorded its slowest economic growth in five years (2016). GDP up only 1.6%. Trade deficits hurt the economy very badly.,47225,9388,129,22,0.9093279838562012,0.08204948157072067,0.008622474037110806,-0.9007055098190904,Negative
857246245672366081,2017-04-26 14:53:26+00:00,2017-04-26,2017-04,Wednesday,14,iPhone,False,"HAPPY BIRTHDAY to our @FLOTUS, Melania! https://t.co/rYYp51mxDQ https://t.co/np7KYHglSv",84792,18178,87,8,0.003095881547778845,0.008933131583034992,0.9879710078239441,0.9848751262761652,Positive
857295731929034753,2017-04-26 18:10:04+00:00,2017-04-26,2017-04,Wednesday,18,Twitter Ads,False,"Today, I signed an Executive Order @ the U.S. Dept. of @Interior: 'Review of Designations Under the Antiquities Act… https://t.co/Eq6JDzMqTY",33658,7175,140,20,0.006491030566394329,0.8613713383674622,0.13213758170604706,0.12564655113965273,Neutral
857335793261568000,2017-04-26 20:49:16+00:00,2017-04-26,2017-04,Wednesday,20,Twitter Ads,False,"Today, I signed an Executive Order on Enforcing Statutory Prohibitions on Federal Control of Education. EO:… https://t.co/YYafFQncbC",40184,9090,132,17,0.00800596084445715,0.9075482487678528,0.08444581180810928,0.07643985096365213,Neutral
857360510534209536,2017-04-26 22:27:29+00:00,2017-04-26,2017-04,Wednesday,22,iPhone,False,"A great great honor to welcome &amp; recognize the National Teacher of the Year, as well as the Teacher of the Year fro… https://t.co/pUGl7RDoVX",48969,9593,144,24,0.002399289282038808,0.018356943503022194,0.979243814945221,0.9768445256631821,Positive
857370270776086528,2017-04-26 23:06:16+00:00,2017-04-26,2017-04,Wednesday,23,iPhone,False,"Democrats are trying to bail out insurance companies from disastrous #ObamaCare, and Puerto Rico with your tax dollars. Sad!",53161,15446,124,19,0.9157034158706665,0.07467074692249298,0.009625819511711597,-0.9060775963589549,Negative
857552956836786177,2017-04-27 11:12:12+00:00,2017-04-27,2017-04,Thursday,11,iPhone,False,I received calls from the President of Mexico and the Prime Minister of Canada asking to renegotiate NAFTA rather than terminate. I agreed..,70086,16005,140,23,0.015272445976734161,0.8293030858039856,0.15542438626289368,0.14015194028615952,Neutral
857555256003227648,2017-04-27 11:21:20+00:00,2017-04-27,2017-04,Thursday,11,iPhone,False,"...subject to the fact that if we do not reach a fair deal for all, we will then terminate NAFTA. Relationships are good-deal very possible!",49242,10122,140,25,0.14202933013439178,0.7014105916023254,0.15656010806560516,0.014530777931213379,Neutral
857557522584088576,2017-04-27 11:30:20+00:00,2017-04-27,2017-04,Thursday,11,iPhone,False,The Democrats want to shut government if we don't bail out Puerto Rico and give billions to their insurance companies for OCare failure. NO!,70192,17557,140,24,0.8815506100654602,0.11063189059495926,0.007817601785063744,-0.8737330082803965,Negative
857604537003200512,2017-04-27 14:37:09+00:00,2017-04-27,2017-04,Thursday,14,iPhone,False,I want to help our miners while the Democrats are blocking their healthcare.,45394,9735,76,13,0.8042559027671814,0.17709198594093323,0.018652070313692093,-0.7856038324534893,Negative
857604623531749376,2017-04-27 14:37:30+00:00,2017-04-27,2017-04,Thursday,14,iPhone,False,I promise to rebuild our military and secure our border. Democrats want to shut down the government. Politics!,60294,13141,110,18,0.5290588140487671,0.3687058687210083,0.1022353395819664,-0.4268234744668007,Negative
857604709829529601,2017-04-27 14:37:51+00:00,2017-04-27,2017-04,Thursday,14,iPhone,False,What's more important? Rebuilding our military - or bailing out insurance companies? Ask the Democrats.,60019,13824,103,15,0.4550354480743408,0.48988890647888184,0.055075593292713165,-0.39995985478162766,Neutral
857604808676708353,2017-04-27 14:38:14+00:00,2017-04-27,2017-04,Thursday,14,iPhone,False,Democrats jeopardizing the safety of our troops to bail out their donors from insurance companies. It is time to put #AmericaFirst🇺🇸,49085,11977,132,21,0.7920205593109131,0.17734543979167938,0.030634034425020218,-0.7613865248858929,Negative
857605018266062848,2017-04-27 14:39:04+00:00,2017-04-27,2017-04,Thursday,14,iPhone,False,Democrats used to support border security — now they want illegals to pour through our borders.,58667,14266,95,16,0.841771125793457,0.1492401361465454,0.008988705463707447,-0.8327824203297496,Negative
857605104417026049,2017-04-27 14:39:25+00:00,2017-04-27,2017-04,Thursday,14,iPhone,False,As families prepare for summer vacations in our National Parks - Democrats threaten to close them and shut down the government. Terrible!,59887,15064,137,22,0.8808948993682861,0.10816788673400879,0.010937218554317951,-0.8699576808139682,Negative
857670562478518273,2017-04-27 18:59:31+00:00,2017-04-27,2017-04,Thursday,18,iPhone,False,.@FLOTUS Melania and I were honored to welcome Argentina President @MauricioMacri and First Lady Juliana Awada to t… https://t.co/gR3EPznu1H,53239,11929,140,19,0.0020139801781624556,0.03434417024254799,0.9636418223381042,0.9616278421599418,Positive
857711651952500737,2017-04-27 21:42:47+00:00,2017-04-27,2017-04,Thursday,21,iPhone,False,"Presidential Memorandum for the @CommerceGov, @SecretaryRoss re: Aluminum Imports and Threats to National Security:… https://t.co/GnKoVz9GTO",28134,5946,140,15,0.10866998881101608,0.8667857050895691,0.02454431541264057,-0.08412567339837551,Neutral
857726884045496325,2017-04-27 22:43:19+00:00,2017-04-27,2017-04,Thursday,22,Twitter Ads,False,"Today, I signed an Executive Order on Improving Accountability and Whistleblower Protection at the @DeptVetAffairs:… https://t.co/UQ6VNCyhlj",47053,10913,140,16,0.005831913556903601,0.6700965762138367,0.3240715265274048,0.3182396129705012,Neutral
857931397562085376,2017-04-28 12:15:59+00:00,2017-04-28,2017-04,Friday,12,iPhone,False,"We are making tremendous progress with the V. A. There has never been so much done so quickly, and we have just started. We love our VETS!",80605,15697,138,27,0.0027901700232177973,0.009331769309937954,0.9878780841827393,0.9850879141595215,Positive
858086278037950464,2017-04-28 22:31:25+00:00,2017-04-28,2017-04,Friday,22,iPhone,False,I will be interviewed by @MarthaMaccallum on @FoxNews tonight at 7pm. Enjoy!,35278,5280,76,12,0.0016309419879689813,0.11272511631250381,0.8856439590454102,0.8840130170574412,Positive
858100088253669376,2017-04-28 23:26:18+00:00,2017-04-28,2017-04,Friday,23,iPhone,False,"North Korea disrespected the wishes of China &amp; its highly respected President when it launched, though unsuccessfully, a missile today. Bad!",85241,23417,144,21,0.8921076059341431,0.10069386661052704,0.007198565173894167,-0.8849090407602489,Negative
858148882756325379,2017-04-29 02:40:11+00:00,2017-04-29,2017-04,Saturday,2,iPhone,False,".@LouDobbs just stated that ""President Trump's successes are unmatched in recent presidential history"" Thank you Lou!",72825,15086,117,16,0.0033201042097061872,0.017589960247278214,0.9790899753570557,0.9757698711473495,Positive
858343980823703553,2017-04-29 15:35:26+00:00,2017-04-29,2017-04,Saturday,15,iPhone,False,"Looking forward to RALLY in the Great State of Pennsylvania tonight at 7:30. Big crowd, big energy!",59362,10293,99,17,0.0018047848716378212,0.010750645771622658,0.9874445199966431,0.9856397351250052,Positive
858375278686613504,2017-04-29 17:39:48+00:00,2017-04-29,2017-04,Saturday,17,iPhone,False,"Mainstream (FAKE) media refuses to state our long list of achievements, including 28 legislative signings, strong borders &amp; great optimism!",79930,19990,143,20,0.055168233811855316,0.16574294865131378,0.7790887951850891,0.7239205613732338,Positive
858645405252374528,2017-04-30 11:33:12+00:00,2017-04-30,2017-04,Sunday,11,iPhone,False,I will be interviewed on @FaceTheNation this morning at 10:00 A.M. Have a great day!,39339,5813,84,15,0.0015609454130753875,0.01157683040946722,0.9868621826171875,0.9853012372041121,Positive
858653541094879232,2017-04-30 12:05:31+00:00,2017-04-30,2017-04,Sunday,12,iPhone,False,Big excitement last night in the Great State of Pennsylvania! Fantastic crowd and people. MAKE AMERICA GREAT AGAIN!,67068,11579,115,18,0.0025519973132759333,0.006582158617675304,0.9908658862113953,0.9883138888981193,Positive
858654431956672512,2017-04-30 12:09:04+00:00,2017-04-30,2017-04,Sunday,12,iPhone,False,"The Democrats, without a leader, have become the party of obstruction.They are only interested in themselves and not in what's best for U.S.",95028,24380,140,23,0.8797517418861389,0.11089577525854111,0.009352555498480797,-0.8703991863876581,Negative
858659215451271168,2017-04-30 12:28:04+00:00,2017-04-30,2017-04,Sunday,12,iPhone,False,You can't compare anything to ObamaCare because ObamaCare is dead. Dems want billions to go to Insurance Companies to bail out donors....New,60839,13336,140,22,0.8039348721504211,0.18157735466957092,0.014487729407846928,-0.7894471427425742,Negative
858660413873025024,2017-04-30 12:32:50+00:00,2017-04-30,2017-04,Sunday,12,iPhone,False,...healthcare plan is on its way. Will have much lower premiums &amp; deductibles while at the same time taking care of pre-existing conditions!,75848,14276,144,23,0.012798462994396687,0.32795149087905884,0.6592499613761902,0.6464514983817935,Positive
859127705366921216,2017-05-01 19:29:41+00:00,2017-05-01,2017-05,Monday,19,iPhone,False,This month we celebrate the contributions of Asian Americans &amp; Pacific Islanders that enrich our Nation. https://t.co/rEJi9ahOaY,36229,7137,132,17,0.0018934754189103842,0.04742034524679184,0.9506862163543701,0.9487927409354597,Positive
859143061678501892,2017-05-01 20:30:42+00:00,2017-05-01,2017-05,Monday,20,Twitter Ads,False,#ICYMI- On Saturday I signed two EO's to help keep jobs &amp; wealth in our country. EO1: https://t.co/XJggnJAiPi EO2:… https://t.co/2iEten4SVl,37321,8107,143,20,0.003455552738159895,0.23437398672103882,0.7621704339981079,0.758714881259948,Positive
859209801175269376,2017-05-02 00:55:54+00:00,2017-05-02,2017-05,Tuesday,0,iPhone,False,"President Andrew Jackson, who died 16 years before the Civil War started, saw it coming and was angry. Would never have let it happen!",57577,11802,134,24,0.8536861538887024,0.13166822493076324,0.014645680785179138,-0.8390404731035233,Negative
859392449181093888,2017-05-02 13:01:41+00:00,2017-05-02,2017-05,Tuesday,13,iPhone,False,The reason for the plan negotiated between the Republicans and Democrats is that we need 60 votes in the Senate which are not there! We....,43751,10001,139,25,0.4125901758670807,0.5468116998672485,0.040598127990961075,-0.3719920478761196,Neutral
859393829505552385,2017-05-02 13:07:10+00:00,2017-05-02,2017-05,Tuesday,13,iPhone,False,"either elect more Republican Senators in 2018 or change the rules now to 51%. Our country needs a good ""shutdown"" in September to fix mess!",66895,16972,139,25,0.791248083114624,0.19013674557209015,0.018615107983350754,-0.7726329751312733,Negative
859514893418082310,2017-05-02 21:08:14+00:00,2017-05-02,2017-05,Tuesday,21,iPhone,False,"Congratulations to the winners of the Commander-in-Chief's Trophy, the great Air Force Falcons! Watch:… https://t.co/HyxxFCfaUh",42230,8292,127,15,0.002513663377612829,0.02535899542272091,0.9721273183822632,0.9696136550046504,Positive
859601184285491201,2017-05-03 02:51:07+00:00,2017-05-03,2017-05,Wednesday,2,iPhone,False,FBI Director Comey was the best thing that ever happened to Hillary Clinton in that he gave her a free pass for many bad deeds! The phony...,80752,20585,140,27,0.44956082105636597,0.2430085688829422,0.30743059515953064,-0.14213022589683533,Negative
859604996236742656,2017-05-03 03:06:16+00:00,2017-05-03,2017-05,Wednesday,3,iPhone,False,...Trump/Russia story was an excuse used by the Democrats as justification for losing the election. Perhaps Trump just ran a great campaign?,82992,18767,140,22,0.4179588258266449,0.459990531206131,0.1220506802201271,-0.2959081456065178,Neutral
859874689442775045,2017-05-03 20:57:56+00:00,2017-05-03,2017-05,Wednesday,20,iPhone,False,It was an honor to stop by a #SchoolChoice event hosted by @VP Pence and @usedgov Secretary @BetsyDeVosED at the… https://t.co/B8VxVsYNHA,41938,8738,137,21,0.0017334792064502835,0.032035309821367264,0.9662312269210815,0.9644977477146313,Positive
859890737160302592,2017-05-03 22:01:42+00:00,2017-05-03,2017-05,Wednesday,22,iPhone,False,An honor to host President Mahmoud Abbas at the WH today. Hopefully something terrific could come out it between th… https://t.co/eyHLFZbKhn,28769,6611,140,21,0.0021069191861897707,0.012583760544657707,0.9853093028068542,0.9832023836206645,Positive
860081707315232771,2017-05-04 10:40:33+00:00,2017-05-04,2017-05,Thursday,10,iPhone,False,"Susan Rice, the former National Security Advisor to President Obama, is refusing to testify before a Senate Subcommittee next week on.....",47111,13956,138,21,0.4078550934791565,0.5822539329528809,0.009890927001833916,-0.3979641664773226,Neutral
860083874893897728,2017-05-04 10:49:10+00:00,2017-05-04,2017-05,Thursday,10,iPhone,False,...allegations of unmasking Trump transition officials. Not good!,40980,9525,65,8,0.8373710513114929,0.1537577509880066,0.00887124240398407,-0.8284998089075089,Negative
860087334519414784,2017-05-04 11:02:54+00:00,2017-05-04,2017-05,Thursday,11,iPhone,False,The Fake News media is officially out of control. They will do or say anything in order to get attention - never been a time like this!,73565,18941,135,27,0.9114755988121033,0.07796189188957214,0.010562476702034473,-0.9009131221100688,Negative
860088511202029569,2017-05-04 11:07:35+00:00,2017-05-04,2017-05,Thursday,11,iPhone,True,Congratulations to @foxandfriends on its unbelievable ratings hike.,38184,6802,67,8,0.003952393773943186,0.01565859280526638,0.9803889393806458,0.9764365456067026,Positive
860108914624532480,2017-05-04 12:28:39+00:00,2017-05-04,2017-05,Thursday,12,iPhone,False,"Death spiral! 'Aetna will exit Obamacare markets in VA in 2018, citing expected losses on INDV plans this year' https://t.co/5YnzDitF8r",29942,8296,135,20,0.8098735809326172,0.18173378705978394,0.008392744697630405,-0.8014808362349868,Negative
860153543151542272,2017-05-04 15:26:00+00:00,2017-05-04,2017-05,Thursday,15,iPhone,False,"Beautiful evening with Religious Leaders here at the WH last night. Join us now for a #NationalDayofPrayer, LIVE:… https://t.co/b8j1tWZJuv",37555,8249,138,19,0.0016634828643873334,0.01723848097026348,0.9810980558395386,0.9794345729751512,Positive
860188065758838785,2017-05-04 17:43:11+00:00,2017-05-04,2017-05,Thursday,17,iPhone,False,"I am watching the Democrats trying to defend the ""you can keep you doctor, you can keep your plan &amp; premiums will go down"" ObamaCare lie.""",61739,14676,142,26,0.5975428223609924,0.3648161292076111,0.03764105215668678,-0.5599017702043056,Negative
860191508619722752,2017-05-04 17:56:51+00:00,2017-05-04,2017-05,Thursday,17,iPhone,False,Insurance companies are fleeing ObamaCare - it is dead. Our healthcare plan will lower premiums &amp; deductibles - and be great healthcare!,58383,12494,140,22,0.17646579444408417,0.40723010897636414,0.4163041114807129,0.23983831703662872,Positive
860194183797243904,2017-05-04 18:07:29+00:00,2017-05-04,2017-05,Thursday,18,iPhone,False,"If victorious, Republicans will be having a big press conference at the beautiful Rose Garden of the White House immediately after vote!",49494,8492,136,22,0.008843761868774891,0.23209752142429352,0.7590587735176086,0.7502150116488338,Positive
860326946147840001,2017-05-05 02:55:02+00:00,2017-05-05,2017-05,Friday,2,Twitter Ads,False,It was a GREAT day for the United States of America! This is a great plan that is a repeal &amp; replace of ObamaCare.… https://t.co/0TnmLn55Lm,59214,12850,143,25,0.002183174015954137,0.011088425293564796,0.9867283701896667,0.9845451961737126,Positive
860377543878348800,2017-05-05 06:16:06+00:00,2017-05-05,2017-05,Friday,6,Twitter Ads,False,"An honor to welcome PM of Australia, @TurnbullMalcolm to America &amp; join him in marking the 75th Anniversary of the… https://t.co/foMUec7EAE",38682,7146,143,21,0.0014321982162073255,0.022004716098308563,0.9765631556510925,0.9751309574348852,Positive
860477328882905089,2017-05-05 12:52:36+00:00,2017-05-05,2017-05,Friday,12,iPhone,False,"Big win in the House - very exciting! But when everything comes together with the inclusion of Phase 2, we will have truly great healthcare!",54711,10182,140,25,0.0017308654496446252,0.0101928124204278,0.9880763292312622,0.9863454637816176,Positive
860479885566980096,2017-05-05 13:02:46+00:00,2017-05-05,2017-05,Friday,13,iPhone,False,"Rather than causing a big disruption in N.Y.C., I will be working out of my home in Bedminster, N.J. this weekend. Also saves country money!",66822,11961,140,25,0.052799638360738754,0.5384047627449036,0.408795565366745,0.35599592700600624,Neutral
860573284462669824,2017-05-05 19:13:54+00:00,2017-05-05,2017-05,Friday,19,iPhone,False,Of course the Australians have better healthcare than we do --everybody does. ObamaCare is dead! But our healthcare will soon be great.,63624,12912,135,22,0.10410080850124359,0.21974945068359375,0.6761497855186462,0.5720489770174026,Positive
860577873060651008,2017-05-05 19:32:08+00:00,2017-05-05,2017-05,Friday,19,iPhone,False,"JOBS, JOBS, JOBS! https://t.co/UR0eetSEnO",47346,12907,41,4,0.0076231202110648155,0.21627473831176758,0.7761021256446838,0.768479005433619,Positive
860580764944969728,2017-05-05 19:43:37+00:00,2017-05-05,2017-05,Friday,19,Twitter Ads,False,#WeeklyAddress🇺🇸 https://t.co/4qckKpbtCR,39260,9996,40,2,0.005251261871308088,0.7361142039299011,0.2586345374584198,0.2533832755871117,Neutral
860635815277453313,2017-05-05 23:22:22+00:00,2017-05-05,2017-05,Friday,23,iPhone,False,"Wow,the Fake News media did everything in its power to make the Republican Healthcare victory look as bad as possible.Far better than Ocare!",66676,13976,140,23,0.8859812617301941,0.09192938357591629,0.0220892783254385,-0.8638919834047556,Negative
860637673744195584,2017-05-05 23:29:45+00:00,2017-05-05,2017-05,Friday,23,iPhone,False,Why is it that the Fake News rarely reports Ocare is on its last legs and that insurance companies are fleeing for their lives? It's dead!,64403,14503,138,26,0.9268879890441895,0.06670000404119492,0.006411896552890539,-0.9204760924912989,Negative
860638890570416132,2017-05-05 23:34:36+00:00,2017-05-05,2017-05,Friday,23,iPhone,False,Great jobs report today - It is all beginning to work!,70188,12727,54,11,0.002226865151897073,0.008378569036722183,0.9893946051597595,0.9871677400078624,Positive
860987464114110465,2017-05-06 22:39:42+00:00,2017-05-06,2017-05,Saturday,22,iPhone,False,"The reason I am staying in Bedminster, N. J., a beautiful community, is that staying in NYC is much more expensive and disruptive. Meetings!",63688,11079,140,24,0.12851744890213013,0.38849055767059326,0.4829919934272766,0.3544745445251465,Positive
861177649179373569,2017-05-07 11:15:26+00:00,2017-05-07,2017-05,Sunday,11,iPhone,False,When will the Fake Media ask about the Dems dealings with Russia &amp; why the DNC wouldn't allow the FBI to check their server or investigate?,68200,18592,143,26,0.6774438619613647,0.312000572681427,0.010555620305240154,-0.6668882416561246,Negative
861201362834665472,2017-05-07 12:49:39+00:00,2017-05-07,2017-05,Sunday,12,iPhone,False,Republican Senators will not let the American people down! ObamaCare premiums and deductibles are way up - it was a lie and it is dead!,60352,12994,135,25,0.8820448517799377,0.10227430611848831,0.015680847689509392,-0.8663640040904284,Negative
861300169438113793,2017-05-07 19:22:17+00:00,2017-05-07,2017-05,Sunday,19,iPhone,False,Congratulations to Emmanuel Macron on his big win today as the next President of France. I look very much forward to working with him!,80945,22692,134,24,0.002040653256699443,0.008198264986276627,0.9897610545158386,0.9877204012591392,Positive
861354654856249344,2017-05-07 22:58:47+00:00,2017-05-07,2017-05,Sunday,22,iPhone,False,Rexnord of Indiana made a deal during the Obama Administration to move to Mexico. Fired their employees. Tax product big that's sold in U.S.,44843,10426,140,24,0.42822030186653137,0.5428821444511414,0.028897590935230255,-0.3993227109313011,Neutral
861544307043467264,2017-05-08 11:32:24+00:00,2017-05-08,2017-05,Monday,11,iPhone,False,Congratulations to @PGA_JohnDaly on his big win yesterday. John is a great guy who never gave up - and now a winner again!,51262,10448,122,23,0.002843122696503997,0.009509333409368992,0.987647533416748,0.984804410720244,Positive
861550676505219073,2017-05-08 11:57:42+00:00,2017-05-08,2017-05,Monday,11,iPhone,False,General Flynn was given the highest security clearance by the Obama Administration - but the Fake News seldom likes talking about that.,59930,16501,135,22,0.35647711157798767,0.5897699594497681,0.053752947598695755,-0.3027241639792919,Neutral
861554864542941185,2017-05-08 12:14:21+00:00,2017-05-08,2017-05,Monday,12,iPhone,False,"Ask Sally Yates, under oath, if she knows how classified information got into the newspapers soon after she explained it to W.H. Council.",21739,6818,137,23,0.3088643550872803,0.6721881628036499,0.01894749142229557,-0.2899168636649847,Neutral
861592420043157504,2017-05-08 14:43:35+00:00,2017-05-08,2017-05,Monday,14,iPhone,False,"Ask Sally Yates, under oath, if she knows how classified information got into the newspapers soon after she explained it to W.H. Counsel.",60380,16658,137,23,0.29648709297180176,0.6832472681999207,0.020265629515051842,-0.2762214634567499,Neutral
861637456281690113,2017-05-08 17:42:32+00:00,2017-05-08,2017-05,Monday,17,iPhone,False,"Honored to welcome Georgia Prime Minister, Giorgi Kvirikashvili to the @WhiteHouse today with @VP Mike Pence.… https://t.co/ohXXgTNtWB",35879,6842,134,17,0.0023594649974256754,0.09437493234872818,0.903265655040741,0.9009061900433153,Positive
861712617299210240,2017-05-08 22:41:12+00:00,2017-05-08,2017-05,Monday,22,iPhone,False,"Director Clapper reiterated what everybody, including the fake media already knows- there is ""no evidence"" of collusion w/ Russia and Trump.",67573,17639,140,21,0.40960893034935,0.5530228614807129,0.03736817091703415,-0.3722407594323158,Neutral
861713233786404864,2017-05-08 22:43:39+00:00,2017-05-08,2017-05,Monday,22,iPhone,False,Sally Yates made the fake media extremely unhappy today --- she said nothing but old news!,53342,11260,90,16,0.9353815913200378,0.05754467099905014,0.00707375630736351,-0.9283078350126743,Negative
861713823505494016,2017-05-08 22:46:00+00:00,2017-05-08,2017-05,Monday,22,iPhone,False,"The Russia-Trump collusion story is a total hoax, when will this taxpayer funded charade end?",64797,16471,93,15,0.8988077640533447,0.08981428295373917,0.011377987451851368,-0.8874297766014934,Negative
861715019674910721,2017-05-08 22:50:45+00:00,2017-05-08,2017-05,Monday,22,iPhone,False,Biggest story today between Clapper &amp; Yates is on surveillance. Why doesn't the media report on this? #FakeNews!,54604,14305,116,18,0.8357320427894592,0.1513654887676239,0.012902358546853065,-0.8228296842426062,Negative
861993986436866049,2017-05-09 17:19:16+00:00,2017-05-09,2017-05,Tuesday,17,iPhone,False,"It was an honor to welcome the Teachers of the Year to the WH last month. Today, we honor and thank all teachers!… https://t.co/sAUJfIZCwR",53028,9988,138,24,0.0024274501483887434,0.009710944257676601,0.9878616333007812,0.9854341831523925,Positive
862059314277748736,2017-05-09 21:38:51+00:00,2017-05-09,2017-05,Tuesday,21,iPhone,False,"'Manufacturing openings, hires rise to highest levels of the recovery' https://t.co/txFZDYYIOe",44303,9893,94,11,0.010927779600024223,0.5808950066566467,0.4081772267818451,0.39724944718182087,Neutral
862135824745467905,2017-05-10 02:42:52+00:00,2017-05-10,2017-05,Wednesday,2,iPhone,False,"Cryin' Chuck Schumer stated recently, ""I do not have confidence in him (James Comey) any longer."" Then acts so indignant. #draintheswamp",96844,29846,136,21,0.885591447353363,0.10533686727285385,0.009071685373783112,-0.8765197619795799,Negative
862263649821503489,2017-05-10 11:10:48+00:00,2017-05-10,2017-05,Wednesday,11,iPhone,False,"The Democrats have said some of the worst things about James Comey, including the fact that he should be fired, but now they play so sad!",77022,19595,137,26,0.9435538649559021,0.05156794935464859,0.004878166597336531,-0.9386756983585656,Negative
862265729718128641,2017-05-10 11:19:04+00:00,2017-05-10,2017-05,Wednesday,11,iPhone,False,"James Comey will be replaced by someone who will do a far better job, bringing back the spirit and prestige of the FBI.",80064,18385,119,23,0.24096760153770447,0.550081729888916,0.20895065367221832,-0.032016947865486145,Neutral
862267781336752128,2017-05-10 11:27:13+00:00,2017-05-10,2017-05,Wednesday,11,iPhone,False,"Comey lost the confidence of almost everyone in Washington, Republican and Democrat alike. When things calm down, they will be thanking me!",74805,18002,139,22,0.7097210884094238,0.2285362184047699,0.06174265965819359,-0.6479784287512302,Negative
862282202188566529,2017-05-10 12:24:32+00:00,2017-05-10,2017-05,Wednesday,12,iPhone,False,"Watching Senator Richard Blumenthal speak of Comey is a joke. ""Richie"" devised one of the greatest military frauds in U.S. history. For....",57754,15037,139,22,0.9169470071792603,0.07450392097234726,0.00854913517832756,-0.9083978720009327,Negative
862283792559616000,2017-05-10 12:30:51+00:00,2017-05-10,2017-05,Wednesday,12,iPhone,False,"years, as a pol in Connecticut, Blumenthal would talk of his great bravery and conquests in Vietnam - except he was never there. When....",56941,14579,137,24,0.3442607522010803,0.557745635509491,0.0979936271905899,-0.24626712501049042,Neutral
862286091759611905,2017-05-10 12:39:59+00:00,2017-05-10,2017-05,Wednesday,12,iPhone,False,"caught, he cried like a baby and begged for forgiveness...and now he is judge &amp; jury. He should be the one who is investigated for his acts.",61884,13771,144,27,0.8773421049118042,0.11391163617372513,0.008746328763663769,-0.8685957761481404,Negative
862290442129461249,2017-05-10 12:57:16+00:00,2017-05-10,2017-05,Wednesday,12,iPhone,False,The Roger Stone report on @CNN is false - Fake News. Have not spoken to Roger in a long time - had nothing to do with my decision.,58364,15780,130,28,0.8630785346031189,0.12948429584503174,0.007437197025865316,-0.8556413375772536,Negative
862387734492663808,2017-05-10 19:23:52+00:00,2017-05-10,2017-05,Wednesday,19,iPhone,False,Dems have been complaining for months &amp; months about Dir. Comey. Now that he has been fired they PRETEND to be aggrieved. Phony hypocrites!,95996,25650,143,24,0.906532347202301,0.08337640017271042,0.010091287083923817,-0.8964410601183772,Negative
862460991451344896,2017-05-11 00:14:58+00:00,2017-05-11,2017-05,Thursday,0,iPhone,False,The Democrats should be ashamed. This is a disgrace! #DrainTheSwamp https://t.co/UfbKEECm2V,101939,42018,91,11,0.9396541118621826,0.05204125493764877,0.008304573595523834,-0.9313495382666588,Negative
862752672683839488,2017-05-11 19:34:00+00:00,2017-05-11,2017-05,Thursday,19,iPhone,False,'Presidential Executive Order on Strengthening the Cybersecurity of Federal Networks and Critical Infrastructure'… https://t.co/kQDBvXPekk,38181,8399,138,14,0.007452765014022589,0.8572870492935181,0.13526014983654022,0.12780738482251763,Neutral
862753016193089536,2017-05-11 19:35:22+00:00,2017-05-11,2017-05,Thursday,19,iPhone,False,'Presidential Executive Order on the Establishment of Presidential Advisory Commission on Election Integrity' ➡️… https://t.co/kVG8r7qZS5,41657,9959,137,15,0.02472872845828533,0.9227613806724548,0.05250989645719528,0.02778116799890995,Neutral
862758098892619780,2017-05-11 19:55:34+00:00,2017-05-11,2017-05,Thursday,19,iPhone,False,We finally agree on something Rosie. https://t.co/BSP5F3PgbZ,123601,42044,60,7,0.004633009433746338,0.1330883949995041,0.8622785806655884,0.857645571231842,Positive
862767872879325185,2017-05-11 20:34:25+00:00,2017-05-11,2017-05,Thursday,20,iPhone,False,Russia must be laughing up their sleeves watching as the U.S. tears itself apart over a Democrat EXCUSE for losing the election.,95102,25437,128,22,0.8910191059112549,0.09719239175319672,0.01178846973925829,-0.8792306361719966,Negative
862788002594127873,2017-05-11 21:54:24+00:00,2017-05-11,2017-05,Thursday,21,iPhone,False,"Yesterday, on the same day- I had meetings with Russian Foreign Minister Sergei Lavrov and the FM of Ukraine, Pavlo… https://t.co/hm4U54DCQO",53117,13018,140,21,0.004595239646732807,0.9394864439964294,0.05591819807887077,0.051322958432137966,Neutral
862998775731818496,2017-05-12 11:51:56+00:00,2017-05-12,2017-05,Friday,11,iPhone,False,"Again, the story that there was collusion between the Russians &amp; Trump campaign was fabricated by Dems as an excuse for losing the election.",79116,19493,144,24,0.7489368915557861,0.23301228880882263,0.018050730228424072,-0.7308861613273621,Negative
862999243560288256,2017-05-12 11:53:48+00:00,2017-05-12,2017-05,Friday,11,iPhone,False,The Fake Media is working overtime today!,80164,20433,41,7,0.825366199016571,0.1501510590314865,0.024482719600200653,-0.8008834794163704,Negative
863000553265270786,2017-05-12 11:59:00+00:00,2017-05-12,2017-05,Friday,11,iPhone,False,"As a very active President with lots of things happening, it is not possible for my surrogates to stand at podium with perfect accuracy!....",62986,13334,140,24,0.6434089541435242,0.3176714777946472,0.038919515907764435,-0.6044894382357597,Negative
863002719400976384,2017-05-12 12:07:36+00:00,2017-05-12,2017-05,Friday,12,iPhone,False,"...Maybe the best thing to do would be to cancel all future ""press briefings"" and hand out written responses for the sake of accuracy???",81862,18824,136,24,0.42897865176200867,0.5359209179878235,0.03510042652487755,-0.3938782252371311,Neutral
863007411132649473,2017-05-12 12:26:15+00:00,2017-05-12,2017-05,Friday,12,iPhone,False,"James Comey better hope that there are no ""tapes"" of our conversations before he starts leaking to the press!",77509,25845,109,19,0.7969009876251221,0.19027672708034515,0.012822244316339493,-0.7840787433087826,Negative
863014620516233216,2017-05-12 12:54:54+00:00,2017-05-12,2017-05,Friday,12,iPhone,False,"When James Clapper himself, and virtually everyone else with knowledge of the witch hunt, says there is no collusion, when does it end?",73483,18349,135,23,0.5341911911964417,0.44187575578689575,0.023933013901114464,-0.5102581772953272,Negative
863020954427043840,2017-05-12 13:20:04+00:00,2017-05-12,2017-05,Friday,13,iPhone,False,"China just agreed that the U.S. will be allowed to sell beef, and other major products, into China once again. This is REAL news!",125594,31188,129,24,0.010602469556033611,0.32364973425865173,0.6657478213310242,0.6551453517749906,Positive
863139099825364994,2017-05-12 21:09:32+00:00,2017-05-12,2017-05,Friday,21,iPhone,False,"Today, @FLOTUS hosted a Military Mother's Day Event in the East Room of the WH. It was an honor to stop by, say hel… https://t.co/wNVB0PYoef",56985,11970,140,25,0.0013715935638174415,0.03814895823597908,0.9604794979095459,0.9591079043457285,Positive
863140961114886144,2017-05-12 21:16:56+00:00,2017-05-12,2017-05,Friday,21,Twitter Ads,False,"Today, I welcomed the Victory Christian Center School. Good luck @ the Team America Rocketry Challenge! #TARC Watch… https://t.co/wFrRsK2wuo",52673,10873,140,19,0.0015268941642716527,0.014523564837872982,0.983949601650238,0.9824227074859664,Positive
863194069891031041,2017-05-13 00:47:58+00:00,2017-05-13,2017-05,Saturday,0,Twitter Ads,False,#WeeklyAddress🇺🇸 ➡️https://t.co/uT4K4fh88Y https://t.co/1iW7tVVNCH,46679,11067,66,3,0.008221876807510853,0.8079459071159363,0.18383224308490753,0.17561036627739668,Neutral
863446552559398916,2017-05-13 17:31:14+00:00,2017-05-13,2017-05,Saturday,17,iPhone,False,We,482,560,2,1,0.10480419546365738,0.4478975236415863,0.4472982585430145,0.34249406307935715,Neutral
863452412459307009,2017-05-13 17:54:31+00:00,2017-05-13,2017-05,Saturday,17,iPhone,False,Will be interviewed by @JudgeJeanine on @FoxNews at 9:00 P.M. (Saturday night). Enjoy!,46104,7672,86,13,0.0016322941519320011,0.1646721065044403,0.8336955308914185,0.8320632367394865,Positive
863468271668002817,2017-05-13 18:57:33+00:00,2017-05-13,2017-05,Saturday,18,Twitter Ads,False,"I was thrilled to be back @LibertyU. Congratulations to the Class of 2017! This is your day, and you've earned it.… https://t.co/87RYOPwBiY",72298,15678,139,22,0.0023466458078473806,0.007003763224929571,0.9906496405601501,0.9883029947523028,Positive
863774341921742848,2017-05-14 15:13:45+00:00,2017-05-14,2017-05,Sunday,15,iPhone,False,Wishing @FLOTUS Melania and all of the great mothers out there a wonderful day ahead with family and friends! Happy #MothersDay,135259,21966,127,21,0.0037522288039326668,0.009886320680379868,0.9863615036010742,0.9826092747971416,Positive
864207293289771012,2017-05-15 19:54:09+00:00,2017-05-15,2017-05,Monday,19,iPhone,False,"Today, I delivered remarks at the 36th Annual National Peace Officers' Memorial Service. #NationalPoliceWeek Watch… https://t.co/3EioVDCTqb",55356,11326,139,16,0.00425261165946722,0.8029276132583618,0.19281981885433197,0.18856720719486475,Neutral
864296272844529664,2017-05-16 01:47:43+00:00,2017-05-16,2017-05,Tuesday,1,iPhone,False,#PeaceOfficersMemorialDay and #PoliceWeek Proclamation: https://t.co/o4IXVfZuHw https://t.co/UMJ6hklx4a,72674,18322,103,6,0.05142334848642349,0.8252670764923096,0.12330956757068634,0.07188621908426285,Neutral
864436162567471104,2017-05-16 11:03:36+00:00,2017-05-16,2017-05,Tuesday,11,iPhone,False,"As President I wanted to share with Russia (at an openly scheduled W.H. meeting) which I have the absolute right to do, facts pertaining....",77202,19636,140,24,0.07272563129663467,0.7847694158554077,0.14250490069389343,0.06977926939725876,Neutral
864438529472049152,2017-05-16 11:13:00+00:00,2017-05-16,2017-05,Tuesday,11,iPhone,False,"...to terrorism and airline flight safety. Humanitarian reasons, plus I want Russia to greatly step up their fight against ISIS &amp; terrorism.",77454,18110,144,22,0.4149894416332245,0.510489821434021,0.0745207667350769,-0.3404686748981476,Neutral
864452996129853444,2017-05-16 12:10:29+00:00,2017-05-16,2017-05,Tuesday,12,iPhone,False,"I have been asking Director Comey &amp; others, from the beginning of my administration, to find the LEAKERS in the intelligence community.....",80922,19953,143,22,0.1404234915971756,0.7548292279243469,0.1047472432255745,-0.035676248371601105,Neutral
864511331029921792,2017-05-16 16:02:17+00:00,2017-05-16,2017-05,Tuesday,16,iPhone,False,'U.S. Industrial Production Surged in April' https://t.co/S0Z4SEIRhi,52833,12494,68,7,0.03888217359781265,0.9186490774154663,0.04246876388788223,0.00358659029006958,Neutral
864565791076872192,2017-05-16 19:38:42+00:00,2017-05-16,2017-05,Tuesday,19,Twitter Ads,False,"It was a great honor to welcome the President of Turkey, Recep Tayyip Erdoğan, to the @WhiteHouse today! https://t.co/4BWjOCgnNv",75883,19675,128,19,0.002089819172397256,0.011715826578438282,0.986194372177124,0.9841045530047268,Positive
864942610191978496,2017-05-17 20:36:02+00:00,2017-05-17,2017-05,Wednesday,20,Twitter Ads,False,It was my great honor to deliver the #CGACommencement17 at the @USCGAcademy. CONGRATULATIONS to the Class of 2017!… https://t.co/ehQanQXiSy,69370,13549,139,19,0.0026304295752197504,0.008871082216501236,0.9884985089302063,0.9858680793549865,Positive
865169927644340224,2017-05-18 11:39:19+00:00,2017-05-18,2017-05,Thursday,11,iPhone,False,"With all of the illegal acts that took place in the Clinton campaign &amp; Obama Administration, there was never a special councel appointed!",43793,14300,141,23,0.7996252179145813,0.1859748363494873,0.014399959705770016,-0.7852252582088113,Negative
865173176854204416,2017-05-18 11:52:14+00:00,2017-05-18,2017-05,Thursday,11,iPhone,False,This is the single greatest witch hunt of a politician in American history!,123598,36875,75,13,0.9162500500679016,0.0688546895980835,0.014895264059305191,-0.9013547860085964,Negative
865207118785372160,2017-05-18 14:07:06+00:00,2017-05-18,2017-05,Thursday,14,iPhone,False,"With all of the illegal acts that took place in the Clinton campaign &amp; Obama Administration, there was never a special counsel appointed!",107510,30639,141,23,0.7945379018783569,0.19013848900794983,0.015323547646403313,-0.7792143542319536,Negative
865337513245913089,2017-05-18 22:45:15+00:00,2017-05-18,2017-05,Thursday,22,Twitter Ads,False,A great honor to welcome President Juan Manuel Santos of Colombia to the White House today!🇺🇸🇨🇴 Joint Press Conf➡️… https://t.co/uWfiQEdsaY,52084,10016,139,20,0.0018479074351489544,0.019584879279136658,0.9785672426223755,0.9767193351872265,Positive
865387523371143168,2017-05-19 02:03:58+00:00,2017-05-19,2017-05,Friday,2,iPhone,False,"""President Donald J. Trump Proclaims 5/14/2017 through 5/20/2017 as #PoliceWeek"" Proclamation➡️… https://t.co/EcCsGaizWu",56437,12661,120,12,0.06520619988441467,0.9084168076515198,0.026376929134130478,-0.038829270750284195,Neutral
865573793531478017,2017-05-19 14:24:08+00:00,2017-05-19,2017-05,Friday,14,iPhone,False,Getting ready for my big foreign trip. Will be strongly protecting American interests - that's what I like to do!,108289,20489,113,20,0.003750768257305026,0.08204109966754913,0.9142081141471863,0.9104573458898813,Positive
865692565454106624,2017-05-19 22:16:06+00:00,2017-05-19,2017-05,Friday,22,iPhone,False,#WeeklyAddress🇺🇸 ➡️https://t.co/UYEhgch4Hl https://t.co/HIQoFuc5cy,36320,7462,66,3,0.008221876807510853,0.8079459071159363,0.18383224308490753,0.17561036627739668,Neutral
865865814099939328,2017-05-20 09:44:31+00:00,2017-05-20,2017-05,Saturday,9,iPhone,False,"Great to be in Riyadh, Saudi Arabia. Looking forward to the afternoon and evening ahead. #POTUSAbroad https://t.co/JJOra0KfyR",104413,97922,125,17,0.0019824239425361156,0.008754183538258076,0.9892633557319641,0.987280931789428,Positive
865957909565366272,2017-05-20 15:50:29+00:00,2017-05-20,2017-05,Saturday,15,iPhone,False,"Thank you to the BRAVE servicemen &amp; women who have served, and continue to serve the United States- our true HEROES… https://t.co/ZTV9F639xM",79015,19476,144,22,0.0069571370258927345,0.029337195679545403,0.9637057185173035,0.9567485814914107,Positive
866334629036384256,2017-05-21 16:47:25+00:00,2017-05-21,2017-05,Sunday,16,iPhone,False,Speech transcript at Arab Islamic American Summit ➡️https://t.co/eUWxJXJxbe Replay ➡️https://t.co/VtmlSqciXx #RiyadhSummit #POTUSAbroad,43456,11498,135,12,0.016760852187871933,0.9087807536125183,0.07445839047431946,0.057697538286447525,Neutral
866411249092902912,2017-05-21 21:51:53+00:00,2017-05-21,2017-05,Sunday,21,iPhone,False,#RiyadhSummit #POTUSAbroad🇺🇸 https://t.co/WdDEOiV6oS,62535,18121,52,3,0.009205401875078678,0.7661583423614502,0.2246362268924713,0.21543082501739264,Neutral
866749195297976320,2017-05-22 20:14:46+00:00,2017-05-22,2017-05,Monday,20,iPhone,False,"Prime Minister @Netanyahu and @PresidentRuvi- on behalf of @FLOTUS Melania and myself, thank you for the invitation… https://t.co/Z5YCpaRV6t",67115,13640,140,18,0.0031207266729325056,0.08772671967744827,0.9091525673866272,0.9060318407136947,Positive
866988278184116224,2017-05-23 12:04:48+00:00,2017-05-23,2017-05,Tuesday,12,iPhone,False,We stand in absolute solidarity with the people of the United Kingdom. https://t.co/X6fUUxxYXE,142171,34384,94,13,0.006093746051192284,0.207215815782547,0.7866904735565186,0.7805967275053263,Positive
867043258932875264,2017-05-23 15:43:16+00:00,2017-05-23,2017-05,Tuesday,15,iPhone,False,"Thank you for such a wonderful and unforgettable visit, Prime Minister @Netanyahu and @PresidentRuvi.",61159,9799,101,14,0.0024763585533946753,0.00884842500090599,0.9886752367019653,0.9861988781485707,Positive
867044286352809984,2017-05-23 15:47:21+00:00,2017-05-23,2017-05,Tuesday,15,iPhone,False,"Israel, Saudi Arabia and the Middle East were great. Trying hard for PEACE. Doing well. Heading to Vatican &amp; Pope, then #G7 and #NATO.",67826,12733,138,24,0.005989875644445419,0.052032481878995895,0.9419776797294617,0.9359878040850163,Positive
867047119974170625,2017-05-23 15:58:37+00:00,2017-05-23,2017-05,Tuesday,15,iPhone,False,All civilized nations must join together to protect human life and the sacred right of our citizens to live in safety and in peace.,120808,30140,131,24,0.03851337730884552,0.49225106835365295,0.46923550963401794,0.4307221323251724,Neutral
867354520526872576,2017-05-24 12:20:07+00:00,2017-05-24,2017-05,Wednesday,12,iPhone,False,Honor of a lifetime to meet His Holiness Pope Francis. I leave the Vatican more determined than ever to pursue PEAC… https://t.co/Jhe7SROaxD,110689,25209,140,22,0.001920589478686452,0.0317571796476841,0.9663223028182983,0.9644017133396119,Positive
867473100434161664,2017-05-24 20:11:18+00:00,2017-05-24,2017-05,Wednesday,20,iPhone,False,"Thank you for the warm welcome to Brussels, Belgium this afternoon! https://t.co/1AvYSameD4",57900,10949,91,12,0.0017173566156998277,0.012209402397274971,0.9860732555389404,0.9843558989232406,Positive
867801005018230786,2017-05-25 17:54:17+00:00,2017-05-25,2017-05,Thursday,17,Twitter Ads,False,Today's ceremony is a day for both remembrance and resolve. #NATOMeeting #NATO https://t.co/YNZV3bTekB,50720,11394,102,13,0.003543056081980467,0.2763980031013489,0.7200589776039124,0.7165159215219319,Positive
867834190078906370,2017-05-25 20:06:09+00:00,2017-05-25,2017-05,Thursday,20,iPhone,False,"Thank you for your support. Together, we will MAKE AMERICA SAFE AND GREAT AGAIN! #POTUSAbroad #USA🇺🇸 https://t.co/42vCwr5GkA",73422,16733,124,17,0.002904904307797551,0.026872782036662102,0.9702222943305969,0.9673173900227994,Positive
867874154497937408,2017-05-25 22:44:57+00:00,2017-05-25,2017-05,Thursday,22,iPhone,False,Just arrived in Taormina with @FLOTUS Melania. #G7Summit #USA🇺🇸 https://t.co/l7aXolKBiK,54765,9847,87,10,0.004314281977713108,0.7908028364181519,0.20488281548023224,0.20056853350251913,Neutral
868047480847568896,2017-05-26 10:13:41+00:00,2017-05-26,2017-05,Friday,10,iPhone,False,Just arrived in Italy for the G7. Trip has been very successful. We made and saved the USA many billions of dollars and millions of jobs.,72558,13761,137,26,0.0040541659109294415,0.020506685599684715,0.9754391312599182,0.9713849653489888,Positive
868047612301148160,2017-05-26 10:14:12+00:00,2017-05-26,2017-05,Friday,10,iPhone,False,"Getting ready to engage G7 leaders on many issues including economic growth, terrorism, and security.",63352,11322,101,15,0.020980248227715492,0.6808125376701355,0.29820722341537476,0.27722697518765926,Neutral
868201805934678017,2017-05-26 20:26:55+00:00,2017-05-26,2017-05,Friday,20,iPhone,False,Terrorists are engaged in a war against civilization- it is up to all who value life to confront &amp; defeat this evil➡️https://t.co/haeuvCIF6I,75014,20388,144,22,0.9008321762084961,0.09136339277029037,0.00780439144000411,-0.893027784768492,Negative
868205058743250944,2017-05-26 20:39:51+00:00,2017-05-26,2017-05,Friday,20,iPhone,False,"On behalf of @FLOTUS Melania and myself, thank you for a wonderful dinner and evening, President Sergio Mattarella.… https://t.co/EhvWgjkRrY",62776,11987,140,19,0.002455149544402957,0.020413896068930626,0.9771310091018677,0.9746758595574647,Positive
868406076995235840,2017-05-27 09:58:37+00:00,2017-05-27,2017-05,Saturday,9,iPhone,False,"Big G7 meetings today. Lots of very important matters under discussion. First on the list, of course, is terrorism. #G7Taormina",51123,9489,127,20,0.028271110728383064,0.2402719259262085,0.7314569354057312,0.7031858246773481,Positive
868407229380268033,2017-05-27 10:03:12+00:00,2017-05-27,2017-05,Saturday,10,iPhone,False,"Many NATO countries have agreed to step up payments considerably, as they should. Money is beginning to pour in- NATO will be much stronger.",76409,16574,140,24,0.007184643764048815,0.2167331427335739,0.7760822176933289,0.76889757392928,Positive
868441116726710272,2017-05-27 12:17:51+00:00,2017-05-27,2017-05,Saturday,12,iPhone,False,I will make my final decision on the Paris Accord next week!,54099,10469,60,12,0.010038268752396107,0.9031991958618164,0.08676256239414215,0.07672429364174604,Neutral
868501243823575040,2017-05-27 16:16:47+00:00,2017-05-27,2017-05,Saturday,16,iPhone,False,"Just left the #G7Summit. Had great meetings on everything, especially on trade where....",46903,8056,88,13,0.003119077067822218,0.016038231551647186,0.9808427095413208,0.9777236324734986,Positive
868501423566315520,2017-05-27 16:17:30+00:00,2017-05-27,2017-05,Saturday,16,iPhone,True,"....""we push for the removal of all trade-distorting practices....to foster a truly level playing field.""",41671,7471,105,15,0.037951067090034485,0.7169604301452637,0.24508856236934662,0.20713749527931213,Neutral
868502563347451904,2017-05-27 16:22:01+00:00,2017-05-27,2017-05,Saturday,16,iPhone,False,I look forward to reading the @CommerceGov 232 analysis of steel and aluminum- to be released in June. Will take major action if necessary.,42946,7859,139,24,0.010672654025256634,0.2723046541213989,0.717022716999054,0.7063500629737973,Positive
868517059407335424,2017-05-27 17:19:37+00:00,2017-05-27,2017-05,Saturday,17,iPhone,False,"Bringing hundreds of billions of dollars back to the U.S.A. from the Middle East - which will mean JOBS, JOBS, JOBS!",92580,24706,116,21,0.009983619675040245,0.1975240707397461,0.7924923300743103,0.7825087103992701,Positive
868798339671830529,2017-05-28 11:57:20+00:00,2017-05-28,2017-05,Sunday,11,iPhone,False,"Just arrived in Italy after having a very successful NATO meeting in Brussels. Told other nations they must pay more, not fair to U.S.",1889,416,134,24,0.162196546792984,0.4270232021808624,0.41078028082847595,0.24858373403549194,Neutral
868798339676086273,2017-05-28 11:57:20+00:00,2017-05-28,2017-05,Sunday,11,iPhone,False,Big win in Montana for Republicans! We,1878,428,38,7,0.002977796597406268,0.031673967838287354,0.9653482437133789,0.9623704471159726,Positive
868799536420065281,2017-05-28 12:02:05+00:00,2017-05-28,2017-05,Sunday,12,iPhone,False,Big win in Montana for Republicans!,64205,9739,35,6,0.0034949821420013905,0.04602440074086189,0.950480580329895,0.9469855981878936,Positive
868801710038372352,2017-05-28 12:10:43+00:00,2017-05-28,2017-05,Sunday,12,iPhone,False,Just returned from Europe. Trip was a great success for America. Hard work but big results!,82738,14289,91,16,0.0030788646545261145,0.011784931644797325,0.9851362109184265,0.9820573462639004,Positive
868807327130025984,2017-05-28 12:33:03+00:00,2017-05-28,2017-05,Sunday,12,iPhone,False,It is my opinion that many of the leaks coming out of the White House are fabricated lies made up by the #FakeNews media.,72408,17617,121,24,0.8087150454521179,0.17975029349327087,0.011534622870385647,-0.7971804225817323,Negative
868807754231820291,2017-05-28 12:34:44+00:00,2017-05-28,2017-05,Sunday,12,iPhone,False,"Whenever you see the words 'sources say' in the fake news media, and they don't mention names....",78731,19254,97,17,0.6353207230567932,0.3496161103248596,0.01506318710744381,-0.6202575359493494,Negative
868807940744126464,2017-05-28 12:35:29+00:00,2017-05-28,2017-05,Sunday,12,iPhone,True,....it is very possible that those sources don't exsist but are made up by fake news writers. #FakeNews is the enemy!,5484,1502,117,21,0.8672784566879272,0.12241137772798538,0.010310168378055096,-0.8569682883098722,Negative
868809214365487104,2017-05-28 12:40:33+00:00,2017-05-28,2017-05,Sunday,12,iPhone,False,Does anyone notice how the Montana Congressional race was such a big deal to Dems &amp; Fake News until the Republican won? V was poorly covered,3463,848,144,26,0.7837381362915039,0.20539189875125885,0.010869981721043587,-0.7728681545704603,Negative
868810404335673344,2017-05-28 12:45:16+00:00,2017-05-28,2017-05,Sunday,12,iPhone,True,....it is very possible that those sources don't exist but are made up by fake news writers. #FakeNews is the enemy!,60156,13302,116,21,0.8734328150749207,0.11539722979068756,0.011169969104230404,-0.8622628459706903,Negative
868810522942164993,2017-05-28 12:45:45+00:00,2017-05-28,2017-05,Sunday,12,iPhone,False,Does anyone notice how the Montana Congressional race was such a big deal to Dems &amp; Fake News until the Republican won? V was poorly covered,71019,14925,144,26,0.7837381362915039,0.20539189875125885,0.010869981721043587,-0.7728681545704603,Negative
868840252227674113,2017-05-28 14:43:53+00:00,2017-05-28,2017-05,Sunday,14,iPhone,False,British Prime Minister May was very angry that the info the U.K. gave to U.S. about Manchester was leaked. Gave me full details!,70377,16699,128,23,0.7890692949295044,0.19882605969905853,0.01210468728095293,-0.7769646076485515,Negative
868979531641741313,2017-05-28 23:57:19+00:00,2017-05-28,2017-05,Sunday,23,iPhone,False,I suggest that we add more dollars to Healthcare and make it the best anywhere. ObamaCare is dead - the Republicans will do much better!,70770,13708,136,25,0.3104630410671234,0.4044482111930847,0.2850886881351471,-0.02537435293197632,Neutral
868981969664843777,2017-05-29 00:07:01+00:00,2017-05-29,2017-05,Monday,0,iPhone,False,"The massive TAX CUTS/REFORM that I have submitted is moving along in the process very well, actually ahead of schedule. Big benefits to all!",75896,15858,140,24,0.0032198086846619844,0.018899817019701004,0.9778803586959839,0.9746605500113219,Positive
868985285207629825,2017-05-29 00:20:11+00:00,2017-05-29,2017-05,Monday,0,iPhone,False,The Fake News Media works hard at disparaging &amp; demeaning my use of social media because they don't want America to hear the real story!,116488,29919,140,25,0.8897832036018372,0.10185561329126358,0.00836118683218956,-0.8814220167696476,Negative
869164414662049793,2017-05-29 12:11:59+00:00,2017-05-29,2017-05,Monday,12,iPhone,False,"Honoring the men and women who made the ultimate sacrifice in service to America. Home of the free, because of the brave. #MemorialDay🇺🇸",106579,26921,136,23,0.007999778725206852,0.030788017436861992,0.961212158203125,0.9532123794779181,Positive
869166145894535169,2017-05-29 12:18:52+00:00,2017-05-29,2017-05,Monday,12,iPhone,False,"North Korea has shown great disrespect for their neighbor, China, by shooting off yet another ballistic missile...but China is trying hard!",65854,12587,139,21,0.8696502447128296,0.11961527168750763,0.01073447149246931,-0.8589157732203603,Negative
869170351049240576,2017-05-29 12:35:34+00:00,2017-05-29,2017-05,Monday,12,iPhone,False,"Today we remember the men and women who made the ultimate sacrifice in serving. Thank you, God bless your families &amp; God bless the USA!",151852,36848,139,25,0.0067568933591246605,0.02459445223212242,0.9686486721038818,0.9618917787447572,Positive
869170615881793536,2017-05-29 12:36:37+00:00,2017-05-29,2017-05,Monday,12,iPhone,False,I look forward to paying my respects to our brave men and women on this Memorial Day at Arlington National Cemetery later this morning.,92882,15186,135,24,0.0024509215727448463,0.02508750930428505,0.9724615812301636,0.9700106596574187,Positive
869503804307275776,2017-05-30 10:40:36+00:00,2017-05-30,2017-05,Tuesday,10,iPhone,False,"We have a MASSIVE trade deficit with Germany, plus they pay FAR LESS than they should on NATO &amp; military. Very bad for U.S. This will change",89874,22631,144,27,0.9180452227592468,0.0747523233294487,0.007202479988336563,-0.9108427427709103,Negative
869509894688387072,2017-05-30 11:04:48+00:00,2017-05-30,2017-05,Tuesday,11,iPhone,False,Russian officials must be laughing at the U.S. &amp; how a lame excuse for why the Dems lost the election has taken over the Fake News.,87501,22034,135,26,0.8762121200561523,0.11295907944440842,0.01082881260663271,-0.8653833074495196,Negative
869553853750013953,2017-05-30 13:59:28+00:00,2017-05-30,2017-05,Tuesday,13,iPhone,False,"The U.S. Senate should switch to 51 votes, immediately, and get Healthcare and TAX CUTS approved, fast and easy. Dems would do it, no doubt!",78400,19892,140,25,0.01805827021598816,0.2665874660015106,0.715354323387146,0.6972960531711578,Positive
869766994899468288,2017-05-31 04:06:25+00:00,2017-05-31,2017-05,Wednesday,4,iPhone,False,Despite the constant negative press covfefe,162788,127507,43,6,0.18407189846038818,0.6867389678955078,0.12918908894062042,-0.05488280951976776,Neutral
869858333477523458,2017-05-31 10:09:22+00:00,2017-05-31,2017-05,Wednesday,10,iPhone,False,"Who can figure out the true meaning of ""covfefe"" ??? Enjoy!",209543,85555,59,11,0.10276629775762558,0.5511020421981812,0.34613165259361267,0.2433653548359871,Neutral
869865463584620544,2017-05-31 10:37:42+00:00,2017-05-31,2017-05,Wednesday,10,iPhone,False,"So now it is reported that the Democrats, who have excoriated Carter Page about Russia, don't want him to testify. He blows away their....",56683,13947,138,24,0.7006054520606995,0.2882206439971924,0.011173988692462444,-0.689431463368237,Negative
869867413776601088,2017-05-31 10:45:27+00:00,2017-05-31,2017-05,Wednesday,10,iPhone,False,"...case against him &amp; now wants to clear his name by showing ""the false or misleading testimony by James Comey, John Brennan..."" Witch Hunt!",59792,13108,144,24,0.7637112736701965,0.22273968160152435,0.013549000956118107,-0.7501622727140784,Negative
869874798087819264,2017-05-31 11:14:48+00:00,2017-05-31,2017-05,Wednesday,11,iPhone,False,"Kathy Griffin should be ashamed of herself. My children, especially my 11 year old son, Barron, are having a hard time with this. Sick!",195529,54196,135,24,0.9406042695045471,0.052280839532613754,0.0071149482391774654,-0.9334893212653697,Negative
869902591005741056,2017-05-31 13:05:14+00:00,2017-05-31,2017-05,Wednesday,13,iPhone,False,"Hopefully Republican Senators, good people all, can quickly get together and pass a new (repeal &amp; replace) HEALTHCARE bill. Add saved $'s.",66248,12422,142,22,0.041554421186447144,0.2394525557756424,0.7189930081367493,0.6774385869503021,Positive
869903459511918592,2017-05-31 13:08:41+00:00,2017-05-31,2017-05,Wednesday,13,iPhone,False,I will be announcing my decision on the Paris Accord over the next few days. MAKE AMERICA GREAT AGAIN!,73547,14084,102,19,0.004467210732400417,0.140242338180542,0.855290412902832,0.8508232021704316,Positive
870008165827575808,2017-05-31 20:04:45+00:00,2017-05-31,2017-05,Wednesday,20,Twitter Ads,False,"We traveled the world to strengthen long-standing alliances, and to form new partnerships. See more at:… https://t.co/FT4kyPoAl0",60536,13237,128,17,0.005904807709157467,0.5542030334472656,0.4398922026157379,0.43398739490658045,Neutral
870035383458963456,2017-05-31 21:52:54+00:00,2017-05-31,2017-05,Wednesday,21,iPhone,False,"It was an honor to welcome the Prime Minister of Vietnam, Nguyễn Xuân Phúc to the @WhiteHouse this afternoon. https://t.co/6YbrIvJUCY",43852,7480,133,20,0.001803050865419209,0.0284141656011343,0.9697827100753784,0.9679796592099592,Positive
870077441401905152,2017-06-01 00:40:01+00:00,2017-06-01,2017-06,Thursday,0,iPhone,False,"Crooked Hillary Clinton now blames everybody but herself, refuses to say she was a terrible candidate. Hits Facebook &amp; even Dems &amp; DNC.",116138,29836,143,23,0.9061886072158813,0.08713307231664658,0.006678247824311256,-0.8995103593915701,Negative
870083798981111808,2017-06-01 01:05:17+00:00,2017-06-01,2017-06,Thursday,1,iPhone,False,"I will be announcing my decision on Paris Accord, Thursday at 3:00 P.M. The White House Rose Garden. MAKE AMERICA GREAT AGAIN!",80485,17633,126,22,0.003590431297197938,0.13883134722709656,0.8575782179832458,0.8539877866860479,Positive
870234811616677889,2017-06-01 11:05:21+00:00,2017-06-01,2017-06,Thursday,11,iPhone,False,"The big story is the ""unmasking and surveillance"" of people that took place during the Obama Administration.",93499,25862,108,17,0.5329148173332214,0.44965654611587524,0.017428608611226082,-0.5154862087219954,Negative
870355056327000065,2017-06-01 19:03:10+00:00,2017-06-01,2017-06,Thursday,19,iPhone,False,Join me live at the @WhiteHouse. ➡️https://t.co/9VOb99W42r https://t.co/sjb5VHLHYH,38990,7187,82,8,0.006242000497877598,0.8005659580230713,0.1931920349597931,0.1869500344619155,Neutral
870412262900740096,2017-06-01 22:50:29+00:00,2017-06-01,2017-06,Thursday,22,Twitter Ads,False,My job as President is to do everything within my power to give America a level playing field. #AmericaFirst🇺🇸 ➡️… https://t.co/hL7OwbWzyi,94084,22622,138,21,0.007457795552909374,0.12871955335140228,0.8638226985931396,0.8563649030402303,Positive
870445001125355522,2017-06-02 01:00:35+00:00,2017-06-02,2017-06,Friday,1,iPhone,False,MAKE AMERICA GREAT AGAIN!,165602,48844,25,4,0.00767189497128129,0.047189049422740936,0.9451390504837036,0.9374671555124223,Positive
870709271477932032,2017-06-02 18:30:41+00:00,2017-06-02,2017-06,Friday,18,iPhone,False,#MakeAmericaGreatAgain🇺🇸 https://t.co/eJxeVZ3A1r,79292,16640,48,2,0.01104262936860323,0.0914205014705658,0.8975369334220886,0.8864943040534854,Positive
871087981225926656,2017-06-03 19:35:33+00:00,2017-06-03,2017-06,Saturday,19,Twitter Ads,False,#WeeklyAddress🇺🇸 https://t.co/DNzRZiKxhd,52698,12240,40,2,0.005251261871308088,0.7361142039299011,0.2586345374584198,0.2533832755871117,Neutral
871143765473406976,2017-06-03 23:17:13+00:00,2017-06-03,2017-06,Saturday,23,iPhone,False,"We need to be smart, vigilant and tough. We need the courts to give us back our rights. We need the Travel Ban as an extra level of safety!",180015,54075,139,29,0.17208096385002136,0.6042085289955139,0.2237105369567871,0.05162957310676575,Neutral
871145660036378624,2017-06-03 23:24:45+00:00,2017-06-03,2017-06,Saturday,23,iPhone,False,"Whatever the United States can do to help out in London and the U. K., we will be there - WE ARE WITH YOU. GOD BLESS!",266026,65851,117,26,0.006127215456217527,0.0651516541838646,0.9287211894989014,0.9225939740426838,Positive
871325606901895168,2017-06-04 11:19:47+00:00,2017-06-04,2017-06,Sunday,11,iPhone,False,We must stop being politically correct and get down to the business of security for our people. If we don't get smart it will only get worse,246690,76260,140,27,0.743741512298584,0.23589378595352173,0.02036469429731369,-0.7233768180012703,Negative
871328428963901440,2017-06-04 11:31:00+00:00,2017-06-04,2017-06,Sunday,11,iPhone,False,"At least 7 dead and 48 wounded in terror attack and Mayor of London says there is ""no reason to be alarmed!""",163688,63789,108,22,0.796227216720581,0.19203481078147888,0.011737952008843422,-0.7844892647117376,Negative
871331574649901056,2017-06-04 11:43:30+00:00,2017-06-04,2017-06,Sunday,11,iPhone,False,Do you notice we are not having a gun debate right now? That's because they used knives and a truck!,168637,50591,100,20,0.8081995844841003,0.18076902627944946,0.011031406931579113,-0.7971681775525212,Negative
871674214356484096,2017-06-05 10:25:02+00:00,2017-06-05,2017-06,Monday,10,iPhone,False,"People, the lawyers and the courts can call it whatever they want, but I am calling it what we need and what it is, a TRAVEL BAN!",90410,21969,129,27,0.3852263391017914,0.5326212048530579,0.08215244114398956,-0.3030738979578018,Neutral
871675245043888128,2017-06-05 10:29:08+00:00,2017-06-05,2017-06,Monday,10,iPhone,False,"The Justice Dept. should have stayed with the original Travel Ban, not the watered down, politically correct version they submitted to S.C.",72427,15606,139,22,0.6926771998405457,0.29854002594947815,0.008782770484685898,-0.6838944293558598,Negative
871677472202477568,2017-06-05 10:37:59+00:00,2017-06-05,2017-06,Monday,10,iPhone,False,The Justice Dept. should ask for an expedited hearing of the watered down Travel Ban before the Supreme Court - &amp; seek much tougher version!,66932,15040,144,25,0.385723739862442,0.5791584849357605,0.035117730498313904,-0.3506060093641281,Neutral
871679061847879682,2017-06-05 10:44:18+00:00,2017-06-05,2017-06,Monday,10,iPhone,False,In any event we are EXTREME VETTING people coming into the U.S. in order to help keep our country safe. The courts are slow and political!,90754,20282,138,26,0.3599025309085846,0.4986281096935272,0.1414692997932434,-0.2184332311153412,Neutral
871722020278587393,2017-06-05 13:35:00+00:00,2017-06-05,2017-06,Monday,13,iPhone,False,".@foxandfriends Dems are taking forever to approve my people, including Ambassadors. They are nothing but OBSTRUCTIONISTS! Want approvals.",80877,21201,138,18,0.9486103653907776,0.046218790113925934,0.0051708584651350975,-0.9434395069256425,Negative
871725780535062528,2017-06-05 13:49:56+00:00,2017-06-05,2017-06,Monday,13,iPhone,False,"Pathetic excuse by London Mayor Sadiq Khan who had to think fast on his ""no reason to be alarmed"" statement. MSM is working hard to sell it!",97128,29370,140,27,0.8690279126167297,0.12118328362703323,0.009788836352527142,-0.8592390762642026,Negative
871830255396192256,2017-06-05 20:45:05+00:00,2017-06-05,2017-06,Monday,20,Twitter Ads,False,.@SecShulkin's decision is one of the biggest wins for our VETERANS in decades. Our HEROES deserve the best! ➡️… https://t.co/RnNp9q7Tdh,43754,9650,136,20,0.002843091730028391,0.012638577260077,0.98451828956604,0.9816751978360116,Positive
871840367070412800,2017-06-05 21:25:16+00:00,2017-06-05,2017-06,Monday,21,Twitter Ads,False,"Today, I announced an Air Traffic Control Initiative to take American air travel into the future - finally! ➡️… https://t.co/NIIorkSRJN",60074,12804,135,20,0.0021100023295730352,0.12711164355278015,0.8707783222198486,0.8686683198902756,Positive
871899511525961728,2017-06-06 01:20:17+00:00,2017-06-06,2017-06,Tuesday,1,iPhone,False,"That's right, we need a TRAVEL BAN for certain DANGEROUS countries, not some politically correct term that won't help us protect our people!",122724,32010,140,23,0.883692741394043,0.10829532146453857,0.008011986501514912,-0.8756807548925281,Negative
872043300949295104,2017-06-06 10:51:39+00:00,2017-06-06,2017-06,Tuesday,10,iPhone,False,Big meeting today with Republican leadership concerning Tax Cuts and Healthcare. We are all pushing hard - must get it right!,72350,12932,125,21,0.01353212259709835,0.2282993644475937,0.7581684589385986,0.7446363363415003,Positive
872059997429022722,2017-06-06 11:58:00+00:00,2017-06-06,2017-06,Tuesday,11,iPhone,False,The FAKE MSM is working so hard trying to get me not to use Social Media. They hate that I can get the honest and unfiltered message out.,113941,28097,137,28,0.8788407444953918,0.11255363374948502,0.008605570532381535,-0.8702351739630103,Negative
872062159789985792,2017-06-06 12:06:35+00:00,2017-06-06,2017-06,Tuesday,12,iPhone,False,During my recent trip to the Middle East I stated that there can no longer be funding of Radical Ideology. Leaders pointed to Qatar - look!,79181,87163,139,26,0.2457854449748993,0.6933133602142334,0.06090119853615761,-0.18488424643874168,Neutral
872064426568036353,2017-06-06 12:15:36+00:00,2017-06-06,2017-06,Tuesday,12,iPhone,False,"Sorry folks, but if I would have relied on the Fake News of CNN, NBC, ABC, CBS, washpost or nytimes, I would have had ZERO chance winning WH",108333,26473,140,28,0.9040336012840271,0.08791592717170715,0.00805042777210474,-0.8959831735119224,Negative
872084870620520448,2017-06-06 13:36:50+00:00,2017-06-06,2017-06,Tuesday,13,iPhone,False,So good to see the Saudi Arabia visit with the King and 50 countries already paying off. They said they would take a hard line on funding...,68556,41498,140,27,0.006771616637706757,0.049500059336423874,0.9437283873558044,0.9369567707180977,Positive
872086906804240384,2017-06-06 13:44:55+00:00,2017-06-06,2017-06,Tuesday,13,iPhone,False,"...extremism, and all reference was pointing to Qatar. Perhaps this will be the beginning of the end to the horror of terrorism!",70116,43776,128,22,0.830967128276825,0.16036196053028107,0.00867097731679678,-0.8222961509600282,Negative
872147965451882496,2017-06-06 17:47:33+00:00,2017-06-06,2017-06,Tuesday,17,iPhone,False,Today we remember the courage and bravery of our troops that stormed the beaches of Normandy 73 years ago. #DDay… https://t.co/zhR24dMzYB,101067,27081,137,21,0.0066073304042220116,0.12135926634073257,0.8720333576202393,0.8654260272160172,Positive
872243414930264065,2017-06-07 00:06:50+00:00,2017-06-07,2017-06,Wednesday,0,Twitter Ads,False,"Great meeting with @HouseGOP and @SenateGOP leaders, including @SpeakerRyan, @SenateMajLdr, @GOPLeader, @JohnCornyn… https://t.co/G03W8CEtCS",45189,9205,140,13,0.0021257398184388876,0.013091851025819778,0.9847823977470398,0.9826566579286009,Positive
872253002266161153,2017-06-07 00:44:56+00:00,2017-06-07,2017-06,Wednesday,0,iPhone,False,#ICYMI: Announcement of Air Traffic Control Initiative Watch➡️https://t.co/IMiZr22gAw,42059,7633,85,8,0.013217282481491566,0.8917617201805115,0.09502105414867401,0.08180377166718245,Neutral
872258719404482561,2017-06-07 01:07:39+00:00,2017-06-07,2017-06,Wednesday,1,iPhone,False,Senate passed the VA Accountability Act. The House should get this bill to my desk ASAP! We can’t tolerate substandard care for our vets.,104378,24787,137,24,0.5120038390159607,0.3449392020702362,0.14305689930915833,-0.36894693970680237,Negative
872419018799550464,2017-06-07 11:44:37+00:00,2017-06-07,2017-06,Wednesday,11,iPhone,False,"I will be nominating Christopher A. Wray, a man of impeccable credentials, to be the new Director of the FBI. Details to follow.",97952,24451,128,23,0.0036235281731933355,0.24931229650974274,0.7470641732215881,0.7434406450483948,Positive
872427222392504320,2017-06-07 12:17:13+00:00,2017-06-07,2017-06,Wednesday,12,iPhone,False,"Getting ready to leave for Cincinnati, in the GREAT STATE of OHIO, to meet with ObamaCare victims and talk Healthcare &amp; also Infrastructure!",90839,17063,144,23,0.003734916914254427,0.36880335211753845,0.6274617910385132,0.6237268741242588,Positive
873120139222306817,2017-06-09 10:10:37+00:00,2017-06-09,2017-06,Friday,10,iPhone,False,"Despite so many false statements and lies, total and complete vindication...and WOW, Comey is a leaker!",126953,37128,103,16,0.8027535080909729,0.16839466989040375,0.028851836919784546,-0.7739016711711884,Negative
873131235614347264,2017-06-09 10:54:43+00:00,2017-06-09,2017-06,Friday,10,iPhone,False,Great reporting by @foxandfriends and so many others. Thank you!,85924,14648,64,10,0.004644027911126614,0.014478717930614948,0.9808772206306458,0.9762331927195191,Positive
873183401620230144,2017-06-09 14:22:00+00:00,2017-06-09,2017-06,Friday,14,iPhone,False,Congratulations to Jeb Hensarling &amp; Republicans on successful House vote to repeal major parts of the 2010 Dodd-Frank financial law. GROWTH!,80398,17023,144,21,0.008283293806016445,0.05316721275448799,0.9385495185852051,0.9302662247791886,Positive
873245481488535554,2017-06-09 18:28:41+00:00,2017-06-09,2017-06,Friday,18,Web,False,"An honor to join the @FaithandFreedom Coalition yesterday. In America, we don't worship government. We worship God.… https://t.co/1ds8BrzUQe",60938,15214,140,18,0.0036840341053903103,0.03004160337150097,0.9662743210792542,0.9625902869738638,Positive
873250570508922880,2017-06-09 18:48:54+00:00,2017-06-09,2017-06,Friday,18,Web,False,A great honor to host and welcome leaders from around America to the @WhiteHouse Infrastructure Summit.… https://t.co/5f6cN3HboQ,60282,12286,128,17,0.0018867684993892908,0.012564345262944698,0.9855489134788513,0.983662144979462,Positive
873311842956914688,2017-06-09 22:52:23+00:00,2017-06-09,2017-06,Friday,22,Web,False,"It is time to rebuild OUR country, to bring back OUR jobs, to restore OUR dreams, &amp; yes, to put #AmericaFirst! TY O… https://t.co/2b2bXwxGkA",92325,21822,144,24,0.006967764813452959,0.10629945248365402,0.8867327570915222,0.8797649922780693,Positive
873353586025132038,2017-06-10 01:38:15+00:00,2017-06-10,2017-06,Saturday,1,Twitter Ads,False,"Time to start building in our country, with American workers &amp; with American iron, aluminum &amp; steel. It is time to… https://t.co/rGZCRyeCMZ",94622,21877,147,22,0.007066905032843351,0.34948983788490295,0.64344322681427,0.6363763217814267,Positive
873643935993708544,2017-06-10 20:52:00+00:00,2017-06-10,2017-06,Saturday,20,Twitter Ads,False,America is going to build again. Under budget and ahead of schedule. Time to put #AmericaFirst! #InfrastructureWeek… https://t.co/D5TbbjXcN3,80310,19809,140,18,0.003024984383955598,0.05609545484185219,0.9408795237541199,0.9378545393701643,Positive
873878061778907137,2017-06-11 12:22:20+00:00,2017-06-11,2017-06,Sunday,12,iPhone,False,The #FakeNews MSM doesn't report the great economic news since Election Day. #DOW up 16%. #NASDAQ up 19.5%. Drilling &amp; energy sector...,99607,24411,139,22,0.32571837306022644,0.4167659878730774,0.25751569867134094,-0.0682026743888855,Neutral
873878232264822784,2017-06-11 12:23:01+00:00,2017-06-11,2017-06,Sunday,12,iPhone,True,"...way up. Regulations way down. 600,000+ new jobs added. Unemployment down to 4.3%. Business and economic enthusiasm way up- record levels!",88930,19014,140,21,0.008114637807011604,0.06310472637414932,0.9287806153297424,0.9206659775227308,Positive
873879934040780801,2017-06-11 12:29:46+00:00,2017-06-11,2017-06,Sunday,12,iPhone,False,I believe the James Comey leaks will be far more prevalent than anyone ever thought possible. Totally illegal? Very 'cowardly!',96527,24684,127,20,0.8636780977249146,0.12013265490531921,0.016189267858862877,-0.8474888298660517,Negative
873884774041079808,2017-06-11 12:49:00+00:00,2017-06-11,2017-06,Sunday,12,iPhone,False,"The Democrats have no message, not on economics, not on taxes, not on jobs, not on failing #Obamacare. They are only OBSTRUCTIONISTS!",111616,30589,133,22,0.9246286153793335,0.06736098974943161,0.008010437712073326,-0.9166181776672602,Negative
874084433460154368,2017-06-12 02:02:23+00:00,2017-06-12,2017-06,Monday,2,iPhone,False,"My daughter, Ivanka, will be on @foxandfriends tomorrow morning. Enjoy!",60025,8589,71,10,0.001930687576532364,0.03746320307254791,0.9606060981750488,0.9586754105985165,Positive
874087477807599616,2017-06-12 02:14:29+00:00,2017-06-12,2017-06,Monday,2,iPhone,False,"Great numbers on the economy. All of our work, including the passage of many bills &amp; regulation killing Executive Orders, now kicking in!",89422,19144,141,23,0.0036813560873270035,0.01980965957045555,0.9765090346336365,0.9728276785463095,Positive
874218586155479040,2017-06-12 10:55:27+00:00,2017-06-12,2017-06,Monday,10,iPhone,False,Ivanka on @foxandfriends now!,45592,5068,29,4,0.013344483450055122,0.8308504223823547,0.15580517053604126,0.14246068708598614,Neutral
874309930232184833,2017-06-12 16:58:25+00:00,2017-06-12,2017-06,Monday,16,iPhone,False,We will NEVER FORGET the victims who lost their lives one year ago today in the horrific #PulseNightClub shooting.… https://t.co/7lZGgDJkxZ,90399,22775,139,20,0.8923570513725281,0.09755998849868774,0.010082985274493694,-0.8822740660980344,Negative
874325287143604224,2017-06-12 17:59:27+00:00,2017-06-12,2017-06,Monday,17,iPhone,False,Congratulations! 'First New Coal Mine of Trump Era Opens in Pennsylvania' https://t.co/aIRllxNLQA,70386,17016,97,12,0.001988246338441968,0.0451386384665966,0.9528731107711792,0.9508848644327372,Positive
874373283919089664,2017-06-12 21:10:10+00:00,2017-06-12,2017-06,Monday,21,Twitter Ads,False,"Finally held our first full @Cabinet meeting today. With this great team, we can restore American prosperity and br… https://t.co/b0roksHTFE",74839,16634,140,20,0.001959916902706027,0.027652136981487274,0.9703879356384277,0.9684280187357217,Positive
874418514240688129,2017-06-13 00:09:54+00:00,2017-06-13,2017-06,Tuesday,0,Web,False,Congratulations to the 2016 @ClemsonFB Tigers! Full ceremony: https://t.co/syJUGoMhHJ #NationalChampions🏈 https://t.co/F23NZoX2BI,46728,9745,129,11,0.0023720061872154474,0.031323131173849106,0.9663047790527344,0.9639327728655189,Positive
874576057579565056,2017-06-13 10:35:55+00:00,2017-06-13,2017-06,Tuesday,10,iPhone,False,The Fake News Media has never been so wrong or so dirty. Purposely incorrect stories and phony sources to meet their agenda of hate. Sad!,97362,25099,137,25,0.93952476978302,0.05436127632856369,0.006113936193287373,-0.9334108335897326,Negative
874578159676665857,2017-06-13 10:44:16+00:00,2017-06-13,2017-06,Tuesday,10,iPhone,False,"Well, as predicted, the 9th Circuit did it again - Ruled against the TRAVEL BAN at such a dangerous time in the history of our country. S.C.",67025,17015,140,27,0.4546699523925781,0.4107424020767212,0.1345876008272171,-0.320082351565361,Negative
874608587473080320,2017-06-13 12:45:11+00:00,2017-06-13,2017-06,Tuesday,12,iPhone,False,A.G. Lynch made law enforcement decisions for political purposes...gave Hillary Clinton a free pass and protection. Totally illegal!,95369,28688,132,18,0.7756460309028625,0.20756132900714874,0.016792576760053635,-0.7588534541428089,Negative
874609480301936640,2017-06-13 12:48:44+00:00,2017-06-13,2017-06,Tuesday,12,iPhone,False,Fake News is at an all time high. Where is their apology to me for all of the incorrect stories???,96026,23231,98,20,0.9383577704429626,0.05543923005461693,0.006202999968081713,-0.9321547704748809,Negative
874619861019840512,2017-06-13 13:29:59+00:00,2017-06-13,2017-06,Tuesday,13,iPhone,False,"Heading to the Great State of Wisconsin to talk about JOBS, JOBS, JOBS! Big progress being made as the Real News is reporting.",68603,13123,126,23,0.0018430103082209826,0.03882211446762085,0.9593348503112793,0.9574918400030583,Positive
874626492310978564,2017-06-13 13:56:20+00:00,2017-06-13,2017-06,Tuesday,13,iPhone,False,"2 million more people just dropped out of ObamaCare. It is in a death spiral. Obstructionist Democrats gave up, have no answer = resist!",83675,21456,136,24,0.9257702827453613,0.06818699836730957,0.006042775698006153,-0.9197275070473552,Negative
874728484475744257,2017-06-13 20:41:37+00:00,2017-06-13,2017-06,Tuesday,20,iPhone,False,"Just arrived in Wisconsin to discuss JOBS, JOBS, JOBS! #MAGA🇺🇸 https://t.co/lEJ9S817yb",67349,12677,86,11,0.0033280672505497932,0.1053495779633522,0.8913223147392273,0.8879942474886775,Positive
874767922295705600,2017-06-13 23:18:19+00:00,2017-06-13,2017-06,Tuesday,23,iPhone,False,The passage of the @DeptVetAffairs Accountability and Whistleblower Protection Act is GREAT news for veterans! I lo… https://t.co/k45aci25BT,58154,13965,140,18,0.00390917481854558,0.02386939525604248,0.9722213745117188,0.9683121996931732,Positive
874822136782880768,2017-06-14 02:53:45+00:00,2017-06-14,2017-06,Wednesday,2,iPhone,False,"Just got back from Wisconsin. Great day, great people!",85859,11894,54,9,0.0028412712272256613,0.007534131873399019,0.989624559879303,0.9867832886520773,Positive
874971795362897921,2017-06-14 12:48:26+00:00,2017-06-14,2017-06,Wednesday,12,iPhone,False,"Rep. Steve Scalise of Louisiana, a true friend and patriot, was badly injured but will fully recover. Our thoughts and prayers are with him.",142370,33044,140,24,0.05226440727710724,0.2198365479707718,0.7278990149497986,0.6756346076726913,Positive
874991696186142721,2017-06-14 14:07:31+00:00,2017-06-14,2017-06,Wednesday,14,iPhone,False,"Happy birthday to U.S. ARMY and our soldiers. Thank you for your bravery, sacrifices, &amp; dedication. Proud to be your Commander-in-Chief!",144619,30031,140,21,0.003425201866775751,0.009859318844974041,0.9867154955863953,0.9832902937196195,Positive
875166406417010688,2017-06-15 01:41:45+00:00,2017-06-15,2017-06,Thursday,1,iPhone,False,"Just left hospital. Rep. Steve Scalise, one of the truly great people, is in very tough shape - but he is a real fighter. Pray for Steve!",195471,41305,137,27,0.06593441218137741,0.1603402942419052,0.7737252712249756,0.7077908590435982,Positive
875305788708974592,2017-06-15 10:55:37+00:00,2017-06-15,2017-06,Thursday,10,iPhone,False,"They made up a phony collusion with the Russians story, found zero proof, so now they go for obstruction of justice on the phony story. Nice",144441,42090,140,26,0.8623110055923462,0.12531153857707977,0.012377516366541386,-0.8499334892258048,Negative
875321478849363968,2017-06-15 11:57:57+00:00,2017-06-15,2017-06,Thursday,11,iPhone,False,You are witnessing the single greatest WITCH HUNT in American political history - led by some very bad and conflicted people! #MAGA,122162,35463,131,22,0.9032458066940308,0.08018472790718079,0.01656949706375599,-0.8866763096302748,Negative
875438639823675392,2017-06-15 19:43:31+00:00,2017-06-15,2017-06,Thursday,19,iPhone,False,"Why is that Hillary Clintons family and Dems dealings with Russia are not looked at, but my non-dealings are?",124937,36781,109,19,0.5344475507736206,0.4497954547405243,0.015756996348500252,-0.5186905544251204,Negative
875441788110110727,2017-06-15 19:56:01+00:00,2017-06-15,2017-06,Thursday,19,iPhone,False,"Crooked H destroyed phones w/ hammer, 'bleached' emails, &amp; had husband meet w/AG days before she was cleared- &amp; they talk about obstruction?",154284,54056,148,23,0.8032103776931763,0.18618987500667572,0.010599737986922264,-0.792610639706254,Negative
875468769212149760,2017-06-15 21:43:14+00:00,2017-06-15,2017-06,Thursday,21,Web,False,Thank you Wisconsin! Tuesday was a great success for #WorkforceWeek at @WCTC w/ @IvankaTrump &amp; @GovWalker. Remarks… https://t.co/L8o396yYKX,49507,9432,143,18,0.001677519641816616,0.008991630747914314,0.9893308877944946,0.987653368152678,Positive
875500520840060928,2017-06-15 23:49:24+00:00,2017-06-15,2017-06,Thursday,23,Media Studio,False,#CongressionalBaseballGame⚾️ https://t.co/u8InOJTf6D,75576,17119,52,2,0.0062066856771707535,0.947617769241333,0.046175502240657806,0.03996881656348705,Neutral
875682853585129472,2017-06-16 11:53:56+00:00,2017-06-16,2017-06,Friday,11,iPhone,False,"After 7 months of investigations &amp; committee hearings about my ""collusion with the Russians,"" nobody has been able to show any proof. Sad!",110443,25548,142,23,0.9050941467285156,0.08703809231519699,0.007867738604545593,-0.89722640812397,Negative
875690204564258816,2017-06-16 12:23:08+00:00,2017-06-16,2017-06,Friday,12,iPhone,False,The Fake News Media hates when I use what has turned out to be my very powerful Social Media - over 100 million people! I can go around them,135395,29017,140,29,0.6470028758049011,0.2748585045337677,0.07813860476016998,-0.5688642710447311,Negative
875698062030778368,2017-06-16 12:54:22+00:00,2017-06-16,2017-06,Friday,12,iPhone,False,"Despite the phony Witch Hunt going on in America, the economic &amp; jobs numbers are great. Regulations way down, jobs and enthusiasm way up!",112906,24781,142,24,0.047601308673620224,0.08562935888767242,0.8667693734169006,0.8191680647432804,Positive
875701471999864833,2017-06-16 13:07:55+00:00,2017-06-16,2017-06,Friday,13,iPhone,False,I am being investigated for firing the FBI Director by the man who told me to fire the FBI Director! Witch Hunt,153281,47625,111,22,0.8807222247123718,0.10947048664093018,0.009807275608181953,-0.8709149491041899,Negative
875732813278048256,2017-06-16 15:12:27+00:00,2017-06-16,2017-06,Friday,15,iPhone,False,Great news! #MAGA https://t.co/pirHR7lAyT,73067,18156,41,4,0.003216810990124941,0.010185318998992443,0.9865978956222534,0.9833810846321285,Positive
875840132238032897,2017-06-16 22:18:54+00:00,2017-06-16,2017-06,Friday,22,Media Studio,False,"""Remarks by President Trump on the Policy of the U.S.A. Towards Cuba"" Video: https://t.co/jUWCjgxX5D Transcript:… https://t.co/hILCHbPJet",46393,10546,137,16,0.019480101764202118,0.9537217020988464,0.026798250153660774,0.007318148389458656,Neutral
875843513761583104,2017-06-16 22:32:20+00:00,2017-06-16,2017-06,Friday,22,iPhone,False,"""National Security Presidential Memorandum on Strengthening the Policy of the United States Toward Cuba"" Memorandum… https://t.co/RVr9Dg2hXt",44120,9381,140,16,0.014675136655569077,0.9425166249275208,0.04280826449394226,0.028133127838373184,Neutral
875888258407858176,2017-06-17 01:30:08+00:00,2017-06-17,2017-06,Saturday,1,iPhone,False,Back from Miami where my Cuban/American friends are very happy with what I signed today. Another campaign promise that I did not forget!,105285,21073,136,23,0.003647355828434229,0.021610014140605927,0.9747426509857178,0.9710952951572835,Positive
876079184417882116,2017-06-17 14:08:48+00:00,2017-06-17,2017-06,Saturday,14,iPhone,False,Thoughts and prayers with the sailors of USS Fitzgerald and their families. Thank you to our Japanese allies for th… https://t.co/BBvmTFxVkk,85868,20363,140,21,0.0321255698800087,0.2616784870624542,0.7061959505081177,0.674070380628109,Positive
876388733607694336,2017-06-18 10:38:51+00:00,2017-06-18,2017-06,Sunday,10,iPhone,False,"The MAKE AMERICA GREAT AGAIN agenda is doing very well despite the distraction of the Witch Hunt. Many new jobs, high business enthusiasm,..",102054,21269,140,23,0.021134017035365105,0.06939287483692169,0.9094731211662292,0.8883391041308641,Positive
876390681056600066,2017-06-18 10:46:35+00:00,2017-06-18,2017-06,Sunday,10,iPhone,False,"...massive regulation cuts, 36 new legislative bills signed, great new S.C.Justice, and Infrastructure, Healthcare and Tax Cuts in works!",89002,18026,137,19,0.00972128938883543,0.08498232811689377,0.9052963256835938,0.8955750362947583,Positive
876394578777174021,2017-06-18 11:02:04+00:00,2017-06-18,2017-06,Sunday,11,iPhone,False,"The new Rasmussen Poll, one of the most accurate in the 2016 Election, just out with a Trump 50% Approval Rating.That's higher than O's #'s!",104478,23060,140,25,0.007196077611297369,0.08665579557418823,0.9061480760574341,0.8989519984461367,Positive
876558049565188096,2017-06-18 21:51:39+00:00,2017-06-18,2017-06,Sunday,21,iPhone,False,Camp David is a very special place. An honor to have spent the weekend there. Military runs it so well and are so proud of what they do!,108462,18017,136,28,0.003795331111177802,0.010308749042451382,0.9858959317207336,0.9821006006095558,Positive
876771526208626688,2017-06-19 11:59:56+00:00,2017-06-19,2017-06,Monday,11,iPhone,False,Jay Sekulow on @foxandfriends now.,5481,1174,34,5,0.009469114243984222,0.9311683773994446,0.05936257168650627,0.04989345744252205,Neutral
876778344636928000,2017-06-19 12:27:01+00:00,2017-06-19,2017-06,Monday,12,iPhone,False,"The Dems want to stop tax cuts, good healthcare and Border Security.Their ObamaCare is dead with 100% increases in P's. Vote now for Karen H",84993,22909,140,25,0.844894528388977,0.137776181101799,0.017329281195998192,-0.8275652471929789,Negative
876896144944762880,2017-06-19 20:15:07+00:00,2017-06-19,2017-06,Monday,20,iPhone,False,My heartfelt thoughts and prayers are with the 7 @USNavy sailors of the #USSFitzgerald and their families. ➡️… https://t.co/L3u5c8Iymh,56016,12454,134,19,0.11390048265457153,0.5146544575691223,0.37144505977630615,0.2575445771217346,Neutral
876899176562524160,2017-06-19 20:27:10+00:00,2017-06-19,2017-06,Monday,20,iPhone,False,"Ralph Norman, who is running for Congress in SC's 5th District, will be a fantastic help to me in cutting taxes, and....",53526,13012,120,22,0.0029215679969638586,0.04203926771879196,0.9550390839576721,0.9521175159607083,Positive
876899250071904256,2017-06-19 20:27:27+00:00,2017-06-19,2017-06,Monday,20,iPhone,True,....getting great border security and healthcare. #VoteRalphNorman tomorrow!,40256,8245,76,8,0.005363369360566139,0.07769501209259033,0.9169415831565857,0.9115782137960196,Positive
876899797994790912,2017-06-19 20:29:38+00:00,2017-06-19,2017-06,Monday,20,iPhone,False,Karen Handle's opponent in #GA06 can't even vote in the district he wants to represent....,2906,854,90,15,0.7465940117835999,0.24140456318855286,0.012001432478427887,-0.734592579305172,Negative
876899886272319489,2017-06-19 20:29:59+00:00,2017-06-19,2017-06,Monday,20,iPhone,True,"....because he doesn't live there! He wants to raise taxes &amp; kill healthcare. On Tuesday, #VoteKarenHandel.",4996,1458,111,16,0.9003201723098755,0.08883574604988098,0.010844016447663307,-0.8894761558622122,Negative
876900944444837890,2017-06-19 20:34:11+00:00,2017-06-19,2017-06,Monday,20,iPhone,False,Karen Handel's opponent in #GA06 can't even vote in the district he wants to represent....,56264,16696,90,15,0.7516701221466064,0.2358057200908661,0.012524120509624481,-0.739146001636982,Negative
876901304207069185,2017-06-19 20:35:37+00:00,2017-06-19,2017-06,Monday,20,iPhone,True,"....because he doesn't even live there! He wants to raise taxes and kill healthcare. On Tuesday, #VoteKarenHandel.",43659,10734,114,17,0.9185129404067993,0.07207608968019485,0.009410932660102844,-0.9091020077466965,Negative
876921011668738050,2017-06-19 21:53:56+00:00,2017-06-19,2017-06,Monday,21,iPhone,False,It was my great honor to welcome President @JC_Varela &amp; Mrs. Varela from Panama this afternoon.🇺🇸🇵🇦 ➡️… https://t.co/770OJj2uYb,38936,7109,131,18,0.0018971641547977924,0.016844987869262695,0.9812579154968262,0.9793607513420284,Positive
876948721468141573,2017-06-19 23:44:02+00:00,2017-06-19,2017-06,Monday,23,iPhone,False,Melania and I offer our deepest condolences to the family of Otto Warmbier. Full statement: https://t.co/8kmcA6YtFD https://t.co/EhrP4BiJeB,70714,17317,139,17,0.1243426501750946,0.7858660221099854,0.08979132771492004,-0.03455132246017456,Neutral
876964061027684352,2017-06-20 00:45:00+00:00,2017-06-20,2017-06,Tuesday,0,iPhone,False,"Big day tomorrow in Georgia and South Carolina. ObamaCare is dead. Dems want to raise taxes big! They can only obstruct, no ideas. Vote ""R""",82229,20698,139,25,0.8746588230133057,0.10977105051279068,0.015570196323096752,-0.8590886266902089,Negative
877101173412638720,2017-06-20 09:49:50+00:00,2017-06-20,2017-06,Tuesday,9,iPhone,False,"Democrat Jon Ossoff, who wants to raise your taxes to the highest level and is weak on crime and security, doesn't even live in district.",70567,19250,137,25,0.9097403287887573,0.08009868860244751,0.010160963051021099,-0.8995793657377362,Negative
877104262463008771,2017-06-20 10:02:06+00:00,2017-06-20,2017-06,Tuesday,10,iPhone,False,"KAREN HANDEL FOR CONGRESS. She will fight for lower taxes, great healthcare strong security-a hard worker who will never give up! VOTE TODAY",82075,21313,140,23,0.0064234952442348,0.05348905548453331,0.9400874376296997,0.9336639423854649,Positive
877204691851108353,2017-06-20 16:41:10+00:00,2017-06-20,2017-06,Tuesday,16,iPhone,False,The U.S. once again condemns the brutality of the North Korean regime as we mourn its latest victim. Video: https://t.co/Rvm11ZbPk7,63708,14601,131,20,0.3481546640396118,0.6162908673286438,0.0355544313788414,-0.3126002326607704,Neutral
877234140483121152,2017-06-20 18:38:11+00:00,2017-06-20,2017-06,Tuesday,18,iPhone,False,"While I greatly appreciate the efforts of President Xi &amp; China to help with North Korea, it has not worked out. At least I know China tried!",83117,18358,144,27,0.5742335915565491,0.32876816391944885,0.09699825942516327,-0.4772353321313858,Negative
877341043171241984,2017-06-21 01:42:59+00:00,2017-06-21,2017-06,Wednesday,1,iPhone,False,It was a great honor to welcome President Petro Poroshenko of Ukraine to the @WhiteHouse today with @VP Pence. ➡️… https://t.co/J1ulOd6pYQ,47291,9130,138,21,0.002379107289016247,0.021454624831676483,0.976166307926178,0.9737872006371617,Positive
877350761742688256,2017-06-21 02:21:36+00:00,2017-06-21,2017-06,Wednesday,2,iPhone,False,Things are looking great for Karen H!,69998,10188,37,7,0.0023976198863238096,0.016847040504217148,0.9807553291320801,0.9783577092457563,Positive
877353797760286720,2017-06-21 02:33:40+00:00,2017-06-21,2017-06,Wednesday,2,iPhone,False,"Thank you @FoxNews ""Huge win for President Trump and GOP in Georgia Congressional Special Election.""",91654,18523,100,15,0.0025368977803736925,0.012124049477279186,0.9853390455245972,0.9828021477442235,Positive
877355739383287808,2017-06-21 02:41:23+00:00,2017-06-21,2017-06,Wednesday,2,iPhone,False,"Congratulations to Karen Handel on her big win in Georgia 6th. Fantastic job, we are all very proud of you!",119303,25197,107,20,0.0031118944752961397,0.01058706734329462,0.986301064491272,0.9831891700159758,Positive
877363446530007040,2017-06-21 03:12:00+00:00,2017-06-21,2017-06,Wednesday,3,iPhone,False,Ralph Norman ran a fantastic race to win in the Great State of South Carolina's 5th District. We are all honored by your success tonight!,82411,15716,137,25,0.0020370695274323225,0.011877447366714478,0.9860855340957642,0.9840484645683318,Positive
877372660455546880,2017-06-21 03:48:37+00:00,2017-06-21,2017-06,Wednesday,3,iPhone,False,"Well, the Special Elections are over and those that want to MAKE AMERICA GREAT AGAIN are 5 and O! All the Fake News, all the money spent = 0",131758,35330,140,29,0.7794910669326782,0.1784208118915558,0.042088061571121216,-0.737403005361557,Negative
877474368661618688,2017-06-21 10:32:46+00:00,2017-06-21,2017-06,Wednesday,10,iPhone,False,"Democrats would do much better as a party if they got together with Republicans on Healthcare,Tax Cuts,Security. Obstruction doesn't work!",117542,28275,138,20,0.46961310505867004,0.3870759606361389,0.14331090450286865,-0.3263022005558014,Negative
877663648713330688,2017-06-21 23:04:54+00:00,2017-06-21,2017-06,Wednesday,23,iPhone,False,Just landed in Iowa. See everyone soon! #MAGA🇺🇸,62038,8273,47,8,0.001790251350030303,0.04028931260108948,0.9579204320907593,0.956130180740729,Positive
877674738364989440,2017-06-21 23:48:58+00:00,2017-06-21,2017-06,Wednesday,23,iPhone,False,Thank you Kirkwood Community College. Heading to the U.S. Cellular Center now for an 8pmE MAKE AMERICA GREAT AGAIN… https://t.co/n6LS32a6Zn,51527,8820,139,20,0.002356164623051882,0.04961869493126869,0.948025107383728,0.9456689427606761,Positive
877846483021602816,2017-06-22 11:11:25+00:00,2017-06-22,2017-06,Thursday,11,iPhone,False,Great night in Iowa - special people. Thank you!,68048,10209,48,9,0.004410192836076021,0.01041066087782383,0.9851791262626648,0.9807689334265888,Positive
877878375045447680,2017-06-22 13:18:09+00:00,2017-06-22,2017-06,Thursday,13,iPhone,False,Former Homeland Security Advisor Jeh Johnson is latest top intelligence official to state there was no grand scheme between Trump &amp; Russia.,74394,19154,143,22,0.07087907940149307,0.8762805461883545,0.0528404675424099,-0.018038611859083176,Neutral
877879361130688512,2017-06-22 13:22:04+00:00,2017-06-22,2017-06,Thursday,13,iPhone,False,"By the way, if Russia was working so hard on the 2016 Election, it all took place during the Obama Admin. Why didn't they stop them?",95899,26454,132,26,0.5506788492202759,0.42804715037345886,0.021274004131555557,-0.5294048450887203,Negative
877889199353077760,2017-06-22 14:01:10+00:00,2017-06-22,2017-06,Thursday,14,iPhone,False,...Why did Democratic National Committee turn down the DHS offer to protect against hacks (long prior to election). It's all a big Dem HOAX!,75311,19755,140,24,0.8830174803733826,0.10843747109174728,0.008545057848095894,-0.8744724225252867,Negative
877891129194102785,2017-06-22 14:08:50+00:00,2017-06-22,2017-06,Thursday,14,iPhone,False,"...Why did the DNC REFUSE to turn over its Server to the FBI, and still hasn't? It's all a big Dem scam and excuse for losing the election!",93519,25178,139,28,0.9069609642028809,0.08679532259702682,0.00624370202422142,-0.9007172621786594,Negative
877892883352702976,2017-06-22 14:15:48+00:00,2017-06-22,2017-06,Thursday,14,iPhone,False,I certainly hope the Democrats do not force Nancy P out. That would be very bad for the Republican Party - and please let Cryin' Chuck stay!,101602,26668,140,27,0.8682947158813477,0.11231709271669388,0.01938825473189354,-0.8489064611494541,Negative
877932907137966080,2017-06-22 16:54:50+00:00,2017-06-22,2017-06,Thursday,16,iPhone,False,"With all of the recently reported electronic surveillance, intercepts, unmasking and illegal leaking of information, I have no idea...",63688,14534,134,19,0.4936593472957611,0.4866286516189575,0.019711941480636597,-0.4739474058151245,Negative
877932956458795008,2017-06-22 16:55:02+00:00,2017-06-22,2017-06,Thursday,16,iPhone,True,"...whether there are ""tapes"" or recordings of my conversations with James Comey, but I did not make, and do not have, any such recordings.",55734,13147,138,24,0.29240185022354126,0.6837601065635681,0.02383805252611637,-0.2685637976974249,Neutral
878006964072189952,2017-06-22 21:49:07+00:00,2017-06-22,2017-06,Thursday,21,iPhone,False,"As promised, our campaign against the MS-13 gang continues. ""@ICEgov Busts 39 MS-13 Members in New York Operation"" https://t.co/ki41GXeCMy",51873,12946,138,19,0.2691023051738739,0.6289705038070679,0.10192717611789703,-0.16717512905597687,Neutral
878013639613186049,2017-06-22 22:15:39+00:00,2017-06-22,2017-06,Thursday,22,iPhone,False,"Mexico was just ranked the second deadliest country in the world, after only Syria. Drug trade is largely the cause. We will BUILD THE WALL!",143033,43956,140,25,0.9283010363578796,0.06499148160219193,0.006707434076815844,-0.9215936022810638,Negative
878019881353871360,2017-06-22 22:40:27+00:00,2017-06-22,2017-06,Thursday,22,iPhone,False,"I am very supportive of the Senate #HealthcareBill. Look forward to making it really special! Remember, ObamaCare is dead.",55678,11200,122,19,0.00339037855155766,0.018117189407348633,0.9784924387931824,0.9751020602416247,Positive
878027873650475008,2017-06-22 23:12:12+00:00,2017-06-22,2017-06,Thursday,23,iPhone,False,"Together, we are going to MAKE AMERICA GREAT AGAIN! #AmericaFirst🇺🇸 https://t.co/MVJbs44AtR",61765,13160,91,11,0.003563249483704567,0.034435488283634186,0.9620013236999512,0.9584380742162466,Positive
878031806506848256,2017-06-22 23:27:50+00:00,2017-06-22,2017-06,Thursday,23,iPhone,False,We're all thinking of you @SteveScalise! #TeamScalise https://t.co/Yqf6exhm7x,56627,11857,77,8,0.004493842367082834,0.081417515873909,0.9140886664390564,0.9095948240719736,Positive
878078560715538432,2017-06-23 02:33:37+00:00,2017-06-23,2017-06,Friday,2,Media Studio,False,.@FLOTUS &amp; I were honored to host our first WH Congressional Picnic. A wonderful evening &amp; tradition. @MarineBand:… https://t.co/h5L4myWmam,54519,10160,147,19,0.0016769401263445616,0.009808683767914772,0.9885143637657166,0.986837423639372,Positive
878192867847675904,2017-06-23 10:07:50+00:00,2017-06-23,2017-06,Friday,10,iPhone,False,Will be on @foxandfriends. Enjoy!,49717,6612,33,5,0.002576218219473958,0.029850082471966743,0.9675737619400024,0.9649975437205285,Positive
878200921980891136,2017-06-23 10:39:50+00:00,2017-06-23,2017-06,Friday,10,iPhone,False,"I've helped pass and signed 38 Legislative Bills, mostly with no Democratic support, and gotten rid of massive amounts of regulations. Nice!",121754,25607,140,22,0.01806345023214817,0.08299441635608673,0.8989421129226685,0.8808786626905203,Positive
878341007103987712,2017-06-23 19:56:29+00:00,2017-06-23,2017-06,Friday,19,Media Studio,False,"Today, it was a tremendous honor for me to sign the #VAaccountability Act into law, delivering my campaign promise… https://t.co/G0k8nFWqNj",73540,16739,139,20,0.002321207895874977,0.012422990053892136,0.9852558374404907,0.9829346295446157,Positive
878365166538285057,2017-06-23 21:32:29+00:00,2017-06-23,2017-06,Friday,21,Media Studio,False,WEEKLY ADDRESS🇺🇸 https://t.co/P1f12i9Gvt,49890,12308,40,3,0.0037510241381824017,0.6317946314811707,0.36445435881614685,0.36070333467796445,Neutral
878413313188802560,2017-06-24 00:43:48+00:00,2017-06-24,2017-06,Saturday,0,iPhone,False,Just out: The Obama Administration knew far in advance of November 8th about election meddling by Russia. Did nothing about it. WHY?,103975,30820,132,22,0.8124195337295532,0.17919588088989258,0.008384618908166885,-0.8040349148213863,Negative
878596457741287424,2017-06-24 12:51:33+00:00,2017-06-24,2017-06,Saturday,12,iPhone,False,"Democrats slam GOP healthcare proposal as Obamacare premiums &amp; deductibles increase by over 100%. Remember keep your doctor, keep your plan?",81571,20917,144,21,0.7696719765663147,0.20988668501377106,0.020441368222236633,-0.7492306083440781,Negative
878711517537083392,2017-06-24 20:28:46+00:00,2017-06-24,2017-06,Saturday,20,iPhone,False,"Since the Obama Administration was told way before the 2016 Election that the Russians were meddling, why no action? Focus on them, not T!",88955,21460,138,24,0.8174037337303162,0.17241860926151276,0.01017772126942873,-0.8072260124608874,Negative
878715504063643648,2017-06-24 20:44:36+00:00,2017-06-24,2017-06,Saturday,20,iPhone,False,"Obama Administration official said they ""choked"" when it came to acting on Russian meddling of election. They didn't want to hurt Hillary?",88368,23108,138,22,0.6350944638252258,0.3513098955154419,0.01359559129923582,-0.62149887252599,Negative
878717095701336064,2017-06-24 20:50:56+00:00,2017-06-24,2017-06,Saturday,20,iPhone,False,I cannot imagine that these very fine Republican Senators would allow the American people to suffer a broken ObamaCare any longer!,86830,19519,130,21,0.9074797034263611,0.07903381437063217,0.013486429117619991,-0.8939932743087411,Negative
878725385235701761,2017-06-24 21:23:52+00:00,2017-06-24,2017-06,Saturday,21,iPhone,False,MAKE AMERICA GREAT AGAIN!,162744,46890,25,4,0.00767189497128129,0.047189049422740936,0.9451390504837036,0.9374671555124223,Positive
878946025662296064,2017-06-25 12:00:37+00:00,2017-06-25,2017-06,Sunday,12,iPhone,False,Hillary Clinton colluded with the Democratic Party in order to beat Crazy Bernie Sanders. Is she allowed to so collude? Unfair to Bernie!,107302,26895,137,23,0.6681865453720093,0.31042835116386414,0.02138509601354599,-0.6468014493584633,Negative
878947806442119168,2017-06-25 12:07:41+00:00,2017-06-25,2017-06,Sunday,12,iPhone,False,I am on @foxandfriends - Enjoy!,29777,4556,31,6,0.0023460425436496735,0.03208271786570549,0.9655712842941284,0.9632252417504787,Positive
879315860178993152,2017-06-26 12:30:12+00:00,2017-06-26,2017-06,Monday,12,iPhone,False,"The Democrats have become nothing but OBSTRUCTIONISTS, they have no policies or ideas. All they do is delay and complain.They own ObamaCare!",83433,20614,140,22,0.9466755986213684,0.04745599627494812,0.005868402775377035,-0.9408071958459914,Negative
879317636164841474,2017-06-26 12:37:16+00:00,2017-06-26,2017-06,Monday,12,iPhone,False,The reason that President Obama did NOTHING about Russia after being notified by the CIA of meddling is that he expected Clinton would win..,92384,25091,140,24,0.7020242810249329,0.28248271346092224,0.015493004582822323,-0.6865312764421105,Negative
879320905608044544,2017-06-26 12:50:15+00:00,2017-06-26,2017-06,Monday,12,iPhone,False,"...and did not want to ""rock the boat."" He didn't ""choke,"" he colluded or obstructed, and it did the Dems and Crooked Hillary no good.",71698,16204,134,25,0.818131148815155,0.17298226058483124,0.00888663437217474,-0.8092445144429803,Negative
879323238425395200,2017-06-26 12:59:31+00:00,2017-06-26,2017-06,Monday,12,iPhone,False,The real story is that President Obama did NOTHING after being informed in August about Russian meddling. With 4 months looking at Russia...,76461,19276,140,23,0.7949812412261963,0.19449079036712646,0.01052804384380579,-0.7844531973823905,Negative
879324620159160322,2017-06-26 13:05:01+00:00,2017-06-26,2017-06,Monday,13,iPhone,False,"..under a magnifying glass, they have zero ""tapes"" of T people colluding. There is no collusion &amp; no obstruction. I should be given apology!",87496,19511,144,24,0.5767979621887207,0.3842262625694275,0.038975730538368225,-0.5378222316503525,Negative
879326984794517507,2017-06-26 13:14:24+00:00,2017-06-26,2017-06,Monday,13,iPhone,False,"Republican Senators are working very hard to get there, with no help from the Democrats. Not easy! Perhaps just let OCare crash &amp; burn!",71889,15454,139,24,0.6590847373008728,0.294087678194046,0.0468275211751461,-0.6122572161257267,Negative
879405223399350272,2017-06-26 18:25:18+00:00,2017-06-26,2017-06,Monday,18,iPhone,False,Very grateful for the 9-O decision from the U. S. Supreme Court. We must keep America SAFE!,140532,35830,91,17,0.0034336040262132883,0.02648155204951763,0.9700848460197449,0.9666512419935316,Positive
879525817361068032,2017-06-27 02:24:30+00:00,2017-06-27,2017-06,Tuesday,2,iPhone,False,"From @FoxNews ""Bombshell: In 2016, Obama dismissed idea that anyone could rig an American election."" Check out his statement - Witch Hunt!",73622,18383,138,22,0.8768131136894226,0.11487191170454025,0.008314921520650387,-0.8684981921687722,Negative
879527520957325314,2017-06-27 02:31:16+00:00,2017-06-27,2017-06,Tuesday,2,iPhone,False,"Great day for America's future Security and Safety, courtesy of the U.S. Supreme Court. I will keep fighting for the American people, &amp; WIN!",110626,24203,144,24,0.0027296554762870073,0.015308612957596779,0.9819616675376892,0.9792320120614022,Positive
879648931172556802,2017-06-27 10:33:42+00:00,2017-06-27,2017-06,Tuesday,10,iPhone,False,"Wow, CNN had to retract big story on ""Russia,"" with 3 employees forced to resign. What about all the other phony stories they do? FAKE NEWS!",124621,34028,140,26,0.9281207919120789,0.06595202535390854,0.005927228834480047,-0.9221935630775988,Negative
879678356450676736,2017-06-27 12:30:38+00:00,2017-06-27,2017-06,Tuesday,12,iPhone,False,Fake News CNN is looking at big management changes now that they got caught falsely pushing their phony Russian stories. Ratings way down!,121670,33067,138,23,0.9157066345214844,0.07712756842374802,0.007165877148509026,-0.9085407573729753,Negative
879682547235651584,2017-06-27 12:47:17+00:00,2017-06-27,2017-06,Tuesday,12,iPhone,False,"So they caught Fake News CNN cold, but what about NBC, CBS &amp; ABC? What about the failing @nytimes &amp; @washingtonpost? They are all Fake News!",112223,33366,148,26,0.9088732004165649,0.08400896191596985,0.007117840461432934,-0.901755359955132,Negative
879827411008974852,2017-06-27 22:22:55+00:00,2017-06-27,2017-06,Tuesday,22,iPhone,False,"With ZERO Democrats to help, and a failed, expensive and dangerous ObamaCare as the Dems legacy, the Republican Senators are working hard!",79017,15485,138,22,0.8701035380363464,0.11507809907197952,0.014818408526480198,-0.8552851295098662,Negative
879828637733793793,2017-06-27 22:27:48+00:00,2017-06-27,2017-06,Tuesday,22,iPhone,False,"I just finished a great meeting with the Republican Senators concerning HealthCare. They really want to get it right, unlike OCare!",92179,17808,131,21,0.008554646745324135,0.0534835010766983,0.9379618167877197,0.9294071700423956,Positive
880015261004435456,2017-06-28 10:49:22+00:00,2017-06-28,2017-06,Wednesday,10,iPhone,False,The failing @nytimes writes false story after false story about me. They don't even call to verify the facts of a story. A Fake News Joke!,85278,20564,138,26,0.9344505071640015,0.05996914207935333,0.0055803535506129265,-0.9288701536133885,Negative
880017678978736129,2017-06-28 10:58:59+00:00,2017-06-28,2017-06,Wednesday,10,iPhone,False,"Some of the Fake News Media likes to say that I am not totally engaged in healthcare. Wrong, I know the subject well &amp; want victory for U.S.",91340,19282,144,28,0.39699679613113403,0.5144867897033691,0.088516466319561,-0.30848032981157303,Neutral
880049704620494848,2017-06-28 13:06:14+00:00,2017-06-28,2017-06,Wednesday,13,iPhone,False,"The #AmazonWashingtonPost, sometimes referred to as the guardian of Amazon not paying internet taxes (which they should) is FAKE NEWS!",54720,13407,134,20,0.8858285546302795,0.10552828758955002,0.00864315778017044,-0.8771853968501091,Negative
880158771762286592,2017-06-28 20:19:38+00:00,2017-06-28,2017-06,Wednesday,20,Media Studio,False,"#ICYMI- on Monday, I had the great honor of welcoming India's Prime Minister @narendramodi to the WH. Full Remarks:… https://t.co/7IIQEh7xXv",45347,10884,140,20,0.0012597589520737529,0.022515134885907173,0.9762251377105713,0.9749653787584975,Positive
880170602690215936,2017-06-28 21:06:39+00:00,2017-06-28,2017-06,Wednesday,21,iPhone,False,It was my great honor to welcome the 2016 World Series Champion Chicago @Cubs ⚾️ to the @WhiteHouse this afternoon.… https://t.co/GvPhJ9hZdv,74871,14024,140,21,0.0015777824446558952,0.016174545511603355,0.9822476506233215,0.9806698681786656,Positive
880172859108331520,2017-06-28 21:15:37+00:00,2017-06-28,2017-06,Wednesday,21,iPhone,False,"Today, I hosted an immigration roundtable ahead of two votes taking place in Congress tomorrow. Watch and read more… https://t.co/5k8WzW1t68",39782,8492,140,20,0.003800491103902459,0.8997817039489746,0.09641779959201813,0.09261730848811567,Neutral
880175585418465284,2017-06-28 21:26:27+00:00,2017-06-28,2017-06,Wednesday,21,iPhone,False,Democrats purposely misstated Medicaid under new Senate bill - actually goes up. https://t.co/necCt4K6UH,51210,16480,104,13,0.7591866254806519,0.2285073846578598,0.01230598520487547,-0.7468806402757764,Negative
880192282254872576,2017-06-28 22:32:47+00:00,2017-06-28,2017-06,Wednesday,22,iPhone,False,"From my first day in office, we’ve taken swift action to lift the crushing restrictions on American energy. Remarks… https://t.co/VBoEubD59k",55478,11703,140,20,0.012158481404185295,0.7249060869216919,0.2629354000091553,0.25077691860497,Neutral
880242238000955392,2017-06-29 01:51:18+00:00,2017-06-29,2017-06,Thursday,1,Media Studio,False,Tomorrow the House votes on #KatesLaw &amp; No Sanctuary For Criminals Act. Lawmakers must vote to put American safety… https://t.co/p3vd8IXXaD,83031,21350,143,20,0.05103115364909172,0.8686501383781433,0.08031871169805527,0.029287558048963547,Neutral
880402366373269504,2017-06-29 12:27:35+00:00,2017-06-29,2017-06,Thursday,12,iPhone,False,New Sugar deal negotiated with Mexico is a very good one for both Mexico and the U.S. Had no deal for many years which hurt U.S. badly.,83921,17960,135,27,0.055381160229444504,0.20805485546588898,0.7365639805793762,0.6811828203499317,Positive
880408582310776832,2017-06-29 12:52:17+00:00,2017-06-29,2017-06,Thursday,12,iPhone,False,"I heard poorly rated @Morning_Joe speaks badly of me (don't watch anymore). Then how come low I.Q. Crazy Mika, along with Psycho Joe, came..",83771,21887,140,24,0.9378426671028137,0.05763493850827217,0.004522412549704313,-0.9333202545531094,Negative
880410114456465411,2017-06-29 12:58:23+00:00,2017-06-29,2017-06,Thursday,12,iPhone,False,"...to Mar-a-Lago 3 nights in a row around New Year's Eve, and insisted on joining me. She was bleeding badly from a face-lift. I said no!",80481,20927,137,26,0.8177387118339539,0.16351518034934998,0.01874612830579281,-0.798992583528161,Negative
880469342835666944,2017-06-29 16:53:44+00:00,2017-06-29,2017-06,Thursday,16,iPhone,False,"Today, the House votes on two crucial bills: ☑️#NoSanctuaryForCriminalsAct ☑️#KatesLaw ☑️Pass these bills &amp; lets… https://t.co/4N2c0oxMve",75538,19979,141,16,0.018831703811883926,0.8537716865539551,0.12739664316177368,0.10856493934988976,Neutral
880489358431850496,2017-06-29 18:13:16+00:00,2017-06-29,2017-06,Thursday,18,iPhone,False,MAKE AMERICA SAFE AGAIN! #NoSanctuaryForCriminalsAct #KatesLaw #SaveAmericanLives https://t.co/jbN4hPjqjS,65347,15347,105,8,0.1172260195016861,0.6179578304290771,0.2648162245750427,0.14759020507335663,Neutral
880508977590697984,2017-06-29 19:31:13+00:00,2017-06-29,2017-06,Thursday,19,iPhone,False,"Join me LIVE with @VP, @SecretaryPerry, @SecretaryZinke and @EPAScottPruitt. #UnleashingAmericanEnergy https://t.co/hlM7F2BQD9",29944,4995,126,11,0.004834169056266546,0.690923810005188,0.3042420446872711,0.29940787563100457,Neutral
880534684479897600,2017-06-29 21:13:22+00:00,2017-06-29,2017-06,Thursday,21,iPhone,False,"""Mattis Says Trump’s Warning Stopped Chemical Weapons Attack In Syria"" https://t.co/XL9LLNKh8i",59595,14651,94,11,0.05037235841155052,0.9221118092536926,0.02751578576862812,-0.0228565726429224,Neutral
880540637358981120,2017-06-29 21:37:02+00:00,2017-06-29,2017-06,Thursday,21,iPhone,False,"Good news, House just passed #KatesLaw. Hopefully Senate will follow.",101416,23135,69,10,0.0027371798641979694,0.028230838477611542,0.9690320491790771,0.9662948693148792,Positive
880553561008078848,2017-06-29 22:28:23+00:00,2017-06-29,2017-06,Thursday,22,iPhone,False,Good news out of the House with the passing of 'No Sanctuary for Criminals Act.' Hopefully Senate will follow.,94460,20630,110,19,0.008939485065639019,0.11326643824577332,0.8777941465377808,0.8688546614721417,Positive
880559961855729664,2017-06-29 22:53:49+00:00,2017-06-29,2017-06,Thursday,22,iPhone,False,Statement on House Passage of Kate’s Law and No Sanctuary for Criminals Act. https://t.co/uPRy9XgK5A,57604,12664,100,14,0.09236245602369308,0.8795967102050781,0.02804078347980976,-0.06432167254388332,Neutral
880563788705148928,2017-06-29 23:09:01+00:00,2017-06-29,2017-06,Thursday,23,iPhone,False,"When it comes to the future of America’s energy needs, we will FIND IT, we will DREAM IT, and we will BUILD IT.… https://t.co/m0HmPbUZ6C",55492,12068,136,24,0.011346468701958656,0.3720228970050812,0.6166306734085083,0.6052842047065496,Positive
880564232588107779,2017-06-29 23:10:47+00:00,2017-06-29,2017-06,Thursday,23,Web,False,Our new American Energy Policy will unlock MILLIONS of jobs &amp; TRILLIONS in wealth. We are on the cusp of a true ene… https://t.co/w5Y7UXZSSD,77736,18768,144,24,0.0033452704083174467,0.049062713980674744,0.9475920796394348,0.9442468092311174,Positive
880602793341591552,2017-06-30 01:44:01+00:00,2017-06-30,2017-06,Friday,1,iPhone,False,Just finished a very good meeting with the President of South Korea. Many subjects discussed including North Korea and new trade deal!,92733,19755,134,22,0.0022634328342974186,0.03091137856245041,0.9668251276016235,0.9645616947673261,Positive
880737163247267840,2017-06-30 10:37:57+00:00,2017-06-30,2017-06,Friday,10,iPhone,False,"If Republican Senators are unable to pass what they are working on now, they should immediately REPEAL, and then REPLACE at a later date!",93597,24777,137,24,0.8249425888061523,0.16503678262233734,0.010020624846220016,-0.8149219639599323,Negative
880739852286918656,2017-06-30 10:48:38+00:00,2017-06-30,2017-06,Friday,10,iPhone,False,Crime and killings in Chicago have reached such epidemic proportions that I am sending in Federal help. 1714 shootings in Chicago this year!,120116,32567,140,23,0.9322715401649475,0.06028858572244644,0.00743982195854187,-0.9248317182064056,Negative
880771685460344832,2017-06-30 12:55:08+00:00,2017-06-30,2017-06,Friday,12,iPhone,False,Watched low rated @Morning_Joe for first time in long time. FAKE NEWS. He called me to stop a National Enquirer article. I said no! Bad show,83669,19328,140,26,0.9487160444259644,0.04601976275444031,0.005264133680611849,-0.9434519107453525,Negative
880853246126022656,2017-06-30 18:19:13+00:00,2017-06-30,2017-06,Friday,18,Web,False,"I am encouraged by President Moon's assurances that he will work to level the playing field for American workers, b… https://t.co/DUZh6aMjJS",57618,12384,140,21,0.004188349936157465,0.05839505419135094,0.9374165534973145,0.933228203561157,Positive
880892632142143490,2017-06-30 20:55:44+00:00,2017-06-30,2017-06,Friday,20,iPhone,False,The era of strategic patience with the North Korea regime has failed. That patience is over. We are working closely… https://t.co/MxN04V2Yn4,72750,17773,140,21,0.7540035843849182,0.23269133269786835,0.013305076397955418,-0.7406985079869628,Negative
880919871353217024,2017-06-30 22:43:58+00:00,2017-06-30,2017-06,Friday,22,Twitter Ads,False,America will THINK BIG once again. We will inspire millions of children to carry on the proud tradition of American… https://t.co/hZCMp5cSJc,85823,19603,140,21,0.002557314233854413,0.029138358309864998,0.9683042764663696,0.9657469622325152,Positive
881131368520056832,2017-07-01 12:44:23+00:00,2017-07-01,2017-07,Saturday,12,iPhone,False,Happy Canada Day to all of the great people of Canada and to your Prime Minister and my new found friend @JustinTrudeau. #Canada150,78780,16360,131,23,0.002105747815221548,0.008494673296809196,0.9893996119499207,0.9872938641346991,Positive
881135264441257984,2017-07-01 12:59:52+00:00,2017-07-01,2017-07,Saturday,12,iPhone,False,Word is that @Greta Van Susteren was let go by her out of control bosses at @NBC &amp; @Comcast because she refused to go along w/ 'Trump hate!',80092,20308,144,28,0.7271542549133301,0.261095255613327,0.011750435456633568,-0.7154038194566965,Negative
881137079958241280,2017-07-01 13:07:05+00:00,2017-07-01,2017-07,Saturday,13,iPhone,False,Numerous states are refusing to give information to the very distinguished VOTER FRAUD PANEL. What are they trying to hide?,110887,32189,123,20,0.7983739972114563,0.19494709372520447,0.006678942125290632,-0.7916950550861657,Negative
881138485905772549,2017-07-01 13:12:40+00:00,2017-07-01,2017-07,Saturday,13,iPhone,False,I am extremely pleased to see that @CNN has finally been exposed as #FakeNews and garbage journalism. It's about time!,151428,41262,118,20,0.10135366022586823,0.11467371135950089,0.7839726805686951,0.6826190203428268,Positive
881140479454310401,2017-07-01 13:20:35+00:00,2017-07-01,2017-07,Saturday,13,iPhone,False,"Crazy Joe Scarborough and dumb as a rock Mika are not bad people, but their low rated show is dominated by their NBC bosses. Too bad!",101893,24262,133,26,0.9470375776290894,0.04693663865327835,0.006025802344083786,-0.9410117752850056,Negative
881256428626956288,2017-07-01 21:01:20+00:00,2017-07-01,2017-07,Saturday,21,Media Studio,False,Weekly Address🇺🇸 #KatesLaw #NoSanctuaryForCriminalsAct Statement: https://t.co/I8cqKGDK2B https://t.co/00mao6Vk7R,50441,11420,113,7,0.021687297150492668,0.8905135989189148,0.08779899030923843,0.06611169315874577,Neutral
881265792700035073,2017-07-01 21:38:32+00:00,2017-07-01,2017-07,Saturday,21,iPhone,False,Getting rdy to leave for tonight's Celebrate Freedom Concert honoring our GREAT VETERANS w/ so many of my evangelic… https://t.co/shfTAoMJry,62718,11356,140,20,0.004993961658328772,0.11393582075834274,0.8810702562332153,0.8760762945748866,Positive
881271748280365056,2017-07-01 22:02:12+00:00,2017-07-01,2017-07,Saturday,22,iPhone,False,"The FAKE &amp; FRAUDULENT NEWS MEDIA is working hard to convince Republicans and others I should not use social media - but remember, I won....",129842,29823,143,25,0.8300571441650391,0.1543559730052948,0.01558688748627901,-0.81447025667876,Negative
881271809433374721,2017-07-01 22:02:27+00:00,2017-07-01,2017-07,Saturday,22,iPhone,True,"....the 2016 election with interviews, speeches and social media. I had to beat #FakeNews, and did. We will continue to WIN!",89370,18274,124,21,0.2740839719772339,0.4594508707523346,0.26646512746810913,-0.007618844509124756,Neutral
881273362454118400,2017-07-01 22:08:37+00:00,2017-07-01,2017-07,Saturday,22,iPhone,False,I am thinking about changing the name #FakeNews CNN to #FraudNewsCNN!,121832,30847,69,11,0.8862898945808411,0.10497575998306274,0.008734333328902721,-0.8775555612519383,Negative
881281755017355264,2017-07-01 22:41:58+00:00,2017-07-01,2017-07,Saturday,22,iPhone,False,My use of social media is not Presidential - it’s MODERN DAY PRESIDENTIAL. Make America Great Again!,199049,56387,100,17,0.03816751018166542,0.2495281994342804,0.7123042941093445,0.6741367839276791,Positive
881373634585079808,2017-07-02 04:47:04+00:00,2017-07-02,2017-07,Sunday,4,iPhone,False,"We will always take care of our GREAT VETERANS. You have shed your blood, poured your love, and bared your soul, in… https://t.co/bTPuerxLOr",129665,30040,140,23,0.009093033149838448,0.10124503821134567,0.8896619081497192,0.8805688749998808,Positive
881503147168071680,2017-07-02 13:21:42+00:00,2017-07-02,2017-07,Sunday,13,iPhone,False,#FraudNewsCNN #FNN https://t.co/WYUnHjjUjg,605098,369530,42,3,0.922992467880249,0.06817512959241867,0.00883237924426794,-0.9141600886359811,Negative
881604490041995271,2017-07-02 20:04:24+00:00,2017-07-02,2017-07,Sunday,20,Media Studio,False,The dishonest media will NEVER keep us from accomplishing our objectives on behalf of our GREAT AMERICAN PEOPLE!… https://t.co/EwnwCeuGMv,111220,28208,137,19,0.1842527836561203,0.40349069237709045,0.41225647926330566,0.22800369560718536,Positive
881662619282702338,2017-07-02 23:55:23+00:00,2017-07-02,2017-07,Sunday,23,iPhone,False,"Stock Market at all time high, unemployment at lowest level in years (wages will start going up) and our base has never been stronger!",136448,31927,134,24,0.13319532573223114,0.23788957297801971,0.6289151310920715,0.4957198053598404,Positive
881697281233354753,2017-07-03 02:13:07+00:00,2017-07-03,2017-07,Monday,2,Media Studio,False,"America's men &amp; women in uniform is the story of FREEDOM overcoming OPPRESSION, the STRONG protecting the WEAK, &amp; G… https://t.co/LtTpGsP3fC",104824,25922,148,21,0.011362560093402863,0.2918560206890106,0.6967813968658447,0.6854188367724419,Positive
881830110114009089,2017-07-03 11:00:56+00:00,2017-07-03,2017-07,Monday,11,iPhone,False,Will be speaking with Germany and France this morning.,69696,11325,54,9,0.005183379631489515,0.9017506241798401,0.09306600689888,0.08788262726739049,Neutral
881834692282109953,2017-07-03 11:19:08+00:00,2017-07-03,2017-07,Monday,11,iPhone,False,Spoke yesterday with the King of Saudi Arabia about peace in the Middle-East. Interesting things are happening!,85961,22408,111,17,0.002177925081923604,0.058720286935567856,0.9391017556190491,0.9369238305371255,Positive
881839523126272000,2017-07-03 11:38:20+00:00,2017-07-03,2017-07,Monday,11,iPhone,False,Will be speaking with Italy this morning!,72540,10875,41,7,0.0050561875104904175,0.810606062412262,0.18433777987957,0.1792815923690796,Neutral
881847676232503297,2017-07-03 12:10:44+00:00,2017-07-03,2017-07,Monday,12,iPhone,False,"At some point the Fake News will be forced to discuss our great jobs numbers, strong economy, success with ISIS, the border &amp; so much else!",131610,31314,143,26,0.43967387080192566,0.376556396484375,0.18376970291137695,-0.2559041678905487,Negative
881875263700783104,2017-07-03 14:00:21+00:00,2017-07-03,2017-07,Monday,14,iPhone,False,"If we can help little #CharlieGard, as per our friends in the U.K. and the Pope, we would be delighted to do so.",123341,37176,112,23,0.0031538591720163822,0.03325784206390381,0.9635883569717407,0.9604344977997243,Positive
881976958556549120,2017-07-03 20:44:27+00:00,2017-07-03,2017-07,Monday,20,iPhone,False,Thank you to Shawn Steel for the nice words on @FoxNews.,61582,9535,56,11,0.0036735106259584427,0.02573450282216072,0.9705919623374939,0.9669184517115355,Positive
881979394373406720,2017-07-03 20:54:08+00:00,2017-07-03,2017-07,Monday,20,iPhone,False,"Really great numbers on jobs &amp; the economy! Things are starting to kick in now, and we have just begun! Don't like steel &amp; aluminum dumping!",96173,20129,148,26,0.01542019471526146,0.03746667504310608,0.9471131563186646,0.9316929616034031,Positive
881983493533822976,2017-07-03 21:10:25+00:00,2017-07-03,2017-07,Monday,21,iPhone,False,Dow hit a new intraday all-time high! I wonder whether or not the Fake News Media will so report?,113935,24956,97,19,0.20724262297153473,0.5559659004211426,0.2367914617061615,0.02954883873462677,Neutral
882061157900718081,2017-07-04 02:19:02+00:00,2017-07-04,2017-07,Tuesday,2,iPhone,False,North Korea has just launched another missile. Does this guy have anything better to do with his life? Hard to believe that South Korea.....,148904,51684,140,24,0.9326132535934448,0.06157336011528969,0.005813390947878361,-0.9267998626455665,Negative
882062572081512449,2017-07-04 02:24:39+00:00,2017-07-04,2017-07,Tuesday,2,iPhone,False,....and Japan will put up with this much longer. Perhaps China will put a heavy move on North Korea and end this nonsense once and for all!,116328,30583,139,27,0.7547430396080017,0.22406454384326935,0.02119249850511551,-0.7335505411028862,Negative
882186896285282304,2017-07-04 10:38:40+00:00,2017-07-04,2017-07,Tuesday,10,iPhone,False,#HappyIndependenceDay #July4 #USA🇺🇸 https://t.co/NsFslPEFrp,116835,30936,59,4,0.0023643868044018745,0.04720669984817505,0.9504289031028748,0.9480645162984729,Positive
882325456162361344,2017-07-04 19:49:16+00:00,2017-07-04,2017-07,Tuesday,19,iPhone,False,Getting ready to celebrate the 4th of July with a big crowd at the White House. Happy 4th to everyone. Our country will grow and prosper!,138501,25478,137,26,0.0018622278003022075,0.009786858223378658,0.9883509874343872,0.986488759634085,Positive
882327018070790144,2017-07-04 19:55:28+00:00,2017-07-04,2017-07,Tuesday,19,iPhone,False,Gas prices are the lowest in the U.S. in over ten years! I would like to see them go even lower.,162421,31544,96,21,0.22983582317829132,0.3262927830219269,0.4438713788986206,0.21403555572032928,Positive
882423634639425536,2017-07-05 02:19:23+00:00,2017-07-05,2017-07,Wednesday,2,iPhone,False,#HappyIndependenceDay #USA🇺🇸 https://t.co/9pfqnRsh1Z,205493,47259,52,3,0.002019503153860569,0.014403031207621098,0.9835774898529053,0.9815579866990447,Positive
882552631905988609,2017-07-05 10:51:59+00:00,2017-07-05,2017-07,Wednesday,10,iPhone,False,"Getting ready to leave for Poland, after which I will travel to Germany for the G-20. Will be back on Saturday.",95884,16169,111,21,0.0045847282744944096,0.841221272945404,0.1541939675807953,0.14960923930630088,Neutral
882558219285131265,2017-07-05 11:14:11+00:00,2017-07-05,2017-07,Wednesday,11,iPhone,False,The United States made some of the worst Trade Deals in world history.Why should we continue these deals with countries that do not help us?,129296,26831,140,25,0.9379785060882568,0.0568438284099102,0.005177751649171114,-0.9328007544390857,Negative
882560030884716544,2017-07-05 11:21:23+00:00,2017-07-05,2017-07,Wednesday,11,iPhone,False,Trade between China and North Korea grew almost 40% in the first quarter. So much for China working with us - but we had to give it a try!,102191,24525,138,29,0.05209988355636597,0.29147669672966003,0.6564233899116516,0.6043235063552856,Positive
882741809931309056,2017-07-05 23:23:42+00:00,2017-07-05,2017-07,Wednesday,23,iPhone,False,Congratulations to the dedicated professionals of the USSS as they celebrate their 152nd anniversary. Thank you! ➡️https://t.co/mDhFzDm3ED https://t.co/BcB3wLjILg,76182,14620,162,18,0.0024749699514359236,0.009325472638010979,0.9881995916366577,0.9857246216852218,Positive
882962893288882176,2017-07-06 14:02:13+00:00,2017-07-06,2017-07,Thursday,14,iPhone,False,"On behalf of @FLOTUS Melania and myself, thank you Poland!🇺🇸🇵🇱 #ICYMI, watch here➡️ https://t.co/COpVXnn8YG #POTUSinPoland https://t.co/ylU3wLZV2H",86331,20309,146,16,0.0024673347361385822,0.03527926281094551,0.9622534513473511,0.9597861166112125,Positive
882993144194838528,2017-07-06 16:02:25+00:00,2017-07-06,2017-07,Thursday,16,Media Studio,False,America is proud to stand shoulder-to-shoulder with Poland in the fight to eradicate the evils of terrorism and extremism. #POTUSinPoland https://t.co/MHxRmVvtsh,91612,22801,161,21,0.01349682454019785,0.1276763379573822,0.8588268160820007,0.8453299915418029,Positive
883012994145280000,2017-07-06 17:21:18+00:00,2017-07-06,2017-07,Thursday,17,Media Studio,False,THE WEST WILL NEVER BE BROKEN. Our values will PREVAIL. Our people will THRIVE and our civilization will TRIUMPH! https://t.co/sozuVgdp5T,134381,37528,137,20,0.008969420567154884,0.13027323782444,0.8607573509216309,0.851787930354476,Positive
883064346519187456,2017-07-06 20:45:21+00:00,2017-07-06,2017-07,Thursday,20,Web,False,"A strong Poland is a blessing to the nations of Europe, and a strong Europe is a blessing to the West, and to the world. https://t.co/vHzPwMtJSm",117598,31801,144,26,0.0023462343961000443,0.03959181532263756,0.958061933517456,0.955715699121356,Positive
883218784663818241,2017-07-07 06:59:02+00:00,2017-07-07,2017-07,Friday,6,iPhone,False,"My experience yesterday in Poland was a great one. Thank you to everyone, including the haters, for the great reviews of the speech!",129353,26058,132,23,0.004908222705125809,0.013364332728087902,0.9817274808883667,0.9768192581832409,Positive
883220875444715520,2017-07-07 07:07:20+00:00,2017-07-07,2017-07,Friday,7,iPhone,False,After Poland had a great meeting with Chancellor Merkel and then with PM Shinzō Abe of Japan &amp; President Moon of South Korea.,76189,13291,129,23,0.0017856782069429755,0.0893607959151268,0.9088535308837891,0.9070678526768461,Positive
883229270943911936,2017-07-07 07:40:42+00:00,2017-07-07,2017-07,Friday,7,iPhone,False,Everyone here is talking about why John Podesta refused to give the DNC server to the FBI and the CIA. Disgraceful!,119041,33107,115,21,0.8829896450042725,0.10963302850723267,0.007377411238849163,-0.8756122337654233,Negative
883229754077392896,2017-07-07 07:42:37+00:00,2017-07-07,2017-07,Friday,7,iPhone,False,"I look forward to all meetings today with world leaders, including my meeting with Vladimir Putin. Much to discuss. #G20Summit #USA🇺🇸",96810,19323,133,21,0.0027881916612386703,0.05512218177318573,0.9420896172523499,0.9393014255911112,Positive
883230130885324802,2017-07-07 07:44:07+00:00,2017-07-07,2017-07,Friday,7,iPhone,False,I will represent our country well and fight for its interests! Fake News Media will never cover me accurately but who cares! We will #MAGA!,136965,33937,139,25,0.08574867248535156,0.23671486973762512,0.6775364279747009,0.5917877554893494,Positive
883444736849305600,2017-07-07 21:56:53+00:00,2017-07-07,2017-07,Friday,21,iPhone,False,Thank you! “Trump’s Defining Speech” WSJ Editorial: https://t.co/YuDgVfRroR https://t.co/T0R4u4IHDJ,68592,16321,99,9,0.007000018376857042,0.3986560106277466,0.5943440198898315,0.5873440015129745,Positive
883469033059864578,2017-07-07 23:33:26+00:00,2017-07-07,2017-07,Friday,23,iPhone,False,"Great first day with world leaders at the #G20Summit here in Hamburg, Germany. Looking forward to day two! #USA https://t.co/bLKgZKQemw",84512,18604,135,20,0.001724463771097362,0.008884651586413383,0.9893909096717834,0.9876664459006861,Positive
883751888491098112,2017-07-08 18:17:24+00:00,2017-07-08,2017-07,Saturday,18,iPhone,False,We will fight the #FakeNews with you! https://t.co/zOMiXTeLJq,99318,27003,61,8,0.14113672077655792,0.519976019859314,0.3388872742652893,0.19775055348873138,Neutral
883752778379792386,2017-07-08 18:20:56+00:00,2017-07-08,2017-07,Saturday,18,iPhone,False,The #G20Summit was a wonderful success and carried out beautifully by Chancellor Angela Merkel. Thank you!,86036,15346,106,16,0.0029053431935608387,0.007611444219946861,0.9894831776618958,0.9865778344683349,Positive
883760134333378561,2017-07-08 18:50:10+00:00,2017-07-08,2017-07,Saturday,18,iPhone,False,Law enforcement &amp; military did a spectacular job in Hamburg. Everybody felt totally safe despite the anarchists. @PolizeiHamburg #G20Summit,93205,19447,143,19,0.006561346352100372,0.023228950798511505,0.9702097177505493,0.9636483713984489,Positive
883761448064864257,2017-07-08 18:55:23+00:00,2017-07-08,2017-07,Saturday,18,iPhone,False,"Leaving Hamburg for Washington, D.C. and the WH. Just left China’s President Xi where we had an excellent meeting on trade &amp; North Korea.",98393,18168,141,24,0.0043412777595222,0.20565542578697205,0.7900032997131348,0.7856620219536126,Positive
883845492790235136,2017-07-09 00:29:21+00:00,2017-07-09,2017-07,Sunday,0,iPhone,False,"Thank you @SenatorDole, very kind! https://t.co/cXrYiK46Qq",87832,24263,58,6,0.007007920183241367,0.014844436198472977,0.9781476855278015,0.9711397653445601,Positive
884008221970763776,2017-07-09 11:15:58+00:00,2017-07-09,2017-07,Sunday,11,iPhone,False,The G 20 Summit was a great success for the U.S. - Explained that the U.S. must fix the many bad trade deals it has made. Will get done!,81459,17005,136,29,0.030520955100655556,0.11150792986154556,0.8579710721969604,0.8274501170963049,Positive
884012097805406208,2017-07-09 11:31:22+00:00,2017-07-09,2017-07,Sunday,11,iPhone,False,I strongly pressed President Putin twice about Russian meddling in our election. He vehemently denied it. I've already given my opinion.....,83868,18913,140,21,0.23810525238513947,0.6810135841369629,0.08088115602731705,-0.15722409635782242,Neutral
884013689736769536,2017-07-09 11:37:42+00:00,2017-07-09,2017-07,Sunday,11,iPhone,False,...We negotiated a ceasefire in parts of Syria which will save lives. Now it is time to move forward in working constructively with Russia!,98082,22811,139,24,0.021610289812088013,0.3723953068256378,0.6059943437576294,0.5843840539455414,Positive
884016887692234753,2017-07-09 11:50:24+00:00,2017-07-09,2017-07,Sunday,11,iPhone,False,"Putin &amp; I discussed forming an impenetrable Cyber Security unit so that election hacking, &amp; many other negative things, will be guarded..",83092,20029,145,22,0.5060603022575378,0.46610227227211,0.02783740498125553,-0.4782228972762823,Negative
884018776391503872,2017-07-09 11:57:55+00:00,2017-07-09,2017-07,Sunday,11,iPhone,False,"...and safe. Questions were asked about why the CIA &amp; FBI had to ask the DNC 13 times for their SERVER, and were rejected, still don't....",78813,18820,142,26,0.5084381699562073,0.468974232673645,0.022587528452277184,-0.4858506415039301,Negative
884020939264073728,2017-07-09 12:06:30+00:00,2017-07-09,2017-07,Sunday,12,iPhone,False,...have it. Fake News said 17 intel agencies when actually 4 (had to apologize). Why did Obama do NOTHING when he had info before election?,89030,20187,139,25,0.8128467202186584,0.17787857353687286,0.009274664334952831,-0.8035720558837056,Negative
884027201804488704,2017-07-09 12:31:23+00:00,2017-07-09,2017-07,Sunday,12,iPhone,False,Sanctions were not discussed at my meeting with President Putin. Nothing will be done until the Ukrainian &amp; Syrian problems are solved!,83119,19673,139,22,0.7715619206428528,0.21579544246196747,0.012642684392631054,-0.7589192362502217,Negative
884033889613828096,2017-07-09 12:57:58+00:00,2017-07-09,2017-07,Sunday,12,Media Studio,False,MAKE AMERICA GREAT AGAIN! https://t.co/NVDVRrWLs4,98445,24791,49,5,0.004113768693059683,0.03918832540512085,0.956697940826416,0.9525841721333563,Positive
884141905436696576,2017-07-09 20:07:11+00:00,2017-07-09,2017-07,Sunday,20,iPhone,False,"For years, even as a ""civilian,"" I listened as Republicans pushed the Repeal and Replace of ObamaCare. Now they finally have their chance!",110727,26582,138,23,0.05291012302041054,0.3834701180458069,0.5636197328567505,0.51070960983634,Positive
884142582191849474,2017-07-09 20:09:52+00:00,2017-07-09,2017-07,Sunday,20,iPhone,False,Syrian ceasefire seems to be holding. Many lives can be saved. Came out of meeting. Good!,100274,20196,89,16,0.011006184853613377,0.05554817244410515,0.9334456324577332,0.9224394476041198,Positive
884211874518192128,2017-07-10 00:45:13+00:00,2017-07-10,2017-07,Monday,0,iPhone,False,"The fact that President Putin and I discussed a Cyber Security unit doesn't mean I think it can happen. It can't-but a ceasefire can,&amp; did!",91092,19730,143,25,0.4794478118419647,0.4675634503364563,0.05298871546983719,-0.42645909637212753,Negative
884361623514656769,2017-07-10 10:40:16+00:00,2017-07-10,2017-07,Monday,10,iPhone,False,James Comey leaked CLASSIFIED INFORMATION to the media. That is so illegal!,112155,30033,75,12,0.8385862708091736,0.14805738627910614,0.013356328941881657,-0.8252299418672919,Negative
884363456849342464,2017-07-10 10:47:33+00:00,2017-07-10,2017-07,Monday,10,iPhone,False,I cannot imagine that Congress would dare to leave Washington without a beautiful new HealthCare bill fully approved and ready to go!,102395,23155,133,22,0.09554571658372879,0.3081127405166626,0.5963415503501892,0.5007958337664604,Positive
884374529660903424,2017-07-10 11:31:33+00:00,2017-07-10,2017-07,Monday,11,iPhone,False,"When I left Conference Room for short meetings with Japan and other countries, I asked Ivanka to hold seat. Very standard. Angela M agrees!",88831,18259,139,24,0.03146742656826973,0.7505164742469788,0.21801608800888062,0.18654866144061089,Neutral
884378624660582405,2017-07-10 11:47:49+00:00,2017-07-10,2017-07,Monday,11,iPhone,False,"If Chelsea Clinton were asked to hold the seat for her mother,as her mother gave our country away, the Fake News would say CHELSEA FOR PRES!",108995,26620,140,26,0.7020158171653748,0.2766607701778412,0.021323414519429207,-0.6806924026459455,Negative
884728971530829824,2017-07-11 10:59:58+00:00,2017-07-11,2017-07,Tuesday,10,iPhone,False,The Senate Democrats have only confirmed 48 of 197 Presidential Nominees. They can't win so all they do is slow things down &amp; obstruct!,97500,28202,139,24,0.9266464710235596,0.06792501360177994,0.005428507458418608,-0.921217963565141,Negative
884740553040175104,2017-07-11 11:46:00+00:00,2017-07-11,2017-07,Tuesday,11,iPhone,False,Working hard to get the Olympics for the United States (L.A.). Stay tuned!,108873,20083,74,13,0.0047273640520870686,0.28656914830207825,0.7087034583091736,0.7039760942570865,Positive
884746435039768576,2017-07-11 12:09:22+00:00,2017-07-11,2017-07,Tuesday,12,iPhone,False,Marine Plane crash in Mississippi is heartbreaking. Melania and I send our deepest condolences to all!,121286,22784,102,16,0.8577449321746826,0.12130920588970184,0.020945822820067406,-0.8367991093546152,Negative
884750055776948225,2017-07-11 12:23:45+00:00,2017-07-11,2017-07,Tuesday,12,iPhone,False,Big wins against ISIS!,129612,29001,22,4,0.015308295376598835,0.10059560835361481,0.884096086025238,0.8687877906486392,Positive
884931352201756672,2017-07-12 00:24:10+00:00,2017-07-12,2017-07,Wednesday,0,iPhone,False,"My son, Donald, will be interviewed by @seanhannity tonight at 10:00 P.M. He is a great person who loves our country!",96284,17502,117,21,0.0026009026914834976,0.02240506000816822,0.9749940633773804,0.9723931606858969,Positive
885081181980590084,2017-07-12 10:19:32+00:00,2017-07-12,2017-07,Wednesday,10,iPhone,False,"My son Donald did a good job last night. He was open, transparent and innocent. This is the greatest Witch Hunt in political history. Sad!",120675,25705,138,25,0.5909450054168701,0.24426698684692383,0.16478803753852844,-0.4261569678783417,Negative
885084555421634561,2017-07-12 10:32:56+00:00,2017-07-12,2017-07,Wednesday,10,iPhone,False,"Remember, when you hear the words ""sources say"" from the Fake Media, often times those sources are made up and do not exist.",117629,31309,124,23,0.5317193269729614,0.4442750811576843,0.024005549028515816,-0.5077137779444456,Negative
885092844511387654,2017-07-12 11:05:53+00:00,2017-07-12,2017-07,Wednesday,11,iPhone,False,"ISIS is on the run &amp; will soon be wiped out of Syria &amp; Iraq, illegal border crossings are way down (75%) &amp; MS 13 gangs are being removed.",127630,29725,149,29,0.7523889541625977,0.2220243513584137,0.02558661252260208,-0.7268023416399956,Negative
885109663217352704,2017-07-12 12:12:42+00:00,2017-07-12,2017-07,Wednesday,12,iPhone,True,".@WashTimes states ""Democrats have willfully used Moscow disinformation to influence the presidential election against Donald Trump.""",63060,15959,133,16,0.7167313098907471,0.2738153636455536,0.009453344158828259,-0.7072779657319188,Negative
885128373441355777,2017-07-12 13:27:03+00:00,2017-07-12,2017-07,Wednesday,13,iPhone,False,Why aren't the same standards placed on the Democrats. Look what Hillary Clinton may have gotten away with. Disgraceful!,104325,26011,120,19,0.9269390106201172,0.06629522144794464,0.0067658196203410625,-0.9201731909997761,Negative
885131482397908992,2017-07-12 13:39:25+00:00,2017-07-12,2017-07,Wednesday,13,iPhone,False,"The W.H. is functioning perfectly, focused on HealthCare, Tax Cuts/Reform &amp; many other things. I have very little time for watching T.V.",99408,20749,140,22,0.0822904109954834,0.41979700326919556,0.49791258573532104,0.41562217473983765,Positive
885232527656538113,2017-07-12 20:20:56+00:00,2017-07-12,2017-07,Wednesday,20,iPhone,False,"""After 14 years, U.S. beef hits Chinese market. Trade deal an exciting opportunity for agriculture."" https://t.co/gDGgejqFMs",69870,17717,124,16,0.0020610031206160784,0.06379225850105286,0.9341467618942261,0.93208575877361,Positive
885266492765466625,2017-07-12 22:35:53+00:00,2017-07-12,2017-07,Wednesday,22,iPhone,False,Getting rdy to leave for France @ the invitation of President Macron to celebrate &amp; honor Bastille Day and 100yrs since U.S. entry into WWI.,82798,14907,144,25,0.008921418339014053,0.39754942059516907,0.5935291647911072,0.5846077464520931,Positive
885274148012011520,2017-07-12 23:06:19+00:00,2017-07-12,2017-07,Wednesday,23,iPhone,False,Stock market hits another high with spirit and enthusiasm so positive. Jobs outlook looking very good! #MAGA🇺🇸 https://t.co/Vwxsb2vWGe,65621,15993,134,18,0.0026953238993883133,0.013993869535624981,0.9833108186721802,0.9806154947727919,Positive
885275592681295872,2017-07-12 23:12:03+00:00,2017-07-12,2017-07,Wednesday,23,iPhone,False,"JOBS, JOBS, JOBS! #MAGA🇺🇸 https://t.co/HScS4Y9ZJK",81023,23367,49,5,0.003631023922935128,0.04446929693222046,0.9518996477127075,0.9482686237897724,Positive
885278633014812673,2017-07-12 23:24:08+00:00,2017-07-12,2017-07,Wednesday,23,iPhone,False,Big WIN today for building the wall. It will secure the border &amp; save lives. Now the full House &amp; Senate must act! ➡️https://t.co/TTg7lvBdo2 https://t.co/xhiknXko70,70931,21554,172,25,0.0037543857470154762,0.028229299932718277,0.9680163264274597,0.9642619406804442,Positive
885410010167226370,2017-07-13 08:06:11+00:00,2017-07-13,2017-07,Thursday,8,Web,False,"Just landed in Paris, France with @FLOTUS Melania. https://t.co/knULGOQF1K",77588,13860,74,9,0.0035211637150496244,0.7758897542953491,0.22058908641338348,0.21706792269833386,Neutral
885481504780013568,2017-07-13 12:50:16+00:00,2017-07-13,2017-07,Thursday,12,iPhone,False,"Melania and I were thrilled to join the dedicated men and women of the @USEmbassyFrance, members of the U.S. Military and their families. https://t.co/ZSdsJ0Bsbl",70714,14527,161,24,0.00184603629168123,0.012616228312253952,0.9855377078056335,0.9836916715139523,Positive
885570979975639040,2017-07-13 18:45:49+00:00,2017-07-13,2017-07,Thursday,18,iPhone,False,"President @EmmanuelMacron, Thank you for the beautiful welcome ceremony at Les Invalides today! https://t.co/RKir1GcRrB",57924,11399,119,14,0.0023687502834945917,0.019076716154813766,0.9785545468330383,0.9761857965495437,Positive
885579818875670528,2017-07-13 19:20:56+00:00,2017-07-13,2017-07,Thursday,19,iPhone,False,Great bilateral meetings at Élysée Palace w/ President @EmmanuelMacron. The friendship between our two nations and ourselves is unbreakable. https://t.co/IOSoC0MdPv,58829,12681,164,20,0.0017555003287270665,0.016456929966807365,0.9817875623703003,0.9800320620415732,Positive
885769944482414593,2017-07-14 07:56:26+00:00,2017-07-14,2017-07,Friday,7,iPhone,False,Great evening with President @EmmanuelMacron &amp; Mrs. Macron. Went to Eiffel Tower for dinner. Relationship with France stronger than ever. https://t.co/ib1pdUYoEU,45347,8872,165,21,0.0021904753521084785,0.013718067668378353,0.9840914607048035,0.981900985352695,Positive
885770227514052608,2017-07-14 07:57:33+00:00,2017-07-14,2017-07,Friday,7,iPhone,False,"Republicans Senators are working hard to get their failed ObamaCare replacement approved. I will be at my desk, pen in hand!",70229,13878,124,21,0.4483757019042969,0.4068688750267029,0.14475545287132263,-0.30362024903297424,Negative
885772254017187840,2017-07-14 08:05:36+00:00,2017-07-14,2017-07,Friday,8,iPhone,False,"So impt Rep Senators, under leadership of @SenateMajLdr McConnell get healthcare plan approved. After 7yrs of O'Care disaster, must happen!",50000,9810,139,20,0.04818841442465782,0.3285592496395111,0.6232523322105408,0.575063917785883,Positive
885772727315030020,2017-07-14 08:07:29+00:00,2017-07-14,2017-07,Friday,8,iPhone,False,"After all of these years of suffering thru ObamaCare, Republican Senators must come through as they have promised!",74543,16005,114,18,0.40462514758110046,0.412473201751709,0.18290160596370697,-0.2217235416173935,Neutral
885773130723205120,2017-07-14 08:09:05+00:00,2017-07-14,2017-07,Friday,8,iPhone,False,.@VP Mike Pence is working hard on HealthCare and getting our wonderful Republican Senators to do what is right for the people.,60424,11260,127,22,0.005683349445462227,0.08052055537700653,0.9137961268424988,0.9081127773970366,Positive
885817217455140864,2017-07-14 11:04:16+00:00,2017-07-14,2017-07,Friday,11,iPhone,False,It was a great honor to represent the United States at the magnificent #BastilleDay parade. Congratulations President @EmmanuelMacron! https://t.co/1J4vZiy98y,67582,14740,158,19,0.002406985266134143,0.008401589468121529,0.9891913533210754,0.9867843680549413,Positive
885856351557210112,2017-07-14 13:39:47+00:00,2017-07-14,2017-07,Friday,13,iPhone,False,"The United States mourns for the victims of Nice, France. We pledge our solidarity with France against terror. 🇺🇸🇫🇷 https://t.co/7irbz08oT3",53025,11096,139,20,0.28855451941490173,0.5592808127403259,0.15216465294361115,-0.1363898664712906,Neutral
885858247277727746,2017-07-14 13:47:19+00:00,2017-07-14,2017-07,Friday,13,iPhone,False,"Great conversations with President @EmmanuelMacron and his representatives on trade, military and security.",51117,9169,107,13,0.0029455777257680893,0.03768414258956909,0.9593702554702759,0.9564246777445078,Positive
885865609971605508,2017-07-14 14:16:34+00:00,2017-07-14,2017-07,Friday,14,iPhone,False,"Left Paris for U.S.A. Will be heading to New Jersey and attending the #USWomensOpen, their most important tournament, this afternoon.",58385,9377,133,20,0.004288783762603998,0.8222364783287048,0.1734747588634491,0.1691859751008451,Neutral
885988016912838656,2017-07-14 22:22:58+00:00,2017-07-14,2017-07,Friday,22,iPhone,False,"Just landed from Paris, France. It was an incredible visit with President @EmmanuelMacron. A lot discussed and accomplished in two days!",61382,10359,136,21,0.00231133378110826,0.009086821228265762,0.9886018633842468,0.9862905296031386,Positive
885992108565291008,2017-07-14 22:39:14+00:00,2017-07-14,2017-07,Friday,22,Media Studio,False,"President @EmmanuelMacron, Thank you for inviting Melania and myself to such a historic celebration in France. #BastilleDay #14juillet https://t.co/KZjJQOo0H1",79045,18800,158,19,0.0027511108200997114,0.03448232635855675,0.9627665281295776,0.9600154173094779,Positive
886036222308757504,2017-07-15 01:34:31+00:00,2017-07-15,2017-07,Saturday,1,iPhone,False,Honored to serve as Commander-in-Chief to the courageous men and women of our U.S. Armed Forces. A grateful nation thanks you! https://t.co/wERNV7J4oO,112362,23174,150,22,0.004162659402936697,0.018603941425681114,0.9772334098815918,0.9730707504786551,Positive
886058483392622592,2017-07-15 03:02:59+00:00,2017-07-15,2017-07,Saturday,3,iPhone,False,"I will be at the @USGA #USWomensOpen in Bedminster, NJ tomorrow. Big crowds expected &amp; the women are playing great-should be very exciting!",50762,7710,143,23,0.0014874143525958061,0.009136952459812164,0.9893755912780762,0.9878881769254804,Positive
886259363412926464,2017-07-15 16:21:12+00:00,2017-07-15,2017-07,Saturday,16,iPhone,False,Stock Market at new all-time high! Working on new trade deals that will be great for U.S. and its workers!,85526,16386,106,20,0.0021073156967759132,0.018746621906757355,0.9791461229324341,0.9770388072356582,Positive
886261674029854721,2017-07-15 16:30:23+00:00,2017-07-15,2017-07,Saturday,16,iPhone,False,"Stock Market hit another all-time high yesterday - despite the Russian hoax story! Also, jobs numbers are starting to look very good!",87173,18658,133,22,0.0055996873416006565,0.03875035420060158,0.9556499123573303,0.9500502250157297,Positive
886262474277888002,2017-07-15 16:33:34+00:00,2017-07-15,2017-07,Saturday,16,iPhone,False,Will be at the Women's U.S. Open today!,55281,6887,39,8,0.0027716348413378,0.755125880241394,0.2421024888753891,0.2393308540340513,Neutral
886283456644251652,2017-07-15 17:56:57+00:00,2017-07-15,2017-07,Saturday,17,Media Studio,False,Next week the Senate is going to vote on legislation to save Americans from the ObamaCare DISASTER. #WeeklyAddress🇺🇸 https://t.co/xjVDkgo1NK,60683,13679,140,19,0.007924750447273254,0.7479491233825684,0.2441260814666748,0.23620133101940155,Neutral
886319322154586112,2017-07-15 20:19:28+00:00,2017-07-15,2017-07,Saturday,20,iPhone,False,MAKE AMERICA GREAT AGAIN! https://t.co/3eYF3nir4B,65311,15555,49,5,0.004113768693059683,0.03918832540512085,0.956697940826416,0.9525841721333563,Positive
886321948275429381,2017-07-15 20:29:54+00:00,2017-07-15,2017-07,Saturday,20,iPhone,False,"Just got to the #USWomensOpen in Bedminster, New Jersey. People are really happy with record high stock market - up over 17% since election!",66479,11542,140,24,0.0021136575378477573,0.011680013500154018,0.9862063527107239,0.9840926951728761,Positive
886421324637380609,2017-07-16 03:04:47+00:00,2017-07-16,2017-07,Sunday,3,iPhone,False,The women played great today at the @USGA #USWomensOpen🇺🇸 I look forward to being there tomorrow for the final round! https://t.co/2oWyptgfIY,46187,7506,141,21,0.0019993179012089968,0.008144154213368893,0.989856481552124,0.987857163650915,Positive
886534810575020032,2017-07-16 10:35:44+00:00,2017-07-16,2017-07,Sunday,10,iPhone,False,"HillaryClinton can illegally get the questions to the Debate &amp; delete 33,000 emails but my son Don is being scorned by the Fake News Media?",143851,38330,143,25,0.7735514044761658,0.21518933773040771,0.0112592289224267,-0.7622921755537391,Negative
886538703547621376,2017-07-16 10:51:12+00:00,2017-07-16,2017-07,Sunday,10,iPhone,False,"Thank you to all of the supporters, who far out-numbered the protesters, yesterday at the Women's U.S. Open. Very cool!",112717,19513,119,20,0.0032413217704743147,0.013130033388733864,0.9836286306381226,0.9803873088676482,Positive
886541955311816705,2017-07-16 11:04:07+00:00,2017-07-16,2017-07,Sunday,11,iPhone,False,Thank you to former campaign adviser Michael Caputo for saying so powerfully that there was no Russian collusion in our winning campaign.,92061,19730,137,22,0.02230226807296276,0.15758144855499268,0.8201162815093994,0.7978140134364367,Positive
886544734788997125,2017-07-16 11:15:10+00:00,2017-07-16,2017-07,Sunday,11,iPhone,False,"With all of its phony unnamed sources &amp; highly slanted &amp; even fraudulent reporting, #Fake News is DISTORTING DEMOCRACY in our country!",96428,23939,142,22,0.9180346727371216,0.07376506924629211,0.008200261741876602,-0.909834410995245,Negative
886588838902206464,2017-07-16 14:10:25+00:00,2017-07-16,2017-07,Sunday,14,iPhone,False,"The ABC/Washington Post Poll, even though almost 40% is not bad at this time, was just about the most inaccurate poll around election time!",72783,14212,139,24,0.8993257880210876,0.09231244772672653,0.008361742831766605,-0.890964045189321,Negative
886635676787232768,2017-07-16 17:16:32+00:00,2017-07-16,2017-07,Sunday,17,iPhone,False,The #USSJohnFinn will provide essential capabilities to keep America safe. Our sailors are the best anywhere in the world. Congratulations! https://t.co/yTnMwSh1Kg,69926,15103,163,21,0.002757737413048744,0.014332969672977924,0.9829093217849731,0.9801515843719244,Positive
886691926233239556,2017-07-16 21:00:03+00:00,2017-07-16,2017-07,Sunday,21,iPhone,False,I am at the @USGA #USWomensOpen. An amateur player is co-leading for the first time in many decades - very exciting!,51984,7332,116,21,0.0013767298078164458,0.0181204192340374,0.9805028438568115,0.9791261140489951,Positive
886742955251335168,2017-07-17 00:22:50+00:00,2017-07-17,2017-07,Monday,0,iPhone,False,Congratulations to Sung Hyun Park on winning the 2017 @USGA #USWomensOpen🇺🇸,48125,7168,75,11,0.0016063132788985968,0.02887711301445961,0.9695165157318115,0.9679102024529129,Positive
886743367815766021,2017-07-17 00:24:28+00:00,2017-07-17,2017-07,Monday,0,iPhone,False,"Heading back to Washington, D.C. Much will be accomplished this week on trade, the military and security!",89884,15861,105,17,0.0023250479716807604,0.08552036434412003,0.9121546149253845,0.9098295669537038,Positive
886950594220568576,2017-07-17 14:07:55+00:00,2017-07-17,2017-07,Monday,14,iPhone,False,Most politicians would have gone to a meeting like the one Don jr attended in order to get info on an opponent. That's politics!,102537,20486,128,24,0.3714931011199951,0.5921117067337036,0.0363951213657856,-0.3350979797542095,Neutral
887134287350439936,2017-07-18 02:17:50+00:00,2017-07-18,2017-07,Tuesday,2,iPhone,False,Republicans should just REPEAL failing ObamaCare now &amp; work on a new Healthcare Plan that will start from a clean slate. Dems will join in!,114485,28599,143,25,0.5556712746620178,0.3905942440032959,0.053734440356492996,-0.5019368343055248,Negative
887279050263285761,2017-07-18 11:53:05+00:00,2017-07-18,2017-07,Tuesday,11,iPhone,False,"We were let down by all of the Democrats and a few Republicans. Most Republicans were loyal, terrific &amp; worked really hard. We will return!",78612,16670,143,25,0.17289213836193085,0.22193944454193115,0.6051684617996216,0.43227632343769073,Positive
887280380423938048,2017-07-18 11:58:22+00:00,2017-07-18,2017-07,Tuesday,11,iPhone,False,"As I have always said, let ObamaCare fail and then come together and do a great healthcare plan. Stay tuned!",84372,18484,108,20,0.032733138650655746,0.27211377024650574,0.6951531171798706,0.6624199785292149,Positive
887299895803203584,2017-07-18 13:15:55+00:00,2017-07-18,2017-07,Tuesday,13,iPhone,False,"With only a very small majority, the Republicans in the House &amp; Senate need more victories next year since Dems totally obstruct, no votes!",67041,15648,143,24,0.5037328004837036,0.3753875494003296,0.12087968736886978,-0.38285311311483383,Negative
887302632687251456,2017-07-18 13:26:47+00:00,2017-07-18,2017-07,Tuesday,13,iPhone,False,The Senate must go to a 51 vote majority instead of current 60 votes. Even parts of full Repeal need 60. 8 Dems control Senate. Crazy!,74152,19171,134,26,0.36931973695755005,0.5216289162635803,0.1090514212846756,-0.26026831567287445,Neutral
887475373981696000,2017-07-19 00:53:12+00:00,2017-07-19,2017-07,Wednesday,0,iPhone,False,"Fake News story of secret dinner with Putin is ""sick."" All G 20 leaders, and spouses, were invited by the Chancellor of Germany. Press knew!",98186,26708,140,25,0.6869862675666809,0.2929592728614807,0.020054491236805916,-0.666931776329875,Negative
887477071160762369,2017-07-19 00:59:56+00:00,2017-07-19,2017-07,Wednesday,0,iPhone,False,The Fake News is becoming more and more dishonest! Even a dinner arranged for top 20 leaders in Germany is made to look sinister!,109127,27469,129,24,0.8972111940383911,0.09344149380922318,0.009347349405288696,-0.8878638446331024,Negative
887650824515661824,2017-07-19 12:30:22+00:00,2017-07-19,2017-07,Wednesday,12,iPhone,False,I will be having lunch at the White House today with Republican Senators concerning healthcare. They MUST keep their promise to America!,93049,18641,136,22,0.0128201674669981,0.370495468378067,0.6166843771934509,0.6038642097264528,Positive
887654816507408384,2017-07-19 12:46:14+00:00,2017-07-19,2017-07,Wednesday,12,iPhone,False,"The Republicans never discuss how good their healthcare bill is, &amp; it will get even better at lunchtime.The Dems scream death as OCare dies!",75511,16272,144,24,0.7465126514434814,0.1657240390777588,0.08776330947875977,-0.6587493419647217,Negative
887862941109940225,2017-07-20 02:33:15+00:00,2017-07-20,2017-07,Thursday,2,iPhone,False,"Melania and I send our thoughts and prayers to Senator McCain, Cindy, and their entire family. Get well soon. https://t.co/fONWVlmYyz",84370,15805,133,20,0.021477732807397842,0.31707921624183655,0.6614431142807007,0.6399653814733028,Positive
888088029428150272,2017-07-20 17:27:40+00:00,2017-07-20,2017-07,Thursday,17,iPhone,False,"Departing The Pentagon after meetings with @VP Pence, Secretary James Mattis, and our great teams. #MAGA🇺🇸 https://t.co/5d1MSzhjQS",60572,13124,130,17,0.007264307700097561,0.32888340950012207,0.6638522744178772,0.6565879667177796,Positive
888128621784838144,2017-07-20 20:08:58+00:00,2017-07-20,2017-07,Thursday,20,Media Studio,False,"I am asking all citizens to believe in yourselves, believe in your future, and believe, once more, in America. #AmericaFirst🇺🇸 https://t.co/NOnhJyWp4J",122092,34804,150,21,0.005696184933185577,0.11987413465976715,0.8744297027587891,0.8687335178256035,Positive
888240051599134721,2017-07-21 03:31:45+00:00,2017-07-21,2017-07,Friday,3,iPhone,False,"Billions of dollars in investments &amp; thousands of new jobs in America! An initiative via Corning, Merck &amp; Pfizer: https://t.co/QneN48bSiq https://t.co/5VtMfuY3PM",59311,13909,169,21,0.002075744792819023,0.06345288455486298,0.9344714283943176,0.9323956836014986,Positive
888393378970439682,2017-07-21 13:41:01+00:00,2017-07-21,2017-07,Friday,13,iPhone,False,#MadeInAmerica🇺🇸 📸https://t.co/39dwlGHI7R https://t.co/VfIrc5Xssx,42436,9028,65,3,0.006761603988707066,0.4024094343185425,0.5908289551734924,0.5840673511847854,Positive
888420461075476480,2017-07-21 15:28:38+00:00,2017-07-21,2017-07,Friday,15,Media Studio,False,"""Six months in - it is the hope of GROWTH📈that is making America🇺🇸FOUR TRILLION DOLLARS💰RICHER."" -Stuart @VarneyCo 🎥https://t.co/s7fYOicWGV https://t.co/x9MeUzDom6",56880,15615,163,19,0.0041959951631724834,0.10842199623584747,0.8873820304870605,0.8831860353238881,Positive
888429879603191811,2017-07-21 16:06:04+00:00,2017-07-21,2017-07,Friday,16,Media Studio,False,"ICYMI- This week we hosted a #MadeInAmerica event, right here at the @WhiteHouse! If it is MADE IN AMERICA, it is the BEST! USA🇺🇸 https://t.co/q4vB9GdE5y",58876,13032,153,25,0.0013446352677419782,0.013066515326499939,0.9855888485908508,0.9842442133231089,Positive
888478670502932480,2017-07-21 19:19:56+00:00,2017-07-21,2017-07,Friday,19,iPhone,False,Manufacturers’ record-high optimism reported in the 1st qtr has carried into the 2nd qtr of 2017 via @ShopFloorNAM: https://t.co/a42fNElct1 https://t.co/WHZtcAxhRQ,41284,10206,163,20,0.0047577242366969585,0.22162875533103943,0.773613452911377,0.76885572867468,Positive
888529645381062656,2017-07-21 22:42:30+00:00,2017-07-21,2017-07,Friday,22,Media Studio,False,"Today, it was my privilege to welcome survivors of the #USSArizona to the WH. Remarks: https://t.co/gySxxqazBl https://t.co/gySxxqazBl https://t.co/ZJaLAfBcv0",1736,459,158,18,0.0024539229925721884,0.03813676908612251,0.9594093561172485,0.9569554331246763,Positive
888530948811366400,2017-07-21 22:47:40+00:00,2017-07-21,2017-07,Friday,22,Media Studio,False,"Today, it was my privilege to welcome survivors of the #USSArizona to the @WhiteHouse. #HonorThem🇺🇸 Remarks: https://t.co/gySxxqazBl https://t.co/6IPmbqVi10",69792,14925,156,18,0.0023707845248281956,0.029682481661438942,0.9679467678070068,0.9655759832821786,Positive
888575966259314691,2017-07-22 01:46:33+00:00,2017-07-22,2017-07,Saturday,1,iPhone,False,Sean Spicer is a wonderful person who took tremendous abuse from the Fake News Media - but his future is bright!,120240,23056,112,21,0.04614316672086716,0.09271952509880066,0.861137330532074,0.8149941638112068,Positive
888708453560184832,2017-07-22 10:33:01+00:00,2017-07-22,2017-07,Saturday,10,iPhone,False,"A new INTELLIGENCE LEAK from the Amazon Washington Post,this time against A.G. Jeff Sessions.These illegal leaks, like Comey's, must stop!",73455,19168,138,20,0.8738230466842651,0.11450264602899551,0.011674324050545692,-0.8621487226337194,Negative
888711488717934592,2017-07-22 10:45:05+00:00,2017-07-22,2017-07,Saturday,10,iPhone,False,"The Failing New York Times foiled U.S. attempt to kill the single most wanted terrorist,Al-Baghdadi.Their sick agenda over National Security",69595,20637,140,20,0.9117860794067383,0.08204701542854309,0.006166947074234486,-0.9056191323325038,Negative
888713231065391104,2017-07-22 10:52:00+00:00,2017-07-22,2017-07,Saturday,10,iPhone,False,"This morning I will be going to the Commissioning Ceremony for the largest aircraft carrier in the world, The Gerald R. Ford. Norfolk, Va.",74010,12151,138,24,0.0023726695217192173,0.6337759494781494,0.363851398229599,0.3614787287078798,Neutral
888724194820857857,2017-07-22 11:35:34+00:00,2017-07-22,2017-07,Saturday,11,iPhone,False,"While all agree the U. S. President has the complete power to pardon, why think of that when only crime so far is LEAKS against us.FAKE NEWS",72192,17458,140,27,0.5989053845405579,0.36506205797195435,0.03603261336684227,-0.5628727711737156,Negative
888726438265966592,2017-07-22 11:44:29+00:00,2017-07-22,2017-07,Saturday,11,iPhone,False,"So many people are asking why isn't the A.G. or Special Council looking at the many Hillary Clinton or Comey crimes. 33,000 e-mails deleted?",105571,29545,140,24,0.5452527403831482,0.4349828064441681,0.019764494150877,-0.5254882462322712,Negative
888727293346156546,2017-07-22 11:47:53+00:00,2017-07-22,2017-07,Saturday,11,iPhone,False,"...What about all of the Clinton ties to Russia, including Podesta Company, Uranium deal, Russian Reset, big dollar speeches etc.",87505,24813,129,20,0.24519668519496918,0.721352219581604,0.033451080322265625,-0.21174560487270355,Neutral
888730468732067841,2017-07-22 12:00:30+00:00,2017-07-22,2017-07,Saturday,12,iPhone,False,"My son Donald openly gave his e-mails to the media &amp; authorities whereas Crooked Hillary Clinton deleted (&amp; acid washed) her 33,000 e-mails!",109944,27447,148,23,0.5268159508705139,0.41563302278518677,0.0575510635972023,-0.4692648872733116,Negative
888733031875346432,2017-07-22 12:10:41+00:00,2017-07-22,2017-07,Saturday,12,iPhone,False,"In all fairness to Anthony Scaramucci, he wanted to endorse me 1st, before the Republican Primaries started, but didn't think I was running!",58321,11206,140,23,0.08727708458900452,0.7270525097846985,0.18567046523094177,0.09839338064193726,Neutral
888734848550043648,2017-07-22 12:17:54+00:00,2017-07-22,2017-07,Saturday,12,iPhone,False,"The Republican Senators must step up to the plate and, after 7 years, vote to Repeal and Replace. Next, Tax Reform and Infrastructure. WIN!",86049,19637,139,24,0.04374770075082779,0.33821848034858704,0.6180338263511658,0.574286125600338,Positive
888736256145985536,2017-07-22 12:23:30+00:00,2017-07-22,2017-07,Saturday,12,iPhone,False,"ObamaCare is dead and the Democrats are obstructionists, no ideas or votes, only obstruction. It is solely up to the 52 Republican Senators!",84103,20453,140,23,0.9259942770004272,0.06655813753604889,0.007447575684636831,-0.9185467013157904,Negative
888771440014749697,2017-07-22 14:43:18+00:00,2017-07-22,2017-07,Saturday,14,iPhone,False,Join me live for the commissioning ceremony of the USS Gerald R. Ford! ➡️https://t.co/F78iOR64TW #USA https://t.co/PrVceEmPOB,46317,8557,125,16,0.003250353503972292,0.6712952256202698,0.32545438408851624,0.32220403058454394,Neutral
888841724759597057,2017-07-22 19:22:35+00:00,2017-07-22,2017-07,Saturday,19,Media Studio,False,A ship is only as good as the people who serve on it — and the AMERICAN SAILOR is the BEST in the world. @USNavy #USSGeraldRFord https://t.co/YmiTLXcCEh,73092,16695,152,27,0.005886145867407322,0.02820623107254505,0.9659075736999512,0.9600214278325438,Positive
888895687865380864,2017-07-22 22:57:01+00:00,2017-07-22,2017-07,Saturday,22,iPhone,False,"American steel &amp; American hands have constructed a 100,000 ton message to the world: American MIGHT IS SECOND TO NONE! #USSGeraldRFord #USA https://t.co/Pibf37Eybg",56799,13339,167,23,0.02236456610262394,0.5651476979255676,0.4124877154827118,0.39012314938008785,Neutral
888924192573235201,2017-07-23 00:50:17+00:00,2017-07-23,2017-07,Sunday,0,Media Studio,False,To every PATRIOT who will serve on the #USSGeraldRFord: ☑️Keep the watch🇺🇸 ☑️Protect her🇺🇸 ☑️Defend her🇺🇸 ☑️LOVE HER🇺🇸 Good Luck &amp; Godspeed! https://t.co/shcz5GQkCh,111217,27239,168,23,0.014164887368679047,0.23545745015144348,0.7503777146339417,0.7362128272652626,Positive
889215815022727168,2017-07-23 20:09:05+00:00,2017-07-23,2017-07,Sunday,20,iPhone,False,"As the phony Russian Witch Hunt continues, two groups are laughing at this excuse for a lost election taking hold, Democrats and Russians!",87621,20088,138,23,0.922671377658844,0.06818349659442902,0.009145084768533707,-0.9135262928903103,Negative
889217183930351621,2017-07-23 20:14:32+00:00,2017-07-23,2017-07,Sunday,20,iPhone,False,"It's very sad that Republicans, even some that were carried over the line on my back, do very little to protect their President.",134160,35200,128,23,0.9363728761672974,0.058144569396972656,0.005482594948261976,-0.9308902812190354,Negative
889273320574783489,2017-07-23 23:57:36+00:00,2017-07-23,2017-07,Sunday,23,iPhone,False,"It's hard to read the Failing New York Times or the Amazon Washington Post because every story/opinion, even if should be positive, is bad!",71155,15589,139,24,0.9402560591697693,0.05244540423154831,0.007298605050891638,-0.9329574541188776,Negative
889274373689028609,2017-07-24 00:01:47+00:00,2017-07-24,2017-07,Monday,0,iPhone,False,"If Republicans don't Repeal and Replace the disastrous ObamaCare, the repercussions will be far greater than any of them understand!",89832,22133,132,20,0.9224841594696045,0.0699763298034668,0.0075394934974610806,-0.9149446659721434,Negative
889279880336166914,2017-07-24 00:23:40+00:00,2017-07-24,2017-07,Monday,0,iPhone,False,"Thank you to @LOUDOBBS for giving the first six months of the Trump Administration an A+. S.C.,reg cutting,Stock M, jobs,border etc. = TRUE!",83996,20417,140,23,0.012102930806577206,0.04583611339330673,0.9420609474182129,0.9299580166116357,Positive
889435104841523201,2017-07-24 10:40:28+00:00,2017-07-24,2017-07,Monday,10,iPhone,False,"Drain the Swamp should be changed to Drain the Sewer - it's actually much worse than anyone ever thought, and it begins with the Fake News!",117414,33079,139,26,0.9309808015823364,0.061778146773576736,0.007241073530167341,-0.9237397280521691,Negative
889438168721874944,2017-07-24 10:52:39+00:00,2017-07-24,2017-07,Monday,10,iPhone,False,"After 1 year of investigation with Zero evidence being found, Chuck Schumer just stated that ""Democrats should blame ourselves,not Russia.""",100874,28633,139,20,0.7235680222511292,0.2613855004310608,0.015046484768390656,-0.7085215374827385,Negative
889467610332528641,2017-07-24 12:49:38+00:00,2017-07-24,2017-07,Monday,12,iPhone,False,"So why aren't the Committees and investigators, and of course our beleaguered A.G., looking into Crooked Hillarys crimes &amp; Russia relations?",88254,24879,144,21,0.5989968776702881,0.38186949491500854,0.01913358084857464,-0.5798632968217134,Negative
889473486506385409,2017-07-24 13:12:59+00:00,2017-07-24,2017-07,Monday,13,iPhone,False,"Sleazy Adam Schiff, the totally biased Congressman looking into ""Russia,"" spends all of his time on television pushing the Dem loss excuse!",81461,21363,139,22,0.8821344971656799,0.10668347775936127,0.01118207536637783,-0.8709524217993021,Negative
889474780356915206,2017-07-24 13:18:07+00:00,2017-07-24,2017-07,Monday,13,iPhone,False,Republicans have a last chance to do the right thing on Repeal &amp; Replace after years of talking &amp; campaigning on it.,83561,19819,124,22,0.25909778475761414,0.6141102910041809,0.12679198384284973,-0.1323058009147644,Neutral
889579795176181761,2017-07-24 20:15:25+00:00,2017-07-24,2017-07,Monday,20,iPhone,False,"Arriving at Joint Base Andrews with @SecretaryPerry, @SecretaryZinke, and @SecPriceMD..... https://t.co/Yxm94XKtuv",45954,10620,114,11,0.0052334703505039215,0.9337058067321777,0.06106071174144745,0.05582724139094353,Neutral
889599425458327552,2017-07-24 21:33:25+00:00,2017-07-24,2017-07,Monday,21,iPhone,False,Any senator who votes against starting debate is telling America that you are fine w/ the #OCareNightmare! Remarks: https://t.co/tSvWaMdxBA https://t.co/DI7e78hr6N,42868,11724,163,20,0.8508103489875793,0.13927747309207916,0.009912240318953991,-0.8408981086686254,Negative
889654862379589633,2017-07-25 01:13:42+00:00,2017-07-25,2017-07,Tuesday,1,Media Studio,False,#2017Jambo- Remember your duty. Honor your history. Take care of the people God puts into your life – and LOVE &amp; CHERISH your country! https://t.co/DnNYxGJm4I,71804,19511,162,25,0.008538392372429371,0.13808678090572357,0.8533748388290405,0.8448364464566112,Positive
889672374458646528,2017-07-25 02:23:18+00:00,2017-07-25,2017-07,Tuesday,2,iPhone,False,"The Amazon Washington Post fabricated the facts on my ending massive, dangerous, and wasteful payments to Syrian rebels fighting Assad.....",59829,15482,139,20,0.8512933254241943,0.1408030092716217,0.007903658784925938,-0.8433896666392684,Negative
889673743873843200,2017-07-25 02:28:44+00:00,2017-07-25,2017-07,Tuesday,2,iPhone,False,So many stories about me in the @washingtonpost are Fake News. They are as bad as ratings challenged @CNN. Lobbyist for Amazon and taxes?,55705,13338,137,24,0.920985221862793,0.07264449447393417,0.006370255257934332,-0.9146149666048586,Negative
889675644396867584,2017-07-25 02:36:17+00:00,2017-07-25,2017-07,Tuesday,2,iPhone,False,Is Fake News Washington Post being used as a lobbyist weapon against Congress to keep Politicians from looking into Amazon no-tax monopoly?,63048,17448,139,22,0.6138238906860352,0.37349632382392883,0.012679782696068287,-0.6011441079899669,Negative
889788202172780544,2017-07-25 10:03:33+00:00,2017-07-25,2017-07,Tuesday,10,iPhone,False,"Ukrainian efforts to sabotage Trump campaign - ""quietly working to boost Clinton."" So where is the investigation A.G. @seanhannity",58316,17167,130,19,0.6578055620193481,0.32915744185447693,0.013037014752626419,-0.6447685472667217,Negative
889790429398528000,2017-07-25 10:12:24+00:00,2017-07-25,2017-07,Tuesday,10,iPhone,False,Attorney General Jeff Sessions has taken a VERY weak position on Hillary Clinton crimes (where are E-mails &amp; DNC server) &amp; Intel leakers!,71253,19778,145,23,0.8549433350563049,0.1373939961194992,0.007662722375243902,-0.847280612681061,Negative
889792764363276288,2017-07-25 10:21:41+00:00,2017-07-25,2017-07,Tuesday,10,iPhone,False,"Problem is that the acting head of the FBI &amp; the person in charge of the Hillary investigation, Andrew McCabe, got $700,000 from H for wife!",72206,22532,144,26,0.7620828151702881,0.22033275663852692,0.01758444309234619,-0.7444983720779419,Negative
889794300913045508,2017-07-25 10:27:47+00:00,2017-07-25,2017-07,Tuesday,10,iPhone,False,"Big day for HealthCare. After 7 years of talking, we will soon see whether or not Republicans are willing to step up to the plate!",64975,13852,130,25,0.06358962506055832,0.4805240333080292,0.4558863043785095,0.3922966793179512,Neutral
889796918615920640,2017-07-25 10:38:11+00:00,2017-07-25,2017-07,Tuesday,10,iPhone,False,ObamaCare is torturing the American People.The Democrats have fooled the people long enough. Repeal or Repeal &amp; Replace! I have pen in hand.,70145,16409,144,23,0.935895562171936,0.05667435750365257,0.007430077996104956,-0.9284654841758311,Negative
889798407228989441,2017-07-25 10:44:06+00:00,2017-07-25,2017-07,Tuesday,10,iPhone,False,So great that John McCain is coming back to vote. Brave - American hero! Thank you John.,82480,22788,88,17,0.005112592130899429,0.02070292830467224,0.9741844534873962,0.9690718613564968,Positive
889800510106107904,2017-07-25 10:52:27+00:00,2017-07-25,2017-07,Tuesday,10,iPhone,False,"Jared Kushner did very well yesterday in proving he did not collude with the Russians. Witch Hunt. Next up, 11 year old Barron Trump!",91712,22579,133,24,0.14491888880729675,0.4943424165248871,0.36073869466781616,0.2158198058605194,Neutral
889821674987761664,2017-07-25 12:16:34+00:00,2017-07-25,2017-07,Tuesday,12,iPhone,False,Working on major Trade Deal with the United Kingdom. Could be very big &amp; exciting. JOBS! The E.U. is very protectionist with the U.S. STOP!,70843,16722,143,25,0.007524070795625448,0.12851132452487946,0.8639645576477051,0.8564404868520796,Positive
889822411356602369,2017-07-25 12:19:29+00:00,2017-07-25,2017-07,Tuesday,12,iPhone,False,This will be a very interesting day for HealthCare.The Dems are obstructionists but the Republicans can have a great victory for the people!,58423,12075,140,23,0.01009414717555046,0.07763239741325378,0.9122734665870667,0.9021793194115162,Positive
889824817473605632,2017-07-25 12:29:03+00:00,2017-07-25,2017-07,Tuesday,12,iPhone,False,Will be traveling to the Great State of Ohio tonight. Big crowd expected. See you there!,69155,12243,88,16,0.0016152046155184507,0.05018512159585953,0.9481996893882751,0.9465844847727567,Positive
889867842186649600,2017-07-25 15:20:01+00:00,2017-07-25,2017-07,Tuesday,15,Media Studio,False,The American people have waited long enough. There has been enough talk and no action for seven years. Now is the time for action! https://t.co/VdTiYL0Ua7,59968,13969,154,25,0.6399508118629456,0.28534454107284546,0.0747046172618866,-0.565246194601059,Negative
889871789198802944,2017-07-25 15:35:42+00:00,2017-07-25,2017-07,Tuesday,15,iPhone,False,"""America's Labor Market Continues to Boom"" JOBS, JOBS, JOBS! https://t.co/LuOaR1Iz2e",51509,12527,84,10,0.002760863397270441,0.05285239219665527,0.9443867802619934,0.941625916864723,Positive
889925142675062784,2017-07-25 19:07:42+00:00,2017-07-25,2017-07,Tuesday,19,iPhone,False,Joint Press Conference with Prime Minister Saad Hariri of Lebanon beginning shortly. Join us live! ➡️https://t.co/7pquWbEutn https://t.co/JHVHKgrPOY,26651,4586,148,17,0.004328964278101921,0.8955481052398682,0.10012292861938477,0.09579396434128284,Neutral
889929412539543552,2017-07-25 19:24:40+00:00,2017-07-25,2017-07,Tuesday,19,iPhone,False,.@SenJohnMcCain-Thank you for coming to D.C. for such a vital vote. Congrats to all Rep. We can now deliver grt healthcare to all Americans!,67747,14599,140,24,0.0031220344826579094,0.01702413149178028,0.9798538088798523,0.9767317743971944,Positive
889972487844491265,2017-07-25 22:15:50+00:00,2017-07-25,2017-07,Tuesday,22,iPhone,False,"Just arrived in Youngstown, Ohio with @FLOTUS Melania! #MakeAmericaGreatAgain🇺🇸 🎥https://t.co/A1mrxSksR3 https://t.co/jWX9yBlX8z",52162,9246,128,11,0.0023482930846512318,0.14215828478336334,0.8554934859275818,0.8531451928429306,Positive
890060370861334529,2017-07-26 04:05:03+00:00,2017-07-26,2017-07,Wednesday,4,Media Studio,False,"It was my great honor to join our wonderful Veterans at AMVETS Post 44 in Youngstown, Ohio this evening. A grateful nation salutes you! https://t.co/RxobYHP1oR",60984,12063,159,25,0.0023668825160712004,0.010026738978922367,0.9876063466072083,0.985239464091137,Positive
890069204082151424,2017-07-26 04:40:09+00:00,2017-07-26,2017-07,Wednesday,4,Media Studio,False,People of Ohio are fantastic. Thank you so much. What an evening! https://t.co/KM0zoaULYH,55359,10493,89,13,0.0045472485944628716,0.007825510576367378,0.9876272678375244,0.9830800192430615,Positive
890162144884514820,2017-07-26 10:49:28+00:00,2017-07-26,2017-07,Wednesday,10,iPhone,False,The crowd in Ohio was amazing last night - broke all records. We all had a great time in a great State. Will be back soon!,76466,12643,122,26,0.002945445943623781,0.007950952276587486,0.9891035556793213,0.9861581097356975,Positive
890168183079960576,2017-07-26 11:13:28+00:00,2017-07-26,2017-07,Wednesday,11,iPhone,True,"Senator @lisamurkowski of the Great State of Alaska really let the Republicans, and our country, down yesterday. Too bad!",59522,14612,121,19,0.938474714756012,0.054433755576610565,0.007091481704264879,-0.9313832330517471,Negative
890193981585444864,2017-07-26 12:55:58+00:00,2017-07-26,2017-07,Wednesday,12,iPhone,False,"After consultation with my Generals and military experts, please be advised that the United States Government will not accept or allow......",127153,43443,140,21,0.5636173486709595,0.42021963000297546,0.016163013875484467,-0.547454334795475,Negative
890196164313833472,2017-07-26 13:04:39+00:00,2017-07-26,2017-07,Wednesday,13,iPhone,False,....Transgender individuals to serve in any capacity in the U.S. Military. Our military must be focused on decisive and overwhelming.....,138148,45736,137,20,0.049711041152477264,0.7879998683929443,0.16228903830051422,0.11257799714803696,Neutral
890197095151546369,2017-07-26 13:08:21+00:00,2017-07-26,2017-07,Wednesday,13,iPhone,False,....victory and cannot be burdened with the tremendous medical costs and disruption that transgender in the military would entail. Thank you,143128,43406,140,21,0.22628778219223022,0.598993182182312,0.17471902072429657,-0.051568761467933655,Neutral
890207082926022656,2017-07-26 13:48:02+00:00,2017-07-26,2017-07,Wednesday,13,iPhone,False,"Why didn't A.G. Sessions replace Acting FBI Director Andrew McCabe, a Comey friend who was in charge of Clinton investigation but got....",64335,16092,137,22,0.4114125370979309,0.5722593665122986,0.01632813550531864,-0.39508440159261227,Neutral
890208319566229504,2017-07-26 13:52:57+00:00,2017-07-26,2017-07,Wednesday,13,iPhone,False,"...big dollars ($700,000) for his wife's political run from Hillary Clinton and her representatives. Drain the Swamp!",74591,16929,117,17,0.6761930584907532,0.2933814227581024,0.03042556717991829,-0.6457674913108349,Negative
890260758050856961,2017-07-26 17:21:19+00:00,2017-07-26,2017-07,Wednesday,17,iPhone,False,IN AMERICA WE DON'T WORSHIP GOVERNMENT - WE WORSHIP GOD!🎥https://t.co/jIejSgVnnA,131013,37683,80,10,0.008363869041204453,0.11603964120149612,0.8755964636802673,0.8672325946390629,Positive
890314337696579584,2017-07-26 20:54:14+00:00,2017-07-26,2017-07,Wednesday,20,Media Studio,False,Congratulations to Boys and Girls Nation. It was my great honor to welcome you to the WH today! Full Remarks: https://t.co/Pb5FTTOyWf https://t.co/U6tfV93dDG,50280,10041,157,22,0.0020988835021853447,0.00882677547633648,0.9890744090080261,0.9869755255058408,Positive
890361489126805504,2017-07-27 00:01:35+00:00,2017-07-27,2017-07,Thursday,0,Media Studio,False,"Thank you Foxconn, for investing $10 BILLION DOLLARS with the potential for up to 13K new jobs in Wisconsin! MadeInTheUSA🇺🇸 https://t.co/jJghVeb63s",91566,21236,147,21,0.00256169680505991,0.020450534299016,0.9769877195358276,0.9744260227307677,Positive
890524387773997056,2017-07-27 10:48:53+00:00,2017-07-27,2017-07,Thursday,10,iPhone,False,"Wow, the Failing @nytimes said about @foxandfriends ""....the most powerful T.V. show in America.""",55479,11826,97,14,0.041725266724824905,0.18573085963726044,0.7725439071655273,0.7308186404407024,Positive
890533442135502849,2017-07-27 11:24:52+00:00,2017-07-27,2017-07,Thursday,11,iPhone,False,"Come on Republican Senators, you can do it on Healthcare. After 7 years, this is your chance to shine! Don't let the American people down!",93516,21456,138,25,0.027838174253702164,0.13502748310565948,0.8371343612670898,0.8092961870133877,Positive
890566339462672385,2017-07-27 13:35:35+00:00,2017-07-27,2017-07,Thursday,13,iPhone,False,"""One of the things that has been lost in the politics of this situation is that the Russians collected and spread negative information.....",57728,13164,139,23,0.6922770738601685,0.2999819219112396,0.007740992587059736,-0.6845360812731087,Negative
890568797941362690,2017-07-27 13:45:22+00:00,2017-07-27,2017-07,Thursday,13,iPhone,False,"...about then candidate Trump."" Catherine Herridge @FoxNews. So why doesn't Fake News report this? Witch Hunt! Purposely phony reporting.",54808,12467,137,19,0.8082966208457947,0.17886728048324585,0.012836139649152756,-0.7954604811966419,Negative
890642377131515904,2017-07-27 18:37:44+00:00,2017-07-27,2017-07,Thursday,18,iPhone,False,Big progress being made in ridding our country of MS-13 gang members and gang members in general. MAKE AMERICA SAFE AGAIN!,94758,19433,122,21,0.060743287205696106,0.2415577471256256,0.6976989507675171,0.636955663561821,Positive
890650237060120576,2017-07-27 19:08:58+00:00,2017-07-27,2017-07,Thursday,19,iPhone,False,Join me live as we recognize the first responders to the June 14th shooting involving @SteveScalise. #TeamScalise https://t.co/qOolNmB65d https://t.co/6OCn9JfMAG,43084,7887,161,19,0.008353863842785358,0.7805668711662292,0.21107925474643707,0.20272539090365171,Neutral
890687451156631555,2017-07-27 21:36:51+00:00,2017-07-27,2017-07,Thursday,21,Media Studio,False,"Today, we gathered in the East Room to pay tribute to the HEROES whose courageous actions under fire saved so many lives in Alexandria, VA. https://t.co/it52TkLsye",67187,12683,163,26,0.003858205396682024,0.09361555427312851,0.9025262594223022,0.8986680540256202,Positive
890705628716466176,2017-07-27 22:49:05+00:00,2017-07-27,2017-07,Thursday,22,Media Studio,False,It was my great HONOR to present our nation's highest award for a public safety officer - THE MEDAL OF VALOR to FIVE AMERICAN HEROES! https://t.co/j7ceXuBZ3f,63785,13266,157,26,0.002948174951598048,0.012182453647255898,0.9848693609237671,0.981921185972169,Positive
890764622852173826,2017-07-28 02:43:30+00:00,2017-07-28,2017-07,Friday,2,iPhone,False,"Go Republican Senators, Go! Get there after waiting for 7 years. Give America great healthcare!",73164,13641,95,15,0.008748349733650684,0.06518444418907166,0.9260671734809875,0.9173188237473369,Positive
890820505330212864,2017-07-28 06:25:33+00:00,2017-07-28,2017-07,Friday,6,iPhone,False,"3 Republicans and 48 Democrats let the American people down. As I said from the beginning, let ObamaCare implode, then deal. Watch!",93756,27123,131,22,0.9049074649810791,0.0854642242193222,0.009628400206565857,-0.8952790647745132,Negative
890931465885798400,2017-07-28 13:46:28+00:00,2017-07-28,2017-07,Friday,13,iPhone,False,"If Republicans are going to pass great future legislation in the Senate, they must immediately go to a 51 vote majority, not senseless 60...",63380,14432,140,24,0.04968293756246567,0.4875246286392212,0.46279245615005493,0.41310951858758926,Neutral
890935044474380288,2017-07-28 14:00:42+00:00,2017-07-28,2017-07,Friday,14,iPhone,False,"...Even though parts of healthcare could pass at 51, some really good things need 60. So many great future bills &amp; budgets need 60 votes....",55356,10995,144,25,0.02043987438082695,0.15880897641181946,0.8207511901855469,0.8003113158047199,Positive
890968428370153472,2017-07-28 16:13:21+00:00,2017-07-28,2017-07,Friday,16,iPhone,False,"We will always ENFORCE our laws, PROTECT our borders, and SUPPORT our police! #LESM Harrisburg, Pennsylvania #FlashbackFriday #MS13 https://t.co/79Tskiv69j",62365,13971,155,19,0.007020037155598402,0.23913460969924927,0.7538453340530396,0.7468252968974411,Positive
890971233159962624,2017-07-28 16:24:30+00:00,2017-07-28,2017-07,Friday,16,iPhone,False,Departing for Long Island now. An area under siege from #MS13 gang members. We will not rest until #MS13 is eradicated. #LESM https://t.co/GsgbBUXyHS,58914,13675,149,23,0.8313700556755066,0.1551356315612793,0.013494274578988552,-0.817875781096518,Negative
891038014314598400,2017-07-28 20:49:51+00:00,2017-07-28,2017-07,Friday,20,iPhone,False,I am pleased to inform you that I have just named General/Secretary John F Kelly as White House Chief of Staff. He is a Great American....,92878,24516,138,26,0.0031468127854168415,0.016580434516072273,0.9802727699279785,0.9771259571425617,Positive
891039237319143424,2017-07-28 20:54:43+00:00,2017-07-28,2017-07,Friday,20,iPhone,False,...and a Great Leader. John has also done a spectacular job at Homeland Security. He has been a true star of my Administration,68485,14468,126,23,0.003772409399971366,0.019988100975751877,0.9762394428253174,0.972467033425346,Positive
891040645581873152,2017-07-28 21:00:19+00:00,2017-07-28,2017-07,Friday,21,iPhone,False,I would like to thank Reince Priebus for his service and dedication to his country. We accomplished a lot together and I am proud of him!,80770,15792,137,26,0.0031656522769480944,0.017365742474794388,0.979468584060669,0.9763029317837209,Positive
891087485111087104,2017-07-29 00:06:26+00:00,2017-07-29,2017-07,Saturday,0,Media Studio,False,"We will defend our country, protect our communities and put the safety of the AMERICAN PEOPLE FIRST! Replay: https://t.co/dcZxPKOPZ9 https://t.co/0NGiIhGY18",62779,15037,156,20,0.010237319394946098,0.17290270328521729,0.8168599605560303,0.8066226411610842,Positive
891253798500487168,2017-07-29 11:07:18+00:00,2017-07-29,2017-07,Saturday,11,iPhone,False,"In other words, Russia was against Trump in the 2016 Election - and why not, I want strong military &amp; low oil prices. Witch Hunt! https://t.co/mMSxj4Su5z",64793,19020,157,26,0.6698740124702454,0.2998143434524536,0.03031158074736595,-0.6395624317228794,Negative
891257113565163520,2017-07-29 11:20:29+00:00,2017-07-29,2017-07,Saturday,11,iPhone,False,"Republican Senate must get rid of 60 vote NOW! It is killing the R Party, allows 8 Dems to control country. 200 Bills sit in Senate. A JOKE!",69689,18453,140,28,0.9201685786247253,0.07224826514720917,0.007583181373775005,-0.9125853972509503,Negative
891259245106278400,2017-07-29 11:28:57+00:00,2017-07-29,2017-07,Saturday,11,iPhone,False,"The very outdated filibuster rule must go. Budget reconciliation is killing R's in Senate. Mitch M, go to 51 Votes NOW and WIN. IT'S TIME!",71934,17724,138,25,0.7103513479232788,0.2395603209733963,0.05008832365274429,-0.6602630242705345,Negative
891260230876659713,2017-07-29 11:32:52+00:00,2017-07-29,2017-07,Saturday,11,iPhone,False,Republicans in the Senate will NEVER win if they don't go to a 51 vote majority NOW. They look like fools and are just wasting time......,73271,18092,137,26,0.9394040107727051,0.05341528728604317,0.00718079786747694,-0.9322232129052281,Negative
891261878005092353,2017-07-29 11:39:25+00:00,2017-07-29,2017-07,Saturday,11,iPhone,False,"....8 Dems totally control the U.S. Senate. Many great Republican bills will never pass, like Kate's Law and complete Healthcare. Get smart!",70383,17988,140,22,0.8104764819145203,0.1570626050233841,0.03246094658970833,-0.7780155353248119,Negative
891263843908947969,2017-07-29 11:47:13+00:00,2017-07-29,2017-07,Saturday,11,iPhone,False,"If the Senate Democrats ever got the chance, they would switch to a 51 majority vote in first minute. They are laughing at R's. MAKE CHANGE!",75811,18985,140,26,0.7055758833885193,0.24439725279808044,0.05002688243985176,-0.6555490009486675,Negative
891332290474848257,2017-07-29 16:19:12+00:00,2017-07-29,2017-07,Saturday,16,iPhone,False,"After seven years of ""talking"" Repeal &amp; Replace, the people of our great country are still being forced to live with imploding ObamaCare!",80415,19365,141,23,0.8987830281257629,0.09344496577978134,0.007771966978907585,-0.8910110611468554,Negative
891334415347060736,2017-07-29 16:27:39+00:00,2017-07-29,2017-07,Saturday,16,iPhone,False,"If a new HealthCare Bill is not approved quickly, BAILOUTS for Insurance Companies and BAILOUTS for Members of Congress will end very soon!",106726,29095,139,23,0.7521149516105652,0.22595475614070892,0.021930312737822533,-0.7301846388727427,Negative
891343645529567232,2017-07-29 17:04:20+00:00,2017-07-29,2017-07,Saturday,17,iPhone,False,U.S. Stock Market up almost 20% since Election!,106915,22532,47,8,0.0031622499227523804,0.08930765092372894,0.9075300693511963,0.9043678194284439,Positive
891397134662193152,2017-07-29 20:36:52+00:00,2017-07-29,2017-07,Saturday,20,iPhone,False,"Unless the Republican Senators are total quitters, Repeal &amp; Replace is not dead! Demand another vote before voting on any other bill!",92349,22095,137,22,0.5689099431037903,0.38511934876441956,0.045970652252435684,-0.5229392908513546,Negative
891437168798965761,2017-07-29 23:15:57+00:00,2017-07-29,2017-07,Saturday,23,iPhone,False,"I love reading about all of the ""geniuses"" who were so instrumental in my election success. Problem is, most don't exist. #Fake News! MAGA",85767,18571,138,24,0.19375009834766388,0.16939331591129303,0.6368566155433655,0.4431065171957016,Positive
891440474132795392,2017-07-29 23:29:05+00:00,2017-07-29,2017-07,Saturday,23,iPhone,False,"I am very disappointed in China. Our foolish past leaders have allowed them to make hundreds of billions of dollars a year in trade, yet...",101591,26681,139,25,0.9278409481048584,0.06491262465715408,0.007246396970003843,-0.9205945511348546,Negative
891442016294494209,2017-07-29 23:35:13+00:00,2017-07-29,2017-07,Saturday,23,iPhone,False,"...they do NOTHING for us with North Korea, just talk. We will no longer allow this to continue. China could easily solve this problem!",99285,24240,135,24,0.9201949238777161,0.07277356833219528,0.007031512446701527,-0.9131634114310145,Negative
891623821702295552,2017-07-30 11:37:39+00:00,2017-07-30,2017-07,Sunday,11,iPhone,False,"Don't give up Republican Senators, the World is watching: Repeal &amp; Replace...and go to 51 votes (nuke option), get Cross State Lines &amp; more.",106525,25010,148,24,0.10541359335184097,0.6340580582618713,0.2605283260345459,0.15511473268270493,Neutral
891996053611917312,2017-07-31 12:16:46+00:00,2017-07-31,2017-07,Monday,12,iPhone,False,"If ObamaCare is hurting people, &amp; it is, why shouldn't it hurt the insurance companies &amp; why should Congress not be paying what public pays?",131252,35202,148,25,0.7267086505889893,0.26259472966194153,0.010696603916585445,-0.7160120466724038,Negative
891998881009061888,2017-07-31 12:28:00+00:00,2017-07-31,2017-07,Monday,12,iPhone,False,"Highest Stock Market EVER, best economic numbers in years, unemployment lowest in 17 years, wages raising, border secure, S.C.: No WH chaos!",126845,30726,140,22,0.008633879013359547,0.038013577461242676,0.9533525109291077,0.9447186319157481,Positive
892147656319004672,2017-07-31 22:19:11+00:00,2017-07-31,2017-07,Monday,22,iPhone,False,A great day at the White House!,122378,25417,31,7,0.003374628257006407,0.010445918887853622,0.9861794114112854,0.982804783154279,Positive
892366646542782464,2017-08-01 12:49:22+00:00,2017-08-01,2017-08,Tuesday,12,iPhone,False,"Stock Market could hit all-time high (again) 22,000 today. Was 18,000 only 6 months ago on Election Day. Mainstream media seldom mentions!",107308,23445,138,22,0.06222888454794884,0.4802502393722534,0.45752087235450745,0.3952919878065586,Neutral
892370324616089600,2017-08-01 13:03:59+00:00,2017-08-01,2017-08,Tuesday,13,iPhone,False,"""Corporations have NEVER made as much money as they are making now."" Thank you Stuart Varney @foxandfriends Jobs are starting to roar,watch!",79661,16961,140,22,0.02061847224831581,0.08727148920297623,0.8921100497245789,0.871491577476263,Positive
892383242535481344,2017-08-01 13:55:19+00:00,2017-08-01,2017-08,Tuesday,13,iPhone,False,Only the Fake News Media and Trump enemies want me to stop using Social Media (110 million people). Only way for me to get the truth out!,140273,33675,137,27,0.7788691520690918,0.20133669674396515,0.019794180989265442,-0.7590749710798264,Negative
892741272259133441,2017-08-02 13:38:00+00:00,2017-08-02,2017-08,Wednesday,13,iPhone,False,Small business owners are the DREAMERS &amp; INNOVATORS who are powering us into the future! Read more and watch here: https://t.co/hZE3fUqKDf https://t.co/TJn5x6HrFG,51840,11564,166,22,0.0029618050903081894,0.058461327105760574,0.938576877117157,0.9356150720268488,Positive
892749228291874816,2017-08-02 14:09:37+00:00,2017-08-02,2017-08,Wednesday,14,Media Studio,False,"It was my great honor to pay tribute to a VET who went above &amp; beyond the call of duty to PROTECT our COMRADES, our COUNTRY, &amp; OUR FREEDOM! https://t.co/YS6y1WR30G",82161,16823,171,30,0.005387207493185997,0.025993922725319862,0.9686188101768494,0.9632316026836634,Positive
892782712322437120,2017-08-02 16:22:40+00:00,2017-08-02,2017-08,Wednesday,16,iPhone,False,"""Why the Rust Belt just gave Donald Trump a hero's welcome"" https://t.co/nqiZ8h8ajk",56159,12432,83,12,0.04828525334596634,0.7492480278015137,0.20246678590774536,0.15418153256177902,Neutral
892814520942460928,2017-08-02 18:29:04+00:00,2017-08-02,2017-08,Wednesday,18,Media Studio,False,I campaigned on creating a merit-based immigration system that protects U.S. workers &amp; taxpayers. Watch: https://t.co/lv3ScSKnF6 #RAISEAct https://t.co/zCFK5OfYnB,78586,20342,166,18,0.0069040292873978615,0.337977796792984,0.6551182270050049,0.648214197717607,Positive
892920397162848257,2017-08-03 01:29:46+00:00,2017-08-03,2017-08,Thursday,1,iPhone,False,"I love the White House, one of the most beautiful buildings (homes) I have ever seen. But Fake News said I called it a dump - TOTALLY UNTRUE",137752,32924,140,28,0.10319771617650986,0.0992235541343689,0.797578752040863,0.6943810358643532,Positive
893081237082001409,2017-08-03 12:08:54+00:00,2017-08-03,2017-08,Thursday,12,iPhone,False,Business is looking better than ever with business enthusiasm at record levels. Stock Market at an all-time high. That doesn't just happen!,82679,16533,139,22,0.003669532248750329,0.013308118097484112,0.9830222725868225,0.9793527403380722,Positive
893082107081244672,2017-08-03 12:12:21+00:00,2017-08-03,2017-08,Thursday,12,iPhone,False,I am continuing to get rid of costly and unnecessary regulations. Much work left to do but effect will be great! Business &amp; jobs will grow.,101225,19770,143,26,0.019713029265403748,0.10219995677471161,0.878087043762207,0.8583740144968033,Positive
893083735633129472,2017-08-03 12:18:49+00:00,2017-08-03,2017-08,Thursday,12,iPhone,False,"Our relationship with Russia is at an all-time &amp; very dangerous low. You can thank Congress, the same people that can't even give us HCare!",92727,29173,143,25,0.9348517656326294,0.05804602801799774,0.007102209609001875,-0.9277495560236275,Negative
893140445294940160,2017-08-03 16:04:10+00:00,2017-08-03,2017-08,Thursday,16,Media Studio,False,"See you tonight Huntington, West Virginia! #MakeAmericaGreatAgain🇺🇸 Tickets: https://t.co/ERU0xUWdCr https://t.co/obtDsdV94t",44234,9524,124,10,0.0017353967996314168,0.07930678129196167,0.9189578294754028,0.9172224326757714,Positive
893170489820151808,2017-08-03 18:03:33+00:00,2017-08-03,2017-08,Thursday,18,Media Studio,False,"Today, I announced another historic breakthrough for the VA. We are working tirelessly to keep our promises to our GREAT VETERANS! #USA https://t.co/LexSINeM1J",70079,16273,159,23,0.0018886929610744119,0.014142514206469059,0.9839688539505005,0.9820801609894261,Positive
893186623193718784,2017-08-03 19:07:40+00:00,2017-08-03,2017-08,Thursday,19,Media Studio,False,"Our GREAT VETERANS can now connect w/ their VA healthcare team from anywhere, using #VAVideoConnect - available at: https://t.co/WFFHLWn8nF. https://t.co/Dmq4htSps9",48821,11806,164,20,0.0022085891105234623,0.14686529338359833,0.8509261012077332,0.8487175120972097,Positive
893243147580473344,2017-08-03 22:52:16+00:00,2017-08-03,2017-08,Thursday,22,iPhone,False,Just arrived in West Virginia for a MAKE AMERICA GREAT AGAIN rally in Huntington at 7:00pmE. Massive crowd expected - tune in! #MAGA🇺🇸,64611,10787,134,23,0.0017113289795815945,0.04421455040574074,0.9540741443634033,0.9523628153838217,Positive
893325503020642305,2017-08-04 04:19:31+00:00,2017-08-04,2017-08,Friday,4,iPhone,False,"Thank you West Virginia! All across the country, Americans of every kind are coming together w/one simple goal: to MAKE AMERICA GREAT AGAIN! https://t.co/thRh7htVbH",68517,15828,164,24,0.0029584455769509077,0.016446605324745178,0.9805949330329895,0.9776364874560386,Positive
893411790868160514,2017-08-04 10:02:24+00:00,2017-08-04,2017-08,Friday,10,iPhone,False,Toyota &amp; Mazda to build a new $1.6B plant here in the U.S.A. and create 4K new American jobs. A great investment in American manufacturing!,117780,26142,143,25,0.0029729038942605257,0.049711260944604874,0.9473158717155457,0.9443429678212851,Positive
893416615504748544,2017-08-04 10:21:34+00:00,2017-08-04,2017-08,Friday,10,iPhone,False,....and don't forget that Foxconn will be spending up to 10 billion dollars on a top of the line plant/plants in Wisconsin.,60261,11235,123,22,0.2803954780101776,0.6215405464172363,0.09806394577026367,-0.18233153223991394,Neutral
893417795614121985,2017-08-04 10:26:16+00:00,2017-08-04,2017-08,Friday,10,iPhone,False,"Consumer confidence is at a 16 year high....and for good reason. Much more regulation ""busting"" to come. Working hard on tax cuts &amp; reform!",75633,14948,143,24,0.009530626237392426,0.05634318292140961,0.9341261386871338,0.9245955124497414,Positive
893420123641479168,2017-08-04 10:35:31+00:00,2017-08-04,2017-08,Friday,10,iPhone,False,"West Virginia was incredible last night. Crowds and enthusiasm were beyond, GDP at 3%, wow!Dem Governor became a Republican last night.",84848,17395,135,21,0.003741953754797578,0.013605495914816856,0.9826525449752808,0.9789105912204832,Positive
893452922427715584,2017-08-04 12:45:50+00:00,2017-08-04,2017-08,Friday,12,iPhone,False,Excellent Jobs Numbers just released - and I have only just begun. Many job stifling regulations continue to fall. Movement back to USA!,90292,19333,136,23,0.008542019873857498,0.03783173859119415,0.953626275062561,0.9450842551887035,Positive
893498883090907137,2017-08-04 15:48:28+00:00,2017-08-04,2017-08,Friday,15,iPhone,False,"No matter the mission, the brave men &amp; women of our @USCG proudly answer the call to serve 24/7/365. THANK YOU and HAPPY BIRTHDAY! #CG227🇺🇸 https://t.co/GY555t0vzN",63653,14202,167,26,0.0029904949478805065,0.009990304708480835,0.9870191812515259,0.9840286863036454,Positive
893587008312016896,2017-08-04 21:38:39+00:00,2017-08-04,2017-08,Friday,21,Media Studio,False,Great work being done by @FEMA @DHSgov w/state &amp; local leaders to prepare for hurricane season. Preparedness is an investment in our future! https://t.co/e4rbchY3zM,49730,10103,168,24,0.004276631399989128,0.034524135291576385,0.9611992835998535,0.9569226521998644,Positive
893864420539068417,2017-08-05 16:00:59+00:00,2017-08-05,2017-08,Saturday,16,Media Studio,False,Prosperity is coming back to our shores because we are putting America WORKERS and FAMILIES first. #AmericaFirst🇺🇸 https://t.co/4kTc6Om308,92077,24010,138,18,0.004792909137904644,0.0568511039018631,0.9383559823036194,0.9335630731657147,Positive
893957896190533632,2017-08-05 22:12:26+00:00,2017-08-05,2017-08,Saturday,22,iPhone,False,"""Under Trump, gains against #ISIS have dramatically accelerated"" https://t.co/jNtOTh0moL",63757,14759,88,9,0.019832445308566093,0.5123679637908936,0.46779966354370117,0.4479672182351351,Neutral
893964041630212098,2017-08-05 22:36:51+00:00,2017-08-05,2017-08,Saturday,22,iPhone,False,"Working in Bedminster, N.J., as long planned construction is being done at the White House. This is not a vacation - meetings and calls!",87982,19955,136,24,0.38165482878685,0.5756730437278748,0.042672112584114075,-0.3389827162027359,Neutral
893965986566733824,2017-08-05 22:44:34+00:00,2017-08-05,2017-08,Saturday,22,iPhone,False,The United Nations Security Council just voted 15-0 to sanction North Korea. China and Russia voted with us. Very big financial impact!,110129,25763,135,22,0.23160423338413239,0.5654916763305664,0.20290406048297882,-0.028700172901153564,Neutral
893969438139191296,2017-08-05 22:58:17+00:00,2017-08-05,2017-08,Saturday,22,iPhone,False,"After many years of LEAKS going on in Washington, it is great to see the A.G. taking action! For National Security, the tougher the better!",103975,22371,139,25,0.042990297079086304,0.2159389704465866,0.7410707473754883,0.698080450296402,Positive
893970139565129730,2017-08-05 23:01:05+00:00,2017-08-05,2017-08,Saturday,23,iPhone,False,Thank you Nicole! https://t.co/KlWN05uFOx,52192,10528,41,4,0.00505842175334692,0.01990331895649433,0.9750382304191589,0.969979808665812,Positive
893973466508079104,2017-08-05 23:14:18+00:00,2017-08-05,2017-08,Saturday,23,iPhone,False,United Nations Resolution is the single largest economic sanctions package ever on North Korea. Over one billion dollars in cost to N.K.,83987,18347,136,22,0.5290648341178894,0.42427462339401245,0.04666055366396904,-0.48240428045392036,Negative
894185208924262401,2017-08-06 13:15:41+00:00,2017-08-06,2017-08,Sunday,13,iPhone,False,MAKE AMERICA GREAT AGAIN! https://t.co/g4ELhh9joH,113900,34426,49,5,0.004113768693059683,0.03918832540512085,0.956697940826416,0.9525841721333563,Positive
894367017054208001,2017-08-07 01:18:08+00:00,2017-08-07,2017-08,Monday,1,iPhone,False,"The Fake News refuses to report the success of the first 6 months: S.C., surging economy &amp; jobs,border &amp; military security,ISIS &amp; MS-13 etc.",95347,23061,152,24,0.6228997111320496,0.3156011402606964,0.061499107629060745,-0.5614006035029888,Negative
894368024765059073,2017-08-07 01:22:08+00:00,2017-08-07,2017-08,Monday,1,iPhone,False,Just completed call with President Moon of South Korea. Very happy and impressed with 15-0 United Nations vote on North Korea sanctions.,100546,20422,136,22,0.003667991841211915,0.04438180476427078,0.951950192451477,0.9482822006102651,Positive
894508048844279809,2017-08-07 10:38:32+00:00,2017-08-07,2017-08,Monday,10,iPhone,False,"The failing @nytimes, which has made every wrong prediction about me including my big election win (apologized), is totally inept!",65244,13598,130,20,0.9378702640533447,0.053776662796735764,0.008353120647370815,-0.9295171434059739,Negative
894512983384129536,2017-08-07 10:58:09+00:00,2017-08-07,2017-08,Monday,10,iPhone,False,"The Trump base is far bigger &amp; stronger than ever before (despite some phony Fake News polling). Look at rallies in Penn, Iowa, Ohio.......",90640,19426,143,24,0.022393370047211647,0.19657529890537262,0.7810313701629639,0.7586380001157522,Positive
894514535062790144,2017-08-07 11:04:19+00:00,2017-08-07,2017-08,Monday,11,iPhone,False,"...and West Virginia. The fact is the Fake News Russian collusion story, record Stock Market, border security, military strength, jobs.....",59815,12005,139,20,0.5654327273368835,0.3947809934616089,0.03978632763028145,-0.5256463997066021,Negative
894515865802223616,2017-08-07 11:09:36+00:00,2017-08-07,2017-08,Monday,11,iPhone,False,"... Supreme Court pick, economic enthusiasm, deregulation &amp; so much more have driven the Trump base even closer together. Will never change!",69591,14447,144,22,0.14209043979644775,0.43226516246795654,0.4256443977355957,0.28355395793914795,Neutral
894518002795900928,2017-08-07 11:18:05+00:00,2017-08-07,2017-08,Monday,11,iPhone,True,"Hard to believe that with 24/7 #Fake News on CNN, ABC, NBC, CBS, NYTIMES &amp; WAPO, the Trump base is getting stronger!",74243,17420,120,22,0.8118212819099426,0.156427264213562,0.031751472502946854,-0.7800698094069958,Negative
894521737534197762,2017-08-07 11:32:56+00:00,2017-08-07,2017-08,Monday,11,iPhone,False,Working hard from New Jersey while White House goes through long planned renovation. Going to New York next week for more meetings.,66731,13164,131,22,0.00994513276964426,0.6559867858886719,0.33406805992126465,0.3241229271516204,Neutral
894525428236464128,2017-08-07 11:47:36+00:00,2017-08-07,2017-08,Monday,11,iPhone,False,Interesting to watch Senator Richard Blumenthal of Connecticut talking about hoax Russian collusion when he was a phony Vietnam con artist!,80581,20919,139,21,0.41534072160720825,0.4833366870880127,0.10132256150245667,-0.3140181601047516,Neutral
894526670836781056,2017-08-07 11:52:32+00:00,2017-08-07,2017-08,Monday,11,iPhone,False,Never in U.S.history has anyone lied or defrauded voters like Senator Richard Blumenthal. He told stories about his Vietnam battles and....,78666,19662,139,21,0.726997971534729,0.24355962872505188,0.02944239228963852,-0.6975555792450905,Negative
894528885701971970,2017-08-07 12:01:20+00:00,2017-08-07,2017-08,Monday,12,iPhone,False,"...conquests, how brave he was, and it was all a lie. He cried like a baby and begged for forgiveness like a child. Now he judges collusion?",74752,17375,140,27,0.8624668717384338,0.12463697791099548,0.012896216474473476,-0.8495706552639604,Negative
894620077634592769,2017-08-07 18:03:42+00:00,2017-08-07,2017-08,Monday,18,iPhone,False,On #PurpleHeartDay💜I thank all the brave men and women who have sacrificed in battle for this GREAT NATION! #USA🇺🇸 https://t.co/QmfdLSLp6p,76310,15769,138,20,0.003186071291565895,0.015328068286180496,0.9814857840538025,0.9782997127622366,Positive
894653195112378368,2017-08-07 20:15:18+00:00,2017-08-07,2017-08,Monday,20,iPhone,False,The Fake News Media will not talk about the importance of the United Nations Security Council's 15-0 vote in favor of sanctions on N. Korea!,85330,20272,140,25,0.5636359453201294,0.4081929326057434,0.028171133249998093,-0.5354648120701313,Negative
894659355324424192,2017-08-07 20:39:46+00:00,2017-08-07,2017-08,Monday,20,iPhone,False,"How much longer will the failing nytimes, with its big losses and massive unfunded liability (and non-existent sources), remain in business?",82202,17551,140,21,0.9130800366401672,0.08099889010190964,0.005921110510826111,-0.9071589261293411,Negative
894661651760377856,2017-08-07 20:48:54+00:00,2017-08-07,2017-08,Monday,20,iPhone,False,"I think Senator Blumenthal should take a nice long vacation in Vietnam, where he lied about his service, so he can at least say he was there",115856,29933,140,27,0.7983671426773071,0.18331854045391083,0.018314290791749954,-0.7800528518855572,Negative
894878812063846400,2017-08-08 11:11:49+00:00,2017-08-08,2017-08,Tuesday,11,iPhone,False,"I will be holding a major briefing on the Opioid crisis, a major problem for our country, today at 3:00 P.M. in Bedminster, N.J.",72667,14799,128,24,0.11280374974012375,0.8366863131523132,0.05050996318459511,-0.06229378655552864,Neutral
894880193839497216,2017-08-08 11:17:18+00:00,2017-08-08,2017-08,Tuesday,11,iPhone,False,"After many years of failure,countries are coming together to finally address the dangers posed by North Korea. We must be tough &amp; decisive!",110433,24362,143,23,0.43360021710395813,0.45664823055267334,0.10975153744220734,-0.3238486796617508,Neutral
894981661926068228,2017-08-08 18:00:30+00:00,2017-08-08,2017-08,Tuesday,18,iPhone,False,E-mails show that the AmazonWashingtonPost and the FailingNewYorkTimes were reluctant to cover the Clinton/Lynch secret meeting in plane.,85946,24056,137,18,0.7051908373832703,0.28617021441459656,0.008638929575681686,-0.6965519078075886,Negative
894984126582972416,2017-08-08 18:10:18+00:00,2017-08-08,2017-08,Tuesday,18,iPhone,False,"After 200 days, rarely has any Administration achieved what we have achieved..not even close! Don't believe the Fake News Suppression Polls!",111343,25703,140,21,0.7484714388847351,0.20982521772384644,0.041703395545482635,-0.7067680433392525,Negative
895091395379245056,2017-08-09 01:16:33+00:00,2017-08-09,2017-08,Wednesday,1,iPhone,False,Senator Luther Strange has done a great job representing the people of the Great State of Alabama. He has my complete and total endorsement!,67083,13060,140,24,0.003220540238544345,0.021629290655255318,0.9751501083374023,0.971929568098858,Positive
895252459152711680,2017-08-09 11:56:33+00:00,2017-08-09,2017-08,Wednesday,11,iPhone,False,My first order as President was to renovate and modernize our nuclear arsenal. It is now far stronger and more powerful than ever before....,107542,25729,140,24,0.004983120132237673,0.06417074799537659,0.930846095085144,0.9258629749529064,Positive
895254168570605568,2017-08-09 12:03:21+00:00,2017-08-09,2017-08,Wednesday,12,iPhone,False,"...Hopefully we will never have to use this power, but there will never be a time that we are not the most powerful nation in the world!",131370,30355,136,27,0.07065887004137039,0.24771945178508759,0.6816216707229614,0.610962800681591,Positive
895347654431035393,2017-08-09 18:14:50+00:00,2017-08-09,2017-08,Wednesday,18,iPhone,False,"Senator Mitch McConnell said I had ""excessive expectations,"" but I don't think so. After 7 years of hearing Repeal &amp; Replace, why not done?",122404,31529,143,24,0.5067814588546753,0.4563756585121155,0.036842815577983856,-0.46993864327669144,Negative
895398465290723329,2017-08-09 21:36:44+00:00,2017-08-09,2017-08,Wednesday,21,Media Studio,False,#GodBlessTheUSA🇺🇸 https://t.co/Fkq2gJQOKk,84971,22873,41,2,0.00599034084007144,0.027304328978061676,0.9667053818702698,0.9607150410301983,Positive
895599179522650112,2017-08-10 10:54:18+00:00,2017-08-10,2017-08,Thursday,10,iPhone,False,"Can you believe that Mitch McConnell, who has screamed Repeal &amp; Replace for 7 years, couldn't get it done. Must Repeal &amp; Replace ObamaCare!",106233,24945,147,24,0.8804506659507751,0.10731860250234604,0.012230725958943367,-0.8682199399918318,Negative
895686351529672704,2017-08-10 16:40:41+00:00,2017-08-10,2017-08,Thursday,16,iPhone,False,"Mitch, get back to work and put Repeal &amp; Replace, Tax Reform &amp; Cuts and a great Infrastructure Bill on my desk for signing. You can do it!",123211,31253,146,28,0.0439133420586586,0.1979512721300125,0.7581353783607483,0.7142220363020897,Positive
895741164103639042,2017-08-10 20:18:30+00:00,2017-08-10,2017-08,Thursday,20,iPhone,False,".@IvankaTrump will lead the U.S. delegation to India this fall, supporting women’s entrepreneurship globally. #GES2017 @narendramodi",87293,18303,132,16,0.004377836361527443,0.35070332884788513,0.6449188590049744,0.6405410226434469,Positive
895794792747216896,2017-08-10 23:51:36+00:00,2017-08-10,2017-08,Thursday,23,iPhone,False,"""Trump approval rebounds to 45%, surges among Hispanics, union homes, men"" https://t.co/vvJMDv9Gjl",79230,19993,98,12,0.00824677012860775,0.49316269159317017,0.49859052896499634,0.4903437588363886,Positive
895970429734711298,2017-08-11 11:29:31+00:00,2017-08-11,2017-08,Friday,11,iPhone,False,"Military solutions are now fully in place,locked and loaded,should North Korea act unwisely. Hopefully Kim Jong Un will find another path!",176749,60063,138,21,0.2626393735408783,0.5749468803405762,0.16241377592086792,-0.10022559762001038,Neutral
896076107094474752,2017-08-11 18:29:26+00:00,2017-08-11,2017-08,Friday,18,iPhone,False,We want to make sure that we have the workforce development programs we need to ensure these jobs are.... https://t.co/tyqbvvmBn4,51823,11141,129,20,0.011280734091997147,0.5445803999900818,0.44413888454437256,0.4328581504523754,Neutral
896109655574708224,2017-08-11 20:42:45+00:00,2017-08-11,2017-08,Friday,20,iPhone,False,"""Consumer Comfort Reaches 16-Year High on U.S. Economic Optimism"" via Bloomberg https://t.co/X6KdszrxsS",52445,11946,103,12,0.0048128338530659676,0.27496305108070374,0.7202242016792297,0.7154113678261638,Positive
896124861571112960,2017-08-11 21:43:10+00:00,2017-08-11,2017-08,Friday,21,Media Studio,False,"As promised on the campaign trail, we will provide opportunity for Americans to gain skills needed to succeed &amp; thrive as the economy grows! https://t.co/ZycW4PPcU5",70638,15708,168,25,0.003401415189728141,0.06963010877370834,0.926968514919281,0.9235670997295529,Positive
896191069733265408,2017-08-12 02:06:16+00:00,2017-08-12,2017-08,Saturday,2,Media Studio,False,"Press Conference - Following National Security Briefing in Bedminster, New Jersey. 🎥https://t.co/v5O8GglOIK https://t.co/H1Zi5XRKEo",49032,11145,131,13,0.005228955298662186,0.9628795981407166,0.03189142793416977,0.026662472635507584,Neutral
896420822780444672,2017-08-12 17:19:13+00:00,2017-08-12,2017-08,Saturday,17,iPhone,False,We ALL must be united &amp; condemn all that hate stands for. There is no place for this kind of violence in America. Lets come together as one!,195440,59652,144,28,0.7867403030395508,0.17857441306114197,0.03468535467982292,-0.7520549483597279,Negative
896431205549318144,2017-08-12 18:00:28+00:00,2017-08-12,2017-08,Saturday,18,iPhone,False,"Am in Bedminster for meetings &amp; press conference on V.A. &amp; all that we have done, and are doing, to make it better-but Charlottesville sad!",60599,11471,147,25,0.5536866784095764,0.36165791749954224,0.08465536683797836,-0.46903131157159805,Negative
896452967741747200,2017-08-12 19:26:57+00:00,2017-08-12,2017-08,Saturday,19,iPhone,False,"Join me live from Bedminster, New Jersey: https://t.co/P3cRVvE0cY",32522,5263,65,8,0.004922961816191673,0.8621925711631775,0.13288450241088867,0.127961540594697,Neutral
896467135391596544,2017-08-12 20:23:15+00:00,2017-08-12,2017-08,Saturday,20,iPhone,False,What is vital now is a swift restoration of law and order and the protection of innocent lives. #Charlottesville https://t.co/DB22fgnu6L,69710,17736,136,20,0.07981833070516586,0.6388339400291443,0.28134775161743164,0.20152942091226578,Neutral
896481262776360960,2017-08-12 21:19:23+00:00,2017-08-12,2017-08,Saturday,21,Media Studio,False,"We must remember this truth: No matter our color, creed, religion or political party, we are ALL AMERICANS FIRST. https://t.co/FesMiQSKKn",113556,33786,137,20,0.015880310907959938,0.29872554540634155,0.6853941679000854,0.6695138569921255,Positive
896488914877165569,2017-08-12 21:49:47+00:00,2017-08-12,2017-08,Saturday,21,Media Studio,False,"We will continue to follow developments in Charlottesville, and will provide whatever assistance is needed. We are ready, willing and able. https://t.co/mCTYBgUePi",68383,15556,163,22,0.01133665069937706,0.3284420669078827,0.66022127866745,0.6488846279680729,Positive
896504109670567936,2017-08-12 22:50:10+00:00,2017-08-12,2017-08,Saturday,22,iPhone,False,Deepest condolences to the families &amp; fellow officers of the VA State Police who died today. You're all among the best this nation produces.,127578,26774,144,24,0.1364319622516632,0.18308156728744507,0.6804864406585693,0.5440544784069061,Positive
896512981319790592,2017-08-12 23:25:25+00:00,2017-08-12,2017-08,Saturday,23,iPhone,False,"Condolences to the family of the young woman killed today, and best regards to all of those injured, in Charlottesville, Virginia. So sad!",112225,23601,138,23,0.880256712436676,0.10809130221605301,0.011652001179754734,-0.8686047112569213,Negative
897041646659014657,2017-08-14 10:26:09+00:00,2017-08-14,2017-08,Monday,10,iPhone,False,Heading to Washington this morning. Much work to do. Focus on trade and military. #MAGA,69555,12362,87,15,0.09519662708044052,0.6444429159164429,0.260360449552536,0.1651638224720955,Neutral
897044700124909569,2017-08-14 10:38:17+00:00,2017-08-14,2017-08,Monday,10,iPhone,False,"Luther Strange of the Great State of Alabama has my endorsement. He is strong on Border &amp; Wall, the military, tax cuts &amp; law enforcement.",60284,11474,145,25,0.009457872249186039,0.17858076095581055,0.8119613528251648,0.8025034805759788,Positive
897048688639574016,2017-08-14 10:54:08+00:00,2017-08-14,2017-08,Monday,10,iPhone,False,The Obstructionist Democrats have given us (or not fixed) some of the worst trade deals in World History. I am changing that fast!,97660,20505,130,23,0.9433324933052063,0.049937907606363297,0.006729632616043091,-0.9366028606891632,Negative
897079051277537280,2017-08-14 12:54:47+00:00,2017-08-14,2017-08,Monday,12,iPhone,False,"Now that Ken Frazier of Merck Pharma has resigned from President's Manufacturing Council,he will have more time to LOWER RIPOFF DRUG PRICES!",94838,22644,140,22,0.2586453855037689,0.6396463513374329,0.1017083078622818,-0.15693707764148712,Neutral
897218560937922564,2017-08-14 22:09:09+00:00,2017-08-14,2017-08,Monday,22,iPhone,False,.@Merck Pharma is a leader in higher &amp; higher drug prices while at the same time taking jobs out of the U.S. Bring jobs back &amp; LOWER PRICES!,65851,14503,148,28,0.8669248223304749,0.12105756253004074,0.012017631903290749,-0.8549071904271841,Negative
897220584211439616,2017-08-14 22:17:11+00:00,2017-08-14,2017-08,Monday,22,iPhone,False,"Big day in Washington, D.C., even though White House &amp; Oval Office are being renovated. Great trade deals coming for American workers!",70590,12759,138,22,0.002172375563532114,0.021816421300172806,0.9760111570358276,0.9738387814722955,Positive
897221868784168960,2017-08-14 22:22:17+00:00,2017-08-14,2017-08,Monday,22,iPhone,False,Leaving for New York City and meetings on military purchases and trade.,63273,9402,71,12,0.014462180435657501,0.9528351426124573,0.03270266205072403,0.01824048161506653,Neutral
897223558073602049,2017-08-14 22:29:00+00:00,2017-08-14,2017-08,Monday,22,iPhone,False,Made additional remarks on Charlottesville and realize once again that the #Fake News Media will never be satisfied...truly bad people!,129183,34084,135,20,0.9334070086479187,0.06020116060972214,0.006391804199665785,-0.9270152044482529,Negative
897293484884979712,2017-08-15 03:06:52+00:00,2017-08-15,2017-08,Tuesday,3,iPhone,False,"Feels good to be home after seven months, but the White House is very special, there is no place like it... and the U.S. is really my home!",122211,20632,139,28,0.005217364989221096,0.015476986765861511,0.9793056845664978,0.9740883195772767,Positive
897405235924275200,2017-08-15 10:30:55+00:00,2017-08-15,2017-08,Tuesday,10,iPhone,False,"Senator Luther Strange, who is doing a great job for the people of Alabama, will be on @foxandfriends at 7:15. Tough on crime, borders etc.",47827,7983,139,25,0.007302223239094019,0.10955490916967392,0.88314288854599,0.875840665306896,Positive
897411177583702016,2017-08-15 10:54:32+00:00,2017-08-15,2017-08,Tuesday,10,iPhone,True,"@foxandfriends According to report just out, President Obama knew about Russian interference 3 years ago but he didn't want to anger Russia!",17572,7462,140,22,0.4095456600189209,0.5618272423744202,0.02862703613936901,-0.3809186238795519,Neutral
897429670278385664,2017-08-15 12:08:01+00:00,2017-08-15,2017-08,Tuesday,12,iPhone,False,"Big day in Alabama. Vote for Luther Strange, he will be great!",61099,11425,62,12,0.002584742847830057,0.018628809601068497,0.9787864685058594,0.9762017256580293,Positive
897478270442143744,2017-08-15 15:21:08+00:00,2017-08-15,2017-08,Tuesday,15,iPhone,False,"For every CEO that drops out of the Manufacturing Council, I have many to take their place. Grandstanders should not have gone on. JOBS!",111590,25350,136,24,0.50166916847229,0.42791980504989624,0.07041103392839432,-0.4312581345438957,Negative
897763049226084352,2017-08-16 10:12:45+00:00,2017-08-16,2017-08,Wednesday,10,iPhone,False,"Amazon is doing great damage to tax paying retailers. Towns, cities and states throughout the U.S. are being hurt - many jobs being lost!",70636,18254,137,24,0.9195441603660583,0.07166838645935059,0.00878738984465599,-0.9107567705214024,Negative
897764432369070080,2017-08-16 10:18:14+00:00,2017-08-16,2017-08,Wednesday,10,iPhone,False,Congratulation to Roy Moore and Luther Strange for being the final two and heading into a September runoff in Alabama. Exciting race!,52183,8973,133,22,0.0017602754523977637,0.02115434966981411,0.9770853519439697,0.975325076491572,Positive
897782776468000768,2017-08-16 11:31:08+00:00,2017-08-16,2017-08,Wednesday,11,iPhone,False,Congratulations John! https://t.co/vhmv7Qoutk,37879,7291,45,3,0.0046680946834385395,0.016479652374982834,0.9788522124290466,0.9741841177456081,Positive
897784898865553409,2017-08-16 11:39:34+00:00,2017-08-16,2017-08,Wednesday,11,iPhone,False,Kim Jong Un of North Korea made a very wise and well reasoned decision. The alternative would have been both catastrophic and unacceptable!,119210,27363,139,23,0.26900526881217957,0.5120609998703003,0.21893374621868134,-0.05007152259349823,Neutral
897799882802704385,2017-08-16 12:39:07+00:00,2017-08-16,2017-08,Wednesday,12,iPhone,False,MAKE AMERICA GREAT AGAIN!,175370,52766,25,4,0.00767189497128129,0.047189049422740936,0.9451390504837036,0.9374671555124223,Positive
897833223501344769,2017-08-16 14:51:36+00:00,2017-08-16,2017-08,Wednesday,14,iPhone,False,"Wow, Senator Luther Strange picked up a lot of additional support since my endorsement. Now in September runoff. Strong on Wall &amp; Crime!",57932,9986,140,23,0.0037951788399368525,0.037143297493457794,0.9590615034103394,0.9552663245704025,Positive
897834894822342656,2017-08-16 14:58:14+00:00,2017-08-16,2017-08,Wednesday,14,iPhone,False,"Memorial service today for beautiful and incredible Heather Heyer, a truly special young woman. She will be long remembered by all!",96750,17856,131,21,0.0040782298892736435,0.015521960332989693,0.9803998470306396,0.976321617141366,Positive
897869174323728385,2017-08-16 17:14:27+00:00,2017-08-16,2017-08,Wednesday,17,iPhone,False,"Rather than putting pressure on the businesspeople of the Manufacturing Council &amp; Strategy &amp; Policy Forum, I am ending both. Thank you all!",87625,20229,147,23,0.12229986488819122,0.5360593795776367,0.3416407108306885,0.21934084594249725,Neutral
897908198098706433,2017-08-16 19:49:31+00:00,2017-08-16,2017-08,Wednesday,19,iPhone,False,"Just landed in Bedminster, New Jersey. #MAGA 🎥https://t.co/6EQfmRzrnv",44529,6394,69,8,0.0025668665766716003,0.18997566401958466,0.8074575066566467,0.8048906400799751,Positive
897934811909636096,2017-08-16 21:35:16+00:00,2017-08-16,2017-08,Wednesday,21,iPhone,False,"Today in Bedminster I signed the Harry W. Colmery Veterans Educational Assistance Act of 2017, joined by @DeptVetAffairs @SecShulkin. https://t.co/oMUIZ8X7oB",58663,13790,157,20,0.003953577950596809,0.8395842909812927,0.15646210312843323,0.15250852517783642,Neutral
897974118959783937,2017-08-17 00:11:28+00:00,2017-08-17,2017-08,Thursday,0,iPhone,False,"Join me at 7:00 P.M. on Tuesday, August 22nd in Phoenix, Arizona at the Phoenix Convention Center! Tickets at: https://t.co/2kUQfKqbsx https://t.co/5ua74dlVtq",50974,13904,158,21,0.002236041473224759,0.6671014428138733,0.33066245913505554,0.3284264176618308,Neutral
898015350914138112,2017-08-17 02:55:18+00:00,2017-08-17,2017-08,Thursday,2,Media Studio,False,THANK YOU @MayorGimenez for following the RULE OF LAW! Sanctuary cities make our country LESS SAFE! Full remarks: https://t.co/Kz2EsQ3f1v https://t.co/vD3BB3hyti,64481,15690,161,20,0.8678393363952637,0.11009465903043747,0.022065993398427963,-0.8457733429968357,Negative
898127175525728256,2017-08-17 10:19:39+00:00,2017-08-17,2017-08,Thursday,10,iPhone,False,"Publicity seeking Lindsey Graham falsely stated that I said there is moral equivalency between the KKK, neo-Nazis &amp; white supremacists......",80998,20156,144,20,0.7891837954521179,0.20297017693519592,0.007846049964427948,-0.78133774548769,Negative
898128290698989568,2017-08-17 10:24:05+00:00,2017-08-17,2017-08,Thursday,10,iPhone,False,...and people like Ms. Heyer. Such a disgusting lie. He just can't forget his election trouncing.The people of South Carolina will remember!,71481,15262,140,22,0.924964964389801,0.0679367259144783,0.007098305970430374,-0.9178666584193707,Negative
898130328916824064,2017-08-17 10:32:11+00:00,2017-08-17,2017-08,Thursday,10,iPhone,False,"The public is learning (even more so) how dishonest the Fake News is. They totally misrepresent what I say about hate, bigotry etc. Shame!",129351,33033,138,24,0.9350696206092834,0.05897241830825806,0.0059578861109912395,-0.9291117344982922,Negative
898136462385979392,2017-08-17 10:56:33+00:00,2017-08-17,2017-08,Thursday,10,iPhone,False,"Great to see that Dr. Kelli Ward is running against Flake Jeff Flake, who is WEAK on borders, crime and a non-factor in Senate. He's toxic!",86073,23199,139,26,0.3670285940170288,0.3022720515727997,0.3306993544101715,-0.0363292396068573,Negative
898167282727366656,2017-08-17 12:59:02+00:00,2017-08-17,2017-08,Thursday,12,iPhone,False,Many meetings today in Bedminster including with Secretary Linda M and Small Business. Job numbers are looking great!,66631,11830,117,18,0.0018395549850538373,0.015208683907985687,0.982951819896698,0.9811122649116442,Positive
898169407213645824,2017-08-17 13:07:28+00:00,2017-08-17,2017-08,Thursday,13,iPhone,False,Sad to see the history and culture of our great country being ripped apart with the removal of our beautiful statues and monuments. You.....,135039,34483,140,24,0.933975875377655,0.05940237268805504,0.006621756125241518,-0.9273541192524135,Negative
898171544236687361,2017-08-17 13:15:58+00:00,2017-08-17,2017-08,Thursday,13,iPhone,False,"...can't change history, but you can learn from it. Robert E Lee, Stonewall Jackson - who's next, Washington, Jefferson? So foolish! Also...",137167,34360,140,22,0.7226898670196533,0.25239765644073486,0.024912454187870026,-0.6977774128317833,Negative
898172999945392131,2017-08-17 13:21:45+00:00,2017-08-17,2017-08,Thursday,13,iPhone,False,"...the beauty that is being taken out of our cities, towns and parks will be greatly missed and never able to be comparably replaced!",113707,27230,133,24,0.6385873556137085,0.25939083099365234,0.10202183574438095,-0.5365655198693275,Negative
898243270169563136,2017-08-17 18:00:58+00:00,2017-08-17,2017-08,Thursday,18,iPhone,False,"The United States condemns the terror attack in Barcelona, Spain, and will do whatever is necessary to help. Be tough &amp; strong, we love you!",222216,66115,144,25,0.12269559502601624,0.34862059354782104,0.5286837816238403,0.4059881865978241,Positive
898254409511129088,2017-08-17 18:45:14+00:00,2017-08-17,2017-08,Thursday,18,iPhone,False,Study what General Pershing of the United States did to terrorists when caught. There was no more Radical Islamic Terror for 35 years!,110455,30534,134,23,0.4859585165977478,0.45994114875793457,0.05410037189722061,-0.4318581447005272,Negative
898522732672933890,2017-08-18 12:31:27+00:00,2017-08-18,2017-08,Friday,12,iPhone,False,Homeland Security and law enforcement are on alert &amp; closely watching for any sign of trouble. Our borders are far tougher than ever before!,112560,22669,144,24,0.4777555763721466,0.4498961865901947,0.07234825938940048,-0.4054073169827461,Negative
898528795308642304,2017-08-18 12:55:33+00:00,2017-08-18,2017-08,Friday,12,iPhone,False,The Obstructionist Democrats make Security for our country very difficult. They use the courts and associated delay at all times. Must stop!,98841,23407,140,22,0.9212310910224915,0.07090838253498077,0.007860583253204823,-0.9133705077692866,Negative
898531481185689600,2017-08-18 13:06:13+00:00,2017-08-18,2017-08,Friday,13,iPhone,False,Radical Islamic Terrorism must be stopped by whatever means necessary! The courts must give us back our protective rights. Have to be tough!,144838,37669,140,23,0.5702080130577087,0.37351512908935547,0.05627686530351639,-0.5139311477541924,Negative
898547379451740160,2017-08-18 14:09:24+00:00,2017-08-18,2017-08,Friday,14,iPhone,False,"Heading to Camp David for major meeting on National Security, the Border and the Military (which we are rapidly building to strongest ever).",87960,16118,140,23,0.009394443593919277,0.632326602935791,0.35827890038490295,0.3488844567909837,Neutral
898567378988015616,2017-08-18 15:28:52+00:00,2017-08-18,2017-08,Friday,15,iPhone,False,I have directed that U.S. Cyber Command be elevated to the status of a Unified Combatant Command focused on....cont: https://t.co/3iScfuMw9s,57839,14281,140,20,0.01587129384279251,0.8940817713737488,0.09004700183868408,0.07417570799589157,Neutral
898685249726578688,2017-08-18 23:17:14+00:00,2017-08-18,2017-08,Friday,23,Media Studio,False,"Just returned to Bedminster, NJ from Camp David. GREAT meeting on National Security, the Border and the Military! #MAGA🇺🇸 https://t.co/Hjmcnnse9j",70122,13916,145,20,0.0030575008131563663,0.0383167527616024,0.9586257338523865,0.9555682330392301,Positive
898718902200418306,2017-08-19 01:30:58+00:00,2017-08-19,2017-08,Saturday,1,iPhone,False,"Today, I signed the Global War on Terrorism War Memorial Act (#HR873.) The bill authorizes....cont➡️https://t.co/c3zIkdtowc https://t.co/re6n0MS0cj",63149,14892,147,16,0.0038407270330935717,0.600138247013092,0.39602094888687134,0.39218022185377777,Neutral
898771262453026816,2017-08-19 04:59:01+00:00,2017-08-19,2017-08,Saturday,4,iPhone,False,My thoughts and prayers are with the @KissimmeePolice and their loved ones. We are with you! #LESM,95033,21668,98,17,0.022232862189412117,0.14646776020526886,0.831299364566803,0.8090665023773909,Positive
898870621584596993,2017-08-19 11:33:51+00:00,2017-08-19,2017-08,Saturday,11,iPhone,False,I want to thank Steve Bannon for his service. He came to the campaign during my run against Crooked Hillary Clinton - it was great! Thanks S,119211,25380,140,27,0.009566573426127434,0.04454704746603966,0.9458863139152527,0.9363197404891253,Positive
898874064722427904,2017-08-19 11:47:31+00:00,2017-08-19,2017-08,Saturday,11,iPhone,False,"Important day spent at Camp David with our very talented Generals and military leaders. Many decisions made, including on Afghanistan.",85976,16128,134,20,0.0044998545199632645,0.019527249038219452,0.9759728908538818,0.9714730363339186,Positive
898964640817983488,2017-08-19 17:47:26+00:00,2017-08-19,2017-08,Saturday,17,iPhone,False,Steve Bannon will be a tough and smart new voice at @BreitbartNews...maybe even better than ever before. Fake News needs the competition!,106751,28313,137,22,0.0867958590388298,0.29712140560150146,0.6160827875137329,0.5292869284749031,Positive
898988632551370753,2017-08-19 19:22:47+00:00,2017-08-19,2017-08,Saturday,19,iPhone,False,Looks like many anti-police agitators in Boston. Police are looking tough and smart! Thank you.,124513,25591,95,15,0.3162956237792969,0.40571555495262146,0.27798885107040405,-0.03830677270889282,Neutral
898990321387925504,2017-08-19 19:29:29+00:00,2017-08-19,2017-08,Saturday,19,iPhone,True,Great job by all law enforcement officers and Boston Mayor @Marty_Walsh.,83507,15167,72,11,0.004759673960506916,0.019433150067925453,0.9758071303367615,0.9710474563762546,Positive
899006740410269696,2017-08-19 20:34:44+00:00,2017-08-19,2017-08,Saturday,20,iPhone,False,"Our great country has been divided for decades. Sometimes you need protest in order to heel, &amp; we will heel, &amp; be stronger than ever before!",6690,1958,148,26,0.27928054332733154,0.38689786195755005,0.333821564912796,0.05454102158546448,Neutral
899008381226299392,2017-08-19 20:41:15+00:00,2017-08-19,2017-08,Saturday,20,iPhone,False,"Our great country has been divided for decades. Sometimes you need protest in order to heal, &amp; we will heal, &amp; be stronger than ever before!",142264,28852,148,26,0.2780473828315735,0.3678000867366791,0.35415253043174744,0.07610514760017395,Neutral
899008521726861312,2017-08-19 20:41:49+00:00,2017-08-19,2017-08,Saturday,20,iPhone,False,I want to applaud the many protestors in Boston who are speaking out against bigotry and hate. Our country will soon come together as one!,158317,33075,138,25,0.021388361230492592,0.0865902453660965,0.8920214176177979,0.8706330563873053,Positive
899411254061694979,2017-08-20 23:22:07+00:00,2017-08-20,2017-08,Sunday,23,iPhone,False,Heading back to Washington after working hard and watching some of the worst and most dishonest Fake News reporting I have ever seen!,130525,28832,133,23,0.9213331937789917,0.06537153571844101,0.013295264914631844,-0.9080379288643599,Negative
899466340238491648,2017-08-21 03:01:01+00:00,2017-08-21,2017-08,Monday,3,iPhone,False,Thoughts &amp; prayers are w/ our @USNavy sailors aboard the #USSJohnSMcCain where search &amp; rescue efforts are underway. https://t.co/DQU0zTRXNU,86029,20975,148,19,0.03939632698893547,0.8153092265129089,0.1452944427728653,0.10589811578392982,Neutral
899623926082535425,2017-08-21 13:27:12+00:00,2017-08-21,2017-08,Monday,13,iPhone,False,Jerry Falwell of Liberty University was fantastic on @foxandfriends. The Fake News should listen to what he had to say. Thanks Jerry!,76326,15972,133,22,0.010168671607971191,0.058305542916059494,0.9315258264541626,0.9213571548461914,Positive
899625157421039616,2017-08-21 13:32:06+00:00,2017-08-21,2017-08,Monday,13,iPhone,False,"Thank you, the very dishonest Fake News Media is out of control! https://t.co/8J7y900VGK",87097,20686,88,13,0.8498423099517822,0.11219041794538498,0.03796728327870369,-0.8118750266730785,Negative
899798313997926401,2017-08-22 01:00:10+00:00,2017-08-22,2017-08,Tuesday,1,iPhone,False,"Join me live from Fort Myer in Arlington, Virginia. ➡️https://t.co/LOV4StdJDj",42590,6161,77,10,0.007363797631114721,0.9129214882850647,0.07971473038196564,0.07235093275085092,Neutral
899833714363949056,2017-08-22 03:20:50+00:00,2017-08-22,2017-08,Tuesday,3,Media Studio,False,"Thank you to the men and women of Fort Myer, and every member of the U.S. Military at home and abroad. #USA🇺🇸 https://t.co/ticezYKkhz",75023,15249,133,23,0.005259947385638952,0.03656239062547684,0.9581776857376099,0.9529177383519709,Positive
899841094761848832,2017-08-22 03:50:09+00:00,2017-08-22,2017-08,Tuesday,3,Media Studio,False,Address to the Nation Full Video &amp; Transcript: https://t.co/FELdImTuUM https://t.co/6ly3fNatiX,54577,13820,98,10,0.030884724110364914,0.8807411193847656,0.08837416023015976,0.057489436119794846,Neutral
899945866991206400,2017-08-22 10:46:29+00:00,2017-08-22,2017-08,Tuesday,10,iPhone,False,"Was with great people last night in Fort Myer, Virginia. The future of our country is strong!",90990,15407,93,17,0.002956792013719678,0.012397519312798977,0.984645664691925,0.9816888726782054,Positive
900074005205528578,2017-08-22 19:15:40+00:00,2017-08-22,2017-08,Tuesday,19,iPhone,False,"We pray for our fallen heroes who died while serving our country in the @USNavy aboard the #USSJohnSMcCain, and their families. https://t.co/t3kD8qj9Mt",71070,16214,151,22,0.15354090929031372,0.5350151658058167,0.31144392490386963,0.1579030156135559,Neutral
900086092107571200,2017-08-22 20:03:41+00:00,2017-08-22,2017-08,Tuesday,20,iPhone,False,"See you at 7:00 P.M. tonight Phoenix, Arizona! #MAGA🇺🇸 Tickets: https://t.co/2kUQfKqbsx https://t.co/1w3LVkpESE",42424,8768,111,12,0.0019827100913971663,0.14981721341609955,0.8482000827789307,0.8462173726875335,Positive
900133498723237888,2017-08-22 23:12:04+00:00,2017-08-22,2017-08,Tuesday,23,Media Studio,False,"We will push onward to victory w/hope in our hearts, courage in our souls &amp; everlasting pride in each &amp; every one of you. God Bless America. https://t.co/44QYFSq07a",70736,16631,172,28,0.004476974252611399,0.01991329714655876,0.9756097793579102,0.9711328051052988,Positive
900150814081036288,2017-08-23 00:20:52+00:00,2017-08-23,2017-08,Wednesday,0,Media Studio,False,"THANK YOU to all of the great men and women at the U.S. Customs and Border Protection facility in Yuma, Arizona &amp; around the United States! https://t.co/tjFx8XjhDz",91008,20358,167,27,0.003316181479021907,0.01797338016331196,0.978710412979126,0.9753942315001041,Positive
900225712522657792,2017-08-23 05:18:29+00:00,2017-08-23,2017-08,Wednesday,5,iPhone,False,"Thank you Arizona. Beautiful turnout of 15,000 in Phoenix tonight! Full coverage of rally via my Facebook at: https://t.co/s0D12EFs40 https://t.co/WT4D9Vsen1",58229,13248,157,20,0.0018057459965348244,0.010931235738098621,0.987263023853302,0.9854572778567672,Positive
900229323801735168,2017-08-23 05:32:50+00:00,2017-08-23,2017-08,Wednesday,5,iPhone,False,"Not only does the media give a platform to hate groups, but the media turns a blind eye to the gang violence on our streets! https://t.co/Mau0B1qYIP",98412,27775,148,26,0.9234248399734497,0.07171707600355148,0.004858077969402075,-0.9185667620040476,Negative
900236323893673984,2017-08-23 06:00:39+00:00,2017-08-23,2017-08,Wednesday,6,iPhone,False,#DrainTheSwamp #PhoenixRally https://t.co/o7S6xoCBiC,51696,11193,52,3,0.11606228351593018,0.8470494747161865,0.036888230592012405,-0.07917405292391777,Neutral
900251514324647936,2017-08-23 07:01:01+00:00,2017-08-23,2017-08,Wednesday,7,Media Studio,False,MAKE AMERICA GREAT AGAIN! https://t.co/RzePiucV3h,68634,16193,49,5,0.004113768693059683,0.03918832540512085,0.956697940826416,0.9525841721333563,Positive
900346953120141312,2017-08-23 13:20:15+00:00,2017-08-23,2017-08,Wednesday,13,iPhone,False,"Phoenix crowd last night was amazing - a packed house. I love the Great State of Arizona. Not a fan of Jeff Flake, weak on crime &amp; border!",96417,20194,142,28,0.06349796056747437,0.0909089744091034,0.8455930948257446,0.7820951342582703,Positive
900352052068401154,2017-08-23 13:40:31+00:00,2017-08-23,2017-08,Wednesday,13,iPhone,False,Last night in Phoenix I read the things from my statements on Charlottesville that the Fake News Media didn't cover fairly. People got it!,91085,19691,138,24,0.6986982226371765,0.276701956987381,0.024599827826023102,-0.6740983948111534,Negative
900354657133801474,2017-08-23 13:50:52+00:00,2017-08-23,2017-08,Wednesday,13,iPhone,False,"If Republican Senate doesn't get rid of the Filibuster Rule &amp; go to a simple majority, which the Dems would do, they are just wasting time!",81165,20059,143,26,0.6800130009651184,0.29326316714286804,0.0267238300293684,-0.65328917093575,Negative
900435023517499392,2017-08-23 19:10:13+00:00,2017-08-23,2017-08,Wednesday,19,iPhone,False,"As long as we have faith in each other and confidence in our values, then there is no challenge too great for us to conquer! #ALConv2017 https://t.co/tsIAgHbFM7",72958,17285,160,27,0.0030401875264942646,0.04147615656256676,0.9554836750030518,0.9524434874765575,Positive
900488148194516992,2017-08-23 22:41:19+00:00,2017-08-23,2017-08,Wednesday,22,iPhone,False,A great honor to sign the Veterans Appeals Improvement &amp; Modernization Act into law w/ @AmericanLegion @SecShulkin. 🎥https://t.co/fr2sf9oRvd https://t.co/bICsRm1tQx,49437,11164,168,19,0.0023372326977550983,0.020758215337991714,0.976904571056366,0.9745673383586109,Positive
900521251768213505,2017-08-24 00:52:51+00:00,2017-08-24,2017-08,Thursday,0,Media Studio,False,"Donald E. Ballard, on behalf of the people of the United States, THANK YOU for your courageous service. YOU INSPIRE US ALL! #ALConv2017 https://t.co/46m20cJkLB",59518,12692,159,24,0.004219221416860819,0.036870039999485016,0.9589107632637024,0.9546915418468416,Positive
900694112940290049,2017-08-24 12:19:45+00:00,2017-08-24,2017-08,Thursday,12,iPhone,False,I requested that Mitch M &amp; Paul R tie the Debt Ceiling legislation into the popular V.A. Bill (which just passed) for easy approval. They...,66284,18169,144,25,0.02135319821536541,0.7449453473091125,0.23370151221752167,0.21234831400215626,Neutral
900695448465399809,2017-08-24 12:25:03+00:00,2017-08-24,2017-08,Thursday,12,iPhone,False,...didn't do it so now we have a big deal with Dems holding them up (as usual) on Debt Ceiling approval. Could have been so easy-now a mess!,62462,13570,140,28,0.912612795829773,0.07988569140434265,0.007501569110900164,-0.9051112267188728,Negative
900699520304066561,2017-08-24 12:41:14+00:00,2017-08-24,2017-08,Thursday,12,iPhone,False,"The Fake News is now complaining about my different types of back to back speeches. Well, their was Afghanistan (somber), the big Rally.....",11091,2763,140,23,0.8219650387763977,0.1647048145532608,0.013330083340406418,-0.8086349554359913,Negative
900701990312972289,2017-08-24 12:51:03+00:00,2017-08-24,2017-08,Thursday,12,iPhone,False,"...(enthusiastic, dynamic and fun) and the American Legion - V.A. (respectful and strong).To bad the Dems have no one who can change tones!",7696,1815,139,23,0.08815445750951767,0.2633375823497772,0.6485079526901245,0.5603534951806068,Positive
900706146943717377,2017-08-24 13:07:34+00:00,2017-08-24,2017-08,Thursday,13,iPhone,False,"The Fake News is now complaining about my different types of back to back speeches. Well, there was Afghanistan (somber), the big Rally.....",69995,14865,140,23,0.8392950296401978,0.1483832597732544,0.012321681715548038,-0.8269733479246497,Negative
900706210042830848,2017-08-24 13:07:49+00:00,2017-08-24,2017-08,Thursday,13,iPhone,True,"...(enthusiastic, dynamic and fun) and the American Legion - V.A. (respectful and strong). To bad the Dems have no one who can change tones!",4467,1014,140,24,0.09662018716335297,0.2663426697254181,0.6370370984077454,0.5404169112443924,Positive
900706843445612544,2017-08-24 13:10:20+00:00,2017-08-24,2017-08,Thursday,13,iPhone,False,"James Clapper, who famously got caught lying to Congress, is now an authority on Donald Trump. Will he show you his beautiful letter to me?",3409,1027,139,25,0.28575947880744934,0.6265457272529602,0.08769479393959045,-0.1980646848678589,Neutral
900708017909506048,2017-08-24 13:15:00+00:00,2017-08-24,2017-08,Thursday,13,iPhone,True,"..(enthusiastic, dynamic and fun) and the American Legion - V.A. (respectful and strong). Too bad the Dems have no one who can change tones!",55215,10967,140,24,0.11976982653141022,0.27943456172943115,0.6007956266403198,0.4810258001089096,Positive
900708110330978304,2017-08-24 13:15:22+00:00,2017-08-24,2017-08,Thursday,13,iPhone,False,"James Clapper, who famously got caught lying to Congress, is now an authority on Donald Trump. Will he show you his beautiful letter to me?",77757,22501,139,25,0.28575947880744934,0.6265457272529602,0.08769479393959045,-0.1980646848678589,Neutral
900714982823821313,2017-08-24 13:42:41+00:00,2017-08-24,2017-08,Thursday,13,iPhone,False,"The only problem I have with Mitch McConnell is that, after hearing Repeal &amp; Replace for 7 years, he failed!That should NEVER have happened!",107399,25299,144,24,0.9420323967933655,0.05154529958963394,0.006422337610274553,-0.9356100591830909,Negative
900768072503623680,2017-08-24 17:13:38+00:00,2017-08-24,2017-08,Thursday,17,Media Studio,False,"On Tuesday, I visited with the incredible men &amp; women of @ICEgov &amp; @DHSgov Border Patrol in Yuma, AZ. Thank you. We respect &amp; cherish you! https://t.co/KSQddGqWzJ",57465,12623,174,27,0.0031307439785450697,0.01792040653526783,0.9789488911628723,0.9758181471843272,Positive
900802642779267077,2017-08-24 19:31:00+00:00,2017-08-24,2017-08,Thursday,19,Media Studio,False,As #HurricaneHarvey intensifies - remember to #PlanAhead. ☑️https://t.co/FMdmvohypy ☑️https://t.co/YL56ldeqoW ☑️https://t.co/t1s4AL3B47 https://t.co/tpXmOK70ug,55955,15548,159,11,0.13736698031425476,0.7775319814682007,0.08510103821754456,-0.052265942096710205,Neutral
900850201384157184,2017-08-24 22:39:59+00:00,2017-08-24,2017-08,Thursday,22,Media Studio,False,A great honor to spend time with our brave HEROES at the @USMC Air Station Yuma. THANK YOU for your service to the United Staes of America! https://t.co/FUtGBoTJLo,21541,4894,163,28,0.0031021381728351116,0.012425700202584267,0.9844722151756287,0.9813700770027936,Positive
900875799292776448,2017-08-25 00:21:42+00:00,2017-08-25,2017-08,Friday,0,Media Studio,False,A GREAT HONOR to spend time with our BRAVE HEROES at the @USMC Air Station Yuma. THANK YOU for your service to the United States of America! https://t.co/4lJ94nxODu,61284,12389,164,28,0.003007255494594574,0.011883052997291088,0.9851096868515015,0.9821024313569069,Positive
901029770401546243,2017-08-25 10:33:32+00:00,2017-08-25,2017-08,Friday,10,iPhone,False,"If Senate Republicans don't get rid of the Filibuster Rule and go to a 51% majority, few bills will be passed. 8 Dems control the Senate!",68559,17757,137,26,0.3990510106086731,0.5266537070274353,0.07429524511098862,-0.3247557654976845,Neutral
901031532164468736,2017-08-25 10:40:32+00:00,2017-08-25,2017-08,Friday,10,iPhone,False,General John Kelly is doing a fantastic job as Chief of Staff. There is tremendous spirit and talent in the W.H. Don't believe the Fake News,86788,18519,140,26,0.022226929664611816,0.0804985910654068,0.8972744345664978,0.875047504901886,Positive
901032475111116800,2017-08-25 10:44:17+00:00,2017-08-25,2017-08,Friday,10,iPhone,False,"Few, if any, Administrations have done more in just 7 months than the Trump A. Bills passed, regulations killed, border, military, ISIS, SC!",73282,15923,140,23,0.7772808074951172,0.18046994507312775,0.04224923253059387,-0.7350315749645233,Negative
901044579750825985,2017-08-25 11:32:23+00:00,2017-08-25,2017-08,Friday,11,iPhone,False,"Nick Adams, ""Retaking America"" ""Best things of this presidency aren't reported about. Convinced this will be perhaps best presidency ever.""",70475,15734,139,20,0.004456920549273491,0.025847140699625015,0.9696959853172302,0.9652390647679567,Positive
901057864516734978,2017-08-25 12:25:10+00:00,2017-08-25,2017-08,Friday,12,iPhone,False,Strange statement by Bob Corker considering that he is constantly asking me whether or not he should run again in '18. Tennessee not happy!,62953,14378,139,24,0.813494086265564,0.17870239913463593,0.007803430315107107,-0.8056906559504569,Negative
901108572041433089,2017-08-25 15:46:40+00:00,2017-08-25,2017-08,Friday,15,iPhone,False,I have spoken w/ @GovAbbott of Texas and @LouisianaGov Edwards. Closely monitoring #HurricaneHarvey developments &amp; here to assist as needed.,59752,12804,144,20,0.013791495002806187,0.8979455232620239,0.08826303482055664,0.07447153981775045,Neutral
901112569322237952,2017-08-25 16:02:33+00:00,2017-08-25,2017-08,Friday,16,iPhone,False,"Received a #HurricaneHarvey briefing this morning from Acting @DHSgov Secretary Elaine Duke, @FEMA_Brock, @TomBossert45 and COS John Kelly. https://t.co/cnkRZd6D6Z",39543,8523,163,19,0.007397148292511702,0.9527075290679932,0.03989535570144653,0.03249820740893483,Neutral
901161964994539520,2017-08-25 19:18:49+00:00,2017-08-25,2017-08,Friday,19,iPhone,False,I encourage everyone in the path of #HurricaneHarvey to heed the advice &amp; orders of their local and state officials. https://t.co/N6uEWCZUrv,52857,12935,144,21,0.05152277648448944,0.7181298136711121,0.2303474396467209,0.17882466316223145,Neutral
901188228174184448,2017-08-25 21:03:11+00:00,2017-08-25,2017-08,Friday,21,iPhone,False,"Just arrived at Camp David where I am closely watching the path and doings of Hurricane Harvey, as it strengthens to a Category 3. BE SAFE!",61805,10741,139,26,0.06643746048212051,0.7743552923202515,0.1592073291540146,0.09276986867189407,Neutral
901190479798312961,2017-08-25 21:12:08+00:00,2017-08-25,2017-08,Friday,21,iPhone,False,"Just arrived at Camp David, where I am monitoring the path and doings of Hurricane Harvey (as it strengthens to a Class 3). 125 MPH winds!",66588,11585,138,26,0.12061791121959686,0.7761178016662598,0.10326429456472397,-0.017353616654872894,Neutral
901205593054162945,2017-08-25 22:12:11+00:00,2017-08-25,2017-08,Friday,22,iPhone,False,Storm turned Hurricane is getting much bigger and more powerful than projected. Federal Government is on site and ready to respond. Be safe!,104230,21047,140,23,0.17863869667053223,0.5472589135169983,0.27410241961479187,0.09546372294425964,Neutral
901259509632573440,2017-08-26 01:46:26+00:00,2017-08-26,2017-08,Saturday,1,iPhone,False,"At the request of the Governor of Texas, I have signed the Disaster Proclamation, which unleashes the full force of government help!",140436,29500,132,22,0.06126411631703377,0.6950749754905701,0.24366094172000885,0.18239682540297508,Neutral
901263061511794688,2017-08-26 02:00:33+00:00,2017-08-26,2017-08,Saturday,2,iPhone,False,I am pleased to inform you that I have just granted a full Pardon to 85 year old American patriot Sheriff Joe Arpaio. He kept Arizona safe!,149540,35477,139,27,0.002944255480542779,0.0233136173337698,0.9737420678138733,0.9707978123333305,Positive
901305065885114368,2017-08-26 04:47:27+00:00,2017-08-26,2017-08,Saturday,4,iPhone,False,We will remain fully engaged w/ open lines of communication as #HurricaneHarvey makes landfall. America is w/ you! @GovAbbott @FEMA @DHSgov https://t.co/PryIqRxgLr,51941,12145,163,22,0.012601028196513653,0.2510804235935211,0.7363185882568359,0.7237175600603223,Positive
901404330024218624,2017-08-26 11:21:54+00:00,2017-08-26,2017-08,Saturday,11,iPhone,False,You are doing a great job - the world is watching! Be safe. https://t.co/PJLdxy3hD9,47886,8828,83,14,0.0035693745594471693,0.01590077579021454,0.98052978515625,0.9769604105968028,Positive
901407059547226112,2017-08-26 11:32:44+00:00,2017-08-26,2017-08,Saturday,11,iPhone,False,".@ChuckGrassley - got your message loud and clear. We have fantastic people on the ground, got there long before #Harvey. So far, so good!",56514,11097,138,24,0.0038209587801247835,0.014148642309010029,0.98203045129776,0.9782094925176352,Positive
901411986302488576,2017-08-26 11:52:19+00:00,2017-08-26,2017-08,Saturday,11,iPhone,False,"Closely monitoring #HurricaneHarvey from Camp David. We are leaving nothing to chance. City, State and Federal Govs. working great together!",78264,14595,140,20,0.01203098427504301,0.1349388211965561,0.8530302047729492,0.8409992204979062,Positive
901531320052051971,2017-08-26 19:46:30+00:00,2017-08-26,2017-08,Saturday,19,iPhone,False,THANK YOU to all of the great volunteers helping out with #HurricaneHarvey relief in Texas! https://t.co/Ds95oSgo8f,74246,17056,115,16,0.004534260835498571,0.019303858280181885,0.9761618971824646,0.971627636346966,Positive
901579350662938624,2017-08-26 22:57:22+00:00,2017-08-26,2017-08,Saturday,22,iPhone,False,"Wonderful coordination between Federal, State and Local Governments in the Great State of Texas - TEAMWORK! Record setting rainfall.",93444,18560,132,19,0.00187255151104182,0.016290660947561264,0.98183673620224,0.9799641846911982,Positive
901772550405070848,2017-08-27 11:45:04+00:00,2017-08-27,2017-08,Sunday,11,iPhone,False,"A great book by a great guy, highly recommended! https://t.co/3jbDDN8YmJ",56138,14066,72,10,0.004290315322577953,0.008963885717093945,0.9867457747459412,0.9824554594233632,Positive
901777333513854976,2017-08-27 12:04:05+00:00,2017-08-27,2017-08,Sunday,12,iPhone,False,Great coordination between agencies at all levels of government. Continuing rains and flash floods are being dealt with. Thousands rescued.,79142,14243,139,20,0.014287445694208145,0.132027730345726,0.8536848425865173,0.8393973968923092,Positive
901782823522185218,2017-08-27 12:25:54+00:00,2017-08-27,2017-08,Sunday,12,iPhone,True,Many people are now saying that this is the worst storm/hurricane they have ever seen. Good news is that we have great talent on the ground.,61923,10653,140,26,0.4268205761909485,0.25401487946510315,0.31916457414627075,-0.10765600204467773,Negative
901791391130554370,2017-08-27 12:59:56+00:00,2017-08-27,2017-08,Sunday,12,iPhone,False,I will be going to Texas as soon as that trip can be made without causing disruption. The focus must be life and safety.,112926,22982,120,24,0.08242394775152206,0.5856567025184631,0.3319193422794342,0.24949539452791214,Neutral
901795255086968833,2017-08-27 13:15:18+00:00,2017-08-27,2017-08,Sunday,13,iPhone,False,"I will also be going to a wonderful state, Missouri, that I won by a lot in '16. Dem C.M. is opposed to big tax cuts. Republican will win S!",68292,12499,140,30,0.0257117860019207,0.13334503769874573,0.8409431576728821,0.8152313716709614,Positive
901797906046439426,2017-08-27 13:25:50+00:00,2017-08-27,2017-08,Sunday,13,iPhone,False,"Wow - Now experts are calling #Harvey a once in 500 year flood! We have an all out effort going, and going well!",62989,13312,112,23,0.005866066087037325,0.04971003159880638,0.9444238543510437,0.9385577882640064,Positive
901802524981817344,2017-08-27 13:44:11+00:00,2017-08-27,2017-08,Sunday,13,iPhone,False,"With Mexico being one of the highest crime Nations in the world, we must have THE WALL. Mexico will pay for it through reimbursement/other.",103497,26925,139,24,0.6601005792617798,0.30160823464393616,0.03829124942421913,-0.6218093298375607,Negative
901804388649500672,2017-08-27 13:51:35+00:00,2017-08-27,2017-08,Sunday,13,iPhone,False,"We are in the NAFTA (worst trade deal ever made) renegotiation process with Mexico &amp; Canada.Both being very difficult,may have to terminate?",82758,19214,144,22,0.9005568027496338,0.09278944879770279,0.006653711665421724,-0.8939030910842121,Negative
901814456505831424,2017-08-27 14:31:35+00:00,2017-08-27,2017-08,Sunday,14,iPhone,False,Going to a Cabinet Meeting (tele-conference) at 11:00 A.M. on #Harvey. Even experts have said they've never seen one like this!,54940,11065,127,21,0.1437845677137375,0.6368292570114136,0.2193862348794937,0.07560166716575623,Neutral
901816453736919040,2017-08-27 14:39:32+00:00,2017-08-27,2017-08,Sunday,14,iPhone,False,Major rescue operations underway!,84755,15578,33,4,0.011247978545725346,0.32958629727363586,0.6591656804084778,0.6479177018627524,Positive
901942677461229569,2017-08-27 23:01:06+00:00,2017-08-27,2017-08,Sunday,23,iPhone,False,"HISTORIC rainfall in Houston, and all over Texas. Floods are unprecedented, and more rain coming. Spirit of the people is incredible.Thanks!",109527,22608,140,21,0.013876160606741905,0.06214363873004913,0.923980176448822,0.9101040158420801,Positive
902503724274331653,2017-08-29 12:10:30+00:00,2017-08-29,2017-08,Tuesday,12,iPhone,False,Leaving now for Texas!,143575,22210,22,4,0.00800187699496746,0.7799648642539978,0.21203330159187317,0.2040314245969057,Neutral
902507855584092160,2017-08-29 12:26:55+00:00,2017-08-29,2017-08,Tuesday,12,iPhone,False,.@foxandfriends We are not looking to fill all of those positions. Don't need many of them - reduce size of government. @IngrahamAngle,80437,17234,134,22,0.47847744822502136,0.4960046410560608,0.025517914444208145,-0.4529595337808132,Neutral
902875515534626817,2017-08-30 12:47:52+00:00,2017-08-30,2017-08,Wednesday,12,iPhone,False,"The U.S. has been talking to North Korea, and paying them extortion money, for 25 years. Talking is not the answer!",111271,14522,115,21,0.8734326362609863,0.11848075687885284,0.008086556568741798,-0.8653460796922445,Negative
902881712010653697,2017-08-30 13:12:29+00:00,2017-08-30,2017-08,Wednesday,13,iPhone,False,"After witnessing first hand the horror &amp; devastation caused by Hurricane Harvey,my heart goes out even more so to the great people of Texas!",118782,24876,144,24,0.5472403764724731,0.23626674711704254,0.21649284660816193,-0.3307475298643112,Negative
902885560552960000,2017-08-30 13:27:47+00:00,2017-08-30,2017-08,Wednesday,13,iPhone,False,"After reading the false reporting and even ferocious anger in some dying magazines, it makes me wonder, WHY? All I want to do is #MAGA!",109867,28527,135,25,0.831890881061554,0.1380082666873932,0.03010079450905323,-0.8017900865525007,Negative
902889225061896196,2017-08-30 13:42:20+00:00,2017-08-30,2017-08,Wednesday,13,iPhone,False,Will be leaving for Missouri soon for a speech on tax cuts and tax reform - so badly needed!,83586,14174,92,19,0.16834960877895355,0.3699924051761627,0.46165797114372253,0.293308362364769,Positive
902978901223366656,2017-08-30 19:38:41+00:00,2017-08-30,2017-08,Wednesday,19,iPhone,False,"Texas &amp; Louisiana: We are w/ you today, we are w/ you tomorrow, &amp; we will be w/ you EVERY SINGLE DAY AFTER, to restore, recover, &amp; REBUILD! https://t.co/YQb82K2VSB",99389,27108,175,29,0.012576092965900898,0.3821530342102051,0.6052708625793457,0.5926947696134448,Positive
903059975437733888,2017-08-31 01:00:50+00:00,2017-08-31,2017-08,Thursday,1,Media Studio,False,First responders have been doing heroic work. Their courage &amp; devotion has saved countless lives – they represent the very best of America! https://t.co/I0gvCQLTKO,101520,23053,167,24,0.005228831432759762,0.018935827538371086,0.9758352637290955,0.9706064322963357,Positive
903348312421670912,2017-08-31 20:06:35+00:00,2017-08-31,2017-08,Thursday,20,iPhone,False,THANK YOU to all of the incredible HEROES in Texas. America is with you! #TexasStrong https://t.co/8N4ABo9Ihp,123076,31751,109,16,0.003907599486410618,0.01317797601222992,0.982914388179779,0.9790067886933684,Positive
903585873614303234,2017-09-01 11:50:34+00:00,2017-09-01,2017-09,Friday,11,iPhone,False,"Texas is heeling fast thanks to all of the great men &amp; women who have been working so hard. But still, so much to do. Will be back tomorrow!",22450,4996,144,29,0.00414101080968976,0.018099267035722733,0.9777596592903137,0.973618648480624,Positive
903587428488839170,2017-09-01 11:56:45+00:00,2017-09-01,2017-09,Friday,11,iPhone,False,"Wow, looks like James Comey exonerated Hillary Clinton long before the investigation was over...and so much more. A rigged system!",137366,42941,130,20,0.7447956204414368,0.22566254436969757,0.02954176254570484,-0.7152538578957319,Negative
903597166249246720,2017-09-01 12:35:27+00:00,2017-09-01,2017-09,Friday,12,iPhone,False,General John Kelly is doing a great job as Chief of Staff. I could not be happier or more impressed - and this Administration continues to..,76071,13935,140,26,0.005452792625874281,0.013329893350601196,0.9812172651290894,0.9757644725032151,Positive
903600265420578819,2017-09-01 12:47:46+00:00,2017-09-01,2017-09,Friday,12,iPhone,False,...get things done at a record clip. Many big decisions to be made over the coming days and weeks. AMERICA FIRST!,69806,13799,113,21,0.015802951529622078,0.20731841027736664,0.7768786549568176,0.7610757034271955,Positive
903603043714957312,2017-09-01 12:58:48+00:00,2017-09-01,2017-09,Friday,12,iPhone,False,Texas is healing fast thanks to all of the great men &amp; women who have been working so hard. But still so much to do. Will be back tomorrow!,98350,18432,143,29,0.005200896877795458,0.0213618241250515,0.9734372496604919,0.9682363527826965,Positive
903705867891204096,2017-09-01 19:47:23+00:00,2017-09-01,2017-09,Friday,19,Media Studio,False,"'President Donald J. Trump Proclaims September 3, 2017, as a National Day of Prayer' #HurricaneHarvey #PrayForTexas https://t.co/shen5JxChQ https://t.co/MpLB7WpxfT",79095,24788,163,18,0.013777678832411766,0.8276073336601257,0.15861506760120392,0.14483738876879215,Neutral
903766326631698432,2017-09-01 23:47:38+00:00,2017-09-01,2017-09,Friday,23,iPhone,False,Stock Market up 5 months in a row!,95677,17967,34,8,0.003746009897440672,0.06789007782936096,0.9283639192581177,0.924617909360677,Positive
903770196388831233,2017-09-02 00:03:00+00:00,2017-09-02,2017-09,Saturday,0,iPhone,False,I will be going to Texas and Louisiana tomorrow with First Lady. Great progress being made! Spending weekend working at White House.,100032,17187,132,22,0.0019418838201090693,0.03623858094215393,0.9618195295333862,0.9598776457132772,Positive
903778130850131970,2017-09-02 00:34:32+00:00,2017-09-02,2017-09,Saturday,0,iPhone,False,"On behalf of @FLOTUS Melania &amp; myself, THANK YOU for today's update &amp; GREAT WORK! #SouthernBaptist @SendRelief, @RedCross &amp; @SalvationArmyUS https://t.co/DLgFNiCxN2",62723,13335,176,21,0.0022674251813441515,0.013350286521017551,0.9843823313713074,0.9821149061899632,Positive
903980484966752257,2017-09-02 13:58:37+00:00,2017-09-02,2017-09,Saturday,13,iPhone,False,Departing for Texas and Louisiana with @FLOTUS Melania right now @JBA_NAFW. We will see you soon. America is with you! https://t.co/z3bHVdJVPr,78403,14873,142,21,0.0038069721776992083,0.15845175087451935,0.8377412557601929,0.8339342835824937,Positive
904025340049285121,2017-09-02 16:56:51+00:00,2017-09-02,2017-09,Saturday,16,iPhone,False,"TEXAS: We are with you today, we are with you tomorrow, and we will be with you EVERY SINGLE DAY AFTER, to restore, recover, and REBUILD! https://t.co/p1Fh8jmmFA",110225,26026,161,27,0.006707538850605488,0.15128743648529053,0.8420050144195557,0.8352974755689502,Positive
904160894661296130,2017-09-03 01:55:30+00:00,2017-09-03,2017-09,Sunday,1,iPhone,False,"Together, we will prevail in the GREAT state of Texas. We love you! GOD BLESS TEXAS &amp; GOD BLESS THE USA🇺🇸 https://t.co/1rzmEenQIb",140941,42565,133,22,0.00368576031178236,0.023016799241304398,0.9732974171638489,0.9696116568520665,Positive
904174851627286530,2017-09-03 02:50:58+00:00,2017-09-03,2017-09,Sunday,2,iPhone,False,"The Manufacturing Index rose to 59%, the highest level since early 2011 - and we can do much better!",69553,13924,100,19,0.0029183095321059227,0.03361045569181442,0.9634712338447571,0.9605529243126512,Positive
904176553621307396,2017-09-03 02:57:43+00:00,2017-09-03,2017-09,Sunday,2,iPhone,False,"Just got back to the White House from the Great States of Texas and Louisiana, where things are going well. Such cooperation &amp; coordination!",91103,15380,144,24,0.0031047372613102198,0.07125773280858994,0.9256375432014465,0.9225328059401363,Positive
904177758489776129,2017-09-03 03:02:31+00:00,2017-09-03,2017-09,Sunday,3,iPhone,False,"Remember, Sunday is National Prayer Day (by Presidential Proclamation)!",132139,33480,71,9,0.006080983206629753,0.44411763548851013,0.5498013496398926,0.5437203664332628,Positive
904211620896886785,2017-09-03 05:17:04+00:00,2017-09-03,2017-09,Sunday,5,iPhone,False,"So much SPIRIT in LA! Thank you to all of our HEREOS who saved many lives. An honor to spend time w/ @NationalGuard, #LEOs &amp; the #CajunNavy! https://t.co/7PEtSL6RKF",79732,19523,168,28,0.0029714321717619896,0.009180122055113316,0.9878484010696411,0.9848769688978791,Positive
904305644651634688,2017-09-03 11:30:41+00:00,2017-09-03,2017-09,Sunday,11,iPhone,False,North Korea has conducted a major Nuclear Test. Their words and actions continue to be very hostile and dangerous to the United States.....,94390,28307,139,23,0.9034319519996643,0.0901188775897026,0.0064491028897464275,-0.8969828491099179,Negative
904307898213433344,2017-09-03 11:39:38+00:00,2017-09-03,2017-09,Sunday,11,iPhone,False,"..North Korea is a rogue nation which has become a great threat and embarrassment to China, which is trying to help but with little success.",93269,24112,140,25,0.8936094045639038,0.09993836283683777,0.006452246103435755,-0.887157158460468,Negative
904309527381716992,2017-09-03 11:46:07+00:00,2017-09-03,2017-09,Sunday,11,iPhone,False,"South Korea is finding, as I have told them, that their talk of appeasement with North Korea will not work, they only understand one thing!",93883,25737,139,25,0.8330227136611938,0.15662531554698944,0.01035198476165533,-0.8226707288995385,Negative
904375314830249984,2017-09-03 16:07:32+00:00,2017-09-03,2017-09,Sunday,16,iPhone,False,"I will be meeting General Kelly, General Mattis and other military leaders at the White House to discuss North Korea. Thank you.",128967,27471,128,22,0.008771570399403572,0.6101197004318237,0.38110870122909546,0.3723371308296919,Neutral
904377075049656322,2017-09-03 16:14:31+00:00,2017-09-03,2017-09,Sunday,16,iPhone,False,"The United States is considering, in addition to other options, stopping all trade with any country doing business with North Korea.",171720,46856,132,21,0.25579315423965454,0.7277342677116394,0.016472630202770233,-0.2393205240368843,Neutral
904745562771259392,2017-09-04 16:38:46+00:00,2017-09-04,2017-09,Monday,16,iPhone,False,"We are building our future with American hands, American labor, American iron, aluminum and steel. Happy #LaborDay! https://t.co/lyvtNfQ5IO",120986,27290,139,18,0.0018715769983828068,0.017900777980685234,0.9802276492118835,0.9783560722135007,Positive
904899243906879488,2017-09-05 02:49:26+00:00,2017-09-05,2017-09,Tuesday,2,iPhone,False,Big week coming up!,99412,26476,19,4,0.0035598217509686947,0.05290636420249939,0.9435337781906128,0.9399739564396441,Positive
905038986883850240,2017-09-05 12:04:43+00:00,2017-09-05,2017-09,Tuesday,12,iPhone,False,"Congress, get ready to do your job - DACA!",104531,25910,42,9,0.05106857419013977,0.521701991558075,0.42722949385643005,0.3761609196662903,Neutral
905047095488516098,2017-09-05 12:36:57+00:00,2017-09-05,2017-09,Tuesday,12,iPhone,False,I am allowing Japan &amp; South Korea to buy a substantially increased amount of highly sophisticated military equipment from the United States.,125347,33372,144,22,0.13962848484516144,0.7601637244224548,0.10020779818296432,-0.03942068666219711,Neutral
905170032229056512,2017-09-05 20:45:27+00:00,2017-09-05,2017-09,Tuesday,20,iPhone,False,I look forward to working w/ D's + R's in Congress to address immigration reform in a way that puts hardworking citizens of our country 1st.,104097,24254,140,26,0.007452237885445356,0.1254795640707016,0.8670681715011597,0.8596159336157143,Positive
905228667336499200,2017-09-06 00:38:27+00:00,2017-09-06,2017-09,Wednesday,0,iPhone,False,"Congress now has 6 months to legalize DACA (something the Obama Administration was unable to do). If they can't, I will revisit this issue!",92637,24217,139,24,0.6258177161216736,0.33382344245910645,0.040358807891607285,-0.5854589082300663,Negative
905381817695526912,2017-09-06 10:47:01+00:00,2017-09-06,2017-09,Wednesday,10,iPhone,False,Will be going to North Dakota today to discuss tax reform and tax cuts. We are the highest taxed nation in the world - that will change.,89928,17766,136,27,0.038455404341220856,0.6711431741714478,0.2904013395309448,0.25194593518972397,Neutral
905383039517282304,2017-09-06 10:51:52+00:00,2017-09-06,2017-09,Wednesday,10,iPhone,False,"Watching Hurricane closely. My team, which has done, and is doing, such a good job in Texas, is already in Florida. No rest for the weary!",109965,5229,138,26,0.12731334567070007,0.3653726577758789,0.5073140263557434,0.38000068068504333,Positive
905383515302264832,2017-09-06 10:53:45+00:00,2017-09-06,2017-09,Wednesday,10,iPhone,False,Hurricane looks like largest ever recorded in the Atlantic!,59907,13326,59,9,0.5867448449134827,0.27641794085502625,0.13683724403381348,-0.4499076008796692,Negative
905488897186172928,2017-09-06 17:52:30+00:00,2017-09-06,2017-09,Wednesday,17,iPhone,False,'President Donald J. Trump Approves Emergency Declarations' ➡️https://t.co/xSHSyNkvuP ➡️https://t.co/UbBSFOhMM7 ➡️https://t.co/xWOfp9Z9iR https://t.co/qoJOM54Gy8,50510,14665,161,11,0.010648858733475208,0.6970610618591309,0.292290061712265,0.2816412029787898,Neutral
905512462971232257,2017-09-06 19:26:09+00:00,2017-09-06,2017-09,Wednesday,19,iPhone,False,"Just spoke w/ Governors Rick Scott of Florida, Kenneth Mapp of the U.S. Virgin Islands &amp; Ricardo Rosselló of Puerto Rico. WE ARE W/ YOU ALL! https://t.co/k92cslgKFa",72230,18109,168,27,0.0046638925559818745,0.2979592978954315,0.6973767876625061,0.6927128951065242,Positive
905571513398693888,2017-09-06 23:20:48+00:00,2017-09-06,2017-09,Wednesday,23,iPhone,False,Wonderful to be in North Dakota with the incredible hardworking men &amp; women @ the Andeavor Refinery. Full remarks: 🎥https://t.co/uxBpyeERUm https://t.co/fV9R9gJxDS,42757,8915,167,21,0.0020000641234219074,0.01274673081934452,0.9852531552314758,0.9832530911080539,Positive
905582435538219011,2017-09-07 00:04:12+00:00,2017-09-07,2017-09,Thursday,0,iPhone,False,"Thank you for joining me in Mandan, ND Gov. @DougBurgum, Lt. Gov. @BrentSanfordND, @SenJohnHoeven, @RepKevinCramer &amp; @SenatorHeitkamp. https://t.co/8nIvtHvpu6",33283,6481,162,18,0.0024196377489715815,0.08895057439804077,0.9086297750473022,0.9062101372983307,Positive
905586115440242689,2017-09-07 00:18:49+00:00,2017-09-07,2017-09,Thursday,0,iPhone,False,"If we want to renew our PROSPERITY, restore OPPORTUNITY, &amp; re-establish our economic DOMINANCE, then we need tax reform that is pro-growth.. https://t.co/9NzLg2Qzpo",69771,17172,168,23,0.02754846028983593,0.5785210132598877,0.39393049478530884,0.3663820344954729,Neutral
905603224379559936,2017-09-07 01:26:48+00:00,2017-09-07,2017-09,Thursday,1,iPhone,False,"We want our companies to hire &amp; grow in AMERICA, to raise wages for AMERICAN workers, &amp; to help rebuild our AMERICAN cities &amp; towns! #USA🇺🇸 https://t.co/sglubjcbW4",60633,15232,175,27,0.004712575580924749,0.06393987685441971,0.9313475489616394,0.9266349733807147,Positive
905770927526432768,2017-09-07 12:33:12+00:00,2017-09-07,2017-09,Thursday,12,iPhone,False,"Hurricane Irma is raging but we have great teams of talented and brave people already in place and ready to help. Be careful, be safe! #FEMA",81964,16584,140,26,0.041038595139980316,0.12765902280807495,0.8313023447990417,0.7902637496590614,Positive
905775458557538304,2017-09-07 12:51:12+00:00,2017-09-07,2017-09,Thursday,12,iPhone,False,"Thank you, our great honor! https://t.co/StrciEwuWs",46856,12459,51,6,0.005471795331686735,0.012450607493519783,0.9820775389671326,0.9766057436354458,Positive
905788459301908480,2017-09-07 13:42:52+00:00,2017-09-07,2017-09,Thursday,13,iPhone,False,"For all of those (DACA) that are concerned about your status during the 6 month period, you have nothing to worry about - No action!",78769,20287,132,25,0.6369833946228027,0.32662346959114075,0.03639313578605652,-0.6005902588367462,Negative
905856569329504256,2017-09-07 18:13:30+00:00,2017-09-07,2017-09,Thursday,18,iPhone,False,"Welcome to the @WhiteHouse, Amir Sabah al-Ahmed al-Jaber al-Sabah of Kuwait! Joint press conference coming up soon: https://t.co/8T4Nyzlp4Y https://t.co/lfRa4AATaM",31422,7763,163,19,0.0034421291202306747,0.37902572751045227,0.6175321936607361,0.6140900645405054,Positive
905880546185814016,2017-09-07 19:48:47+00:00,2017-09-07,2017-09,Thursday,19,iPhone,False,"Together, we will show the world that the forces of destruction and extremism are NO MATCH for the BLESSINGS of PROSPERITY and PEACE! https://t.co/aL6In83eWK",55694,13855,157,24,0.13641588389873505,0.38908830285072327,0.4744957685470581,0.33807988464832306,Positive
905888075749974016,2017-09-07 20:18:42+00:00,2017-09-07,2017-09,Thursday,20,iPhone,False,"During my trip to Saudi Arabia, I spoke to the leaders of more than 50 Arab &amp; Muslim nations about the need to confront our shared enemies.. https://t.co/8oeAQfIeX8",42117,10156,168,28,0.02707260474562645,0.8650667667388916,0.10786059498786926,0.08078799024224281,Neutral
905958330815926276,2017-09-08 00:57:52+00:00,2017-09-08,2017-09,Friday,0,iPhone,False,I encourage EVERYONE in the path of #HurricaneIrma to heed the advice and orders of local &amp; state officials! https://t.co/AQmawTpZs0,67170,19168,136,20,0.05550452694296837,0.5886000394821167,0.355895459651947,0.30039093270897865,Neutral
905967331662319617,2017-09-08 01:33:38+00:00,2017-09-08,2017-09,Friday,1,iPhone,False,"We will confront ANY challenge, no matter how strong the winds or high the water. I’m proud to stand with Presidents for #OneAmericaAppeal.",80029,15772,139,23,0.007200097665190697,0.0655181035399437,0.9272817373275757,0.920081639662385,Positive
906133573400481792,2017-09-08 12:34:13+00:00,2017-09-08,2017-09,Friday,12,iPhone,False,"Hurricane Irma is of epic proportion, perhaps bigger than we have ever seen. Be safe and get out of its way,if possible. Federal G is ready!",63787,14321,140,26,0.38420960307121277,0.4283737242221832,0.1874166876077652,-0.19679291546344757,Neutral
906134333467045888,2017-09-08 12:37:14+00:00,2017-09-08,2017-09,Friday,12,iPhone,False,"Our incredible U.S. Coast Guard saved more than 15,000 lives last week with Harvey. Irma could be even tougher. We love our Coast Guard!",101114,20615,136,24,0.022333966568112373,0.06565813720226288,0.9120078682899475,0.8896739017218351,Positive
906135414498631680,2017-09-08 12:41:32+00:00,2017-09-08,2017-09,Friday,12,iPhone,False,"Republicans, sorry, but I've been hearing about Repeal &amp; Replace for 7 years, didn't happen! Even worse, the Senate Filibuster Rule will....",70686,17525,144,22,0.9244549870491028,0.06693495064973831,0.008610143326222897,-0.9158448437228799,Negative
906136682952568832,2017-09-08 12:46:35+00:00,2017-09-08,2017-09,Friday,12,iPhone,False,...never allow the Republicans to pass even great legislation. 8 Dems control - will rarely get 60 (vs. 51) votes. It is a Repub Death Wish!,63330,14829,140,26,0.8830790519714355,0.10431521385908127,0.012605705298483372,-0.8704733466729522,Negative
906139352580972544,2017-09-08 12:57:11+00:00,2017-09-08,2017-09,Friday,12,iPhone,False,Republicans must start the Tax Reform/Tax Cut legislation ASAP. Don't wait until the end of September. Needed now more than ever. Hurry!,79689,20704,136,22,0.07660561800003052,0.23937857151031494,0.6840157508850098,0.6074101328849792,Positive
906170854362447875,2017-09-08 15:02:22+00:00,2017-09-08,2017-09,Friday,15,Media Studio,False,A message to my fellow Americans🇺🇸#IrmaHurricane2017 🎥https://t.co/jyg6AlyAAb 🎥https://t.co/iPujtHzejr https://t.co/HCQ9kmKc4E,68359,21133,126,9,0.03890497237443924,0.7240880727767944,0.23700696229934692,0.19810198992490768,Neutral
906320446882271232,2017-09-09 00:56:47+00:00,2017-09-09,2017-09,Saturday,0,iPhone,False,Churches in Texas should be entitled to reimbursement from FEMA Relief Funds for helping victims of Hurricane Harvey (just like others).,127726,28990,136,21,0.03126450255513191,0.7170868515968323,0.25164860486984253,0.22038410231471062,Neutral
906543198599876608,2017-09-09 15:41:55+00:00,2017-09-09,2017-09,Saturday,15,iPhone,False,"FLORIDA- Visit https://t.co/pdBaD9t8SK to find shelters, road closures, &amp; evacuation routes. Helpful Twitter list: https://t.co/BUMVlxGFe8 https://t.co/ncnuqCeB5K",49234,16347,166,16,0.01741529442369938,0.7016987800598145,0.2808859646320343,0.2634706702083349,Neutral
906634384702291968,2017-09-09 21:44:16+00:00,2017-09-09,2017-09,Saturday,21,Media Studio,False,"This is a storm of enormous destructive power, and I ask everyone in the storm’s path to heed ALL instructions from government officials. https://t.co/nJfM2Sdme1",64650,15094,161,24,0.7210420966148376,0.2516925036907196,0.027265433222055435,-0.6937766633927822,Negative
906669500984041472,2017-09-10 00:03:48+00:00,2017-09-10,2017-09,Sunday,0,iPhone,False,"Heed the advice of @FLGovScott! ""If you're in an evacuation zone, you need to get to a shelter...there's not many hours left."" Gov. Scott https://t.co/92W8ViNMUK",44856,11360,161,25,0.016420530155301094,0.6031394600868225,0.38044002652168274,0.36401949636638165,Neutral
906712991940399104,2017-09-10 02:56:37+00:00,2017-09-10,2017-09,Sunday,2,iPhone,False,"The U.S. Coast Guard, FEMA and all Federal and State brave people are ready. Here comes Irma. God bless everyone!",126385,25075,113,20,0.004743068479001522,0.04048286750912666,0.9547740817070007,0.9500310132279992,Positive
907303264458362880,2017-09-11 18:02:09+00:00,2017-09-11,2017-09,Monday,18,iPhone,False,#NeverForget https://t.co/rmQ1a5bDon,81914,19251,36,2,0.06907962262630463,0.6245599389076233,0.30636051297187805,0.23728089034557343,Neutral
907311779331690496,2017-09-11 18:35:59+00:00,2017-09-11,2017-09,Monday,18,iPhone,False,May God Forever Bless the United States of America. #NeverForget911 https://t.co/erycJgj23r,133936,36633,91,11,0.006695979740470648,0.05277356877923012,0.9405304193496704,0.9338344396091998,Positive
907588803161939968,2017-09-12 12:56:47+00:00,2017-09-12,2017-09,Tuesday,12,iPhone,False,Fascinating to watch people writing books and major articles about me and yet they know nothing about me &amp; have zero access. #FAKE NEWS!,107606,24187,140,24,0.8981578350067139,0.09191399812698364,0.009928212501108646,-0.8882296225056052,Negative
907592460070768641,2017-09-12 13:11:19+00:00,2017-09-12,2017-09,Tuesday,13,iPhone,False,"The devastation left by Hurricane Irma was far greater, at least in certain locations,than anyone thought - but amazing people working hard!",85323,14735,140,22,0.4096411168575287,0.26893946528434753,0.321419358253479,-0.08822175860404968,Negative
907675638055743489,2017-09-12 18:41:50+00:00,2017-09-12,2017-09,Tuesday,18,iPhone,False,"Congratulations to Eric &amp; Lara on the birth of their son, Eric ""Luke"" Trump this morning! https://t.co/Aw0AV82XdE",111516,16958,117,17,0.0013731796061620116,0.022389817982912064,0.9762369394302368,0.9748637598240748,Positive
907698529606541312,2017-09-12 20:12:48+00:00,2017-09-12,2017-09,Tuesday,20,iPhone,False,It was a great honor to welcome Prime Minister Najib Abdul Razak of Malaysia and his distinguished delegation to the @WhiteHouse today! https://t.co/3pWrBOh8dG,52354,13955,159,23,0.0017867923015728593,0.015010949224233627,0.9832022786140442,0.9814154863124713,Positive
907928888587808768,2017-09-13 11:28:10+00:00,2017-09-13,2017-09,Wednesday,11,iPhone,False,The approval process for the biggest Tax Cut &amp; Tax Reform package in the history of our country will soon begin. Move fast Congress!,80698,17878,136,24,0.02031749300658703,0.2528403401374817,0.7268422245979309,0.7065247315913439,Positive
907930425657626624,2017-09-13 11:34:16+00:00,2017-09-13,2017-09,Wednesday,11,iPhone,False,"I will be traveling to Florida tomorrow to meet with our great Coast Guard, FEMA and many of the brave first responders &amp; others.",87319,14812,133,24,0.003509748028591275,0.08838699012994766,0.9081032276153564,0.9045934795867652,Positive
907946177022369792,2017-09-13 12:36:52+00:00,2017-09-13,2017-09,Wednesday,12,iPhone,False,"With Irma and Harvey devastation, Tax Cuts and Tax Reform is needed more than ever before. Go Congress, go!",93742,20177,107,19,0.21189476549625397,0.41160717606544495,0.3764980733394623,0.1646033078432083,Neutral
908154067658174469,2017-09-14 02:22:57+00:00,2017-09-14,2017-09,Thursday,2,iPhone,False,China has a business tax rate of 15%. We should do everything possible to match them in order to win with our economy. Jobs and wages!,76499,17849,134,26,0.21802352368831635,0.49730992317199707,0.2846664786338806,0.06664295494556427,Neutral
908160218995068928,2017-09-14 02:47:23+00:00,2017-09-14,2017-09,Thursday,2,iPhone,False,Crooked Hillary Clinton blames everybody (and every thing) but herself for her election loss. She lost the debates and lost her direction!,114073,26257,138,22,0.9447112679481506,0.04921044781804085,0.006078382954001427,-0.9386328849941492,Negative
908161523180285953,2017-09-14 02:52:34+00:00,2017-09-14,2017-09,Thursday,2,iPhone,False,"The ""deplorables"" came back to haunt Hillary.They expressed their feelings loud and clear. She spent big money but, in the end, had no game!",94074,20990,140,24,0.8795212507247925,0.11000257730484009,0.010476195253431797,-0.8690450554713607,Negative
908272007011282944,2017-09-14 10:11:36+00:00,2017-09-14,2017-09,Thursday,10,iPhone,False,No deal was made last night on DACA. Massive border security would have to be agreed to in exchange for consent. Would be subject to vote.,64610,17444,138,26,0.3478832542896271,0.6265217661857605,0.025594977661967278,-0.3222882766276598,Neutral
908274366739345409,2017-09-14 10:20:58+00:00,2017-09-14,2017-09,Thursday,10,iPhone,False,"The WALL, which is already under construction in the form of new renovation of old and existing fences and walls, will continue to be built.",105068,24085,140,25,0.008959325961768627,0.8669676184654236,0.12407300621271133,0.11511368025094271,Neutral
908276308265795585,2017-09-14 10:28:41+00:00,2017-09-14,2017-09,Thursday,10,iPhone,False,"Does anybody really want to throw out good, educated and accomplished young people who have jobs, some serving in the military? Really!.....",82554,18471,140,22,0.8054437637329102,0.1729324460029602,0.02162385731935501,-0.7838199064135551,Negative
908278070611779585,2017-09-14 10:35:41+00:00,2017-09-14,2017-09,Thursday,10,iPhone,False,...They have been in our country for many years through no fault of their own - brought in by parents at young age. Plus BIG border security,53133,10919,140,27,0.326352059841156,0.5963259935379028,0.07732201367616653,-0.24903004616498947,Neutral
908285679335034880,2017-09-14 11:05:55+00:00,2017-09-14,2017-09,Thursday,11,iPhone,False,"Am leaving now for Florida to see our GREAT first responders and to thank the U.S. Coast Guard, FEMA etc. A real disaster, much work to do!",67205,10775,139,27,0.500188410282135,0.3129434287548065,0.18686816096305847,-0.31332024931907654,Negative
908406085308096512,2017-09-14 19:04:22+00:00,2017-09-14,2017-09,Thursday,19,iPhone,False,Just left Florida for D.C. The people and spirit in THAT GREAT STATE is unbelievable. Damage horrific but will be better than ever!,60358,10125,131,23,0.09216207265853882,0.11076969653367996,0.797068178653717,0.7049061059951782,Positive
908409572943126528,2017-09-14 19:18:14+00:00,2017-09-14,2017-09,Thursday,19,iPhone,False,Spoke to President of Mexico to give condolences on terrible earthquake. Unable to reach for 3 days b/c of his cell phone reception at site.,59066,11340,140,25,0.8180168867111206,0.1717105209827423,0.010272522456943989,-0.8077443642541766,Negative
908413019050463232,2017-09-14 19:31:55+00:00,2017-09-14,2017-09,Thursday,19,iPhone,False,Bernie Sanders is pushing hard for a single payer healthcare plan - a curse on the U.S. &amp; its people...,73259,17415,107,20,0.5079047083854675,0.42393064498901367,0.0681646466255188,-0.43974006175994873,Negative
908413134196572161,2017-09-14 19:32:23+00:00,2017-09-14,2017-09,Thursday,19,iPhone,True,"...I told Republicans to approve healthcare fast or this would happen. But don't worry, I will veto because I love our country &amp; its people.",64966,13299,144,25,0.3241887092590332,0.3830495774745941,0.29276177287101746,-0.03142693638801575,Neutral
908438028980490240,2017-09-14 21:11:18+00:00,2017-09-14,2017-09,Thursday,21,Media Studio,False,WE ARE WITH YOU FLORIDA! Emergency Information 1-800-342-3557 https://t.co/zbWkR5VmDp Volunteer 1-800-FL-HELP-1 https://t.co/ghkbVajBN0 https://t.co/2Jj85weO1U,53795,13782,159,13,0.05036548897624016,0.621688723564148,0.3279457688331604,0.27758027985692024,Neutral
908494344008749056,2017-09-15 00:55:05+00:00,2017-09-15,2017-09,Friday,0,iPhone,False,"FLORIDA- Just like TX, WE are w/you today, we are w/you tomorrow, &amp; we will be w/you EVERY SINGLE DAY AFTER, to RESTORE, RECOVER, &amp; REBUILD! https://t.co/phRMudujxJ",58148,12285,172,27,0.0064600263722240925,0.2738468050956726,0.719693124294281,0.7132330979220569,Positive
908640949605163010,2017-09-15 10:37:38+00:00,2017-09-15,2017-09,Friday,10,iPhone,False,"With the ridiculous Filibuster Rule in the Senate, Republicans need 60 votes to pass legislation, rather than 51. Can't get votes, END NOW!",53467,12481,139,23,0.90234375,0.09030892699956894,0.0073473029769957066,-0.8949964470230043,Negative
908642277987356673,2017-09-15 10:42:55+00:00,2017-09-15,2017-09,Friday,10,iPhone,False,Another attack in London by a loser terrorist.These are sick and demented people who were in the sights of Scotland Yard. Must be proactive!,110223,29327,140,24,0.9476644396781921,0.04654301702976227,0.005792586132884026,-0.9418718535453081,Negative
908643633901039617,2017-09-15 10:48:18+00:00,2017-09-15,2017-09,Friday,10,iPhone,False,Loser terrorists must be dealt with in a much tougher manner.The internet is their main recruitment tool which we must cut off &amp; use better!,97462,21411,144,25,0.8960119485855103,0.09617090970277786,0.00781713705509901,-0.8881948115304112,Negative
908645126146265090,2017-09-15 10:54:14+00:00,2017-09-15,2017-09,Friday,10,iPhone,True,"The travel ban into the United States should be far larger, tougher and more specific-but stupidly, that would not be politically correct!",106622,24579,138,22,0.828008234500885,0.16301725804805756,0.008974428288638592,-0.8190338062122464,Negative
908646582807089152,2017-09-15 11:00:01+00:00,2017-09-15,2017-09,Friday,11,iPhone,False,We have made more progress in the last nine months against ISIS than the Obama Administration has made in 8 years.Must be proactive &amp; nasty!,101229,21649,144,25,0.04795560613274574,0.20886261761188507,0.7431817650794983,0.6952261589467525,Positive
908651641943003136,2017-09-15 11:20:08+00:00,2017-09-15,2017-09,Friday,11,iPhone,False,ESPN is paying a really big price for its politics (and bad programming). People are dumping it in RECORD numbers. Apologize for untruth!,112106,28192,137,23,0.9435071349143982,0.05175918713212013,0.004733630921691656,-0.9387735039927065,Negative
908676979561570304,2017-09-15 13:00:48+00:00,2017-09-15,2017-09,Friday,13,iPhone,False,CHAIN MIGRATION cannot be allowed to be part of any legislation on Immigration!,76676,18987,79,13,0.8320180177688599,0.15615403652191162,0.01182793639600277,-0.8201900813728571,Negative
908724382440284160,2017-09-15 16:09:10+00:00,2017-09-15,2017-09,Friday,16,Media Studio,False,WEEKLY ADDRESS🇺🇸 https://t.co/MsaLA9POAt,42478,10845,40,3,0.0037510241381824017,0.6317946314811707,0.36445435881614685,0.36070333467796445,Neutral
908734537311678464,2017-09-15 16:49:31+00:00,2017-09-15,2017-09,Friday,16,Media Studio,False,"Frank “FX” Giaccio- On behalf of @FLOTUS Melania &amp; myself, THANK YOU for doing a GREAT job this morning! @NatlParkService gives you an A+! https://t.co/135DxuapUI",116893,33092,166,25,0.005823964718729258,0.015514924190938473,0.978661060333252,0.9728370956145227,Positive
908768057140629506,2017-09-15 19:02:43+00:00,2017-09-15,2017-09,Friday,19,iPhone,False,NEVER forget our HEROES held prisoner or who have gone missing in action while serving their country. Proclamation: https://t.co/4xBZGjAGj5 https://t.co/yZTr7rlpTV,52496,13147,163,20,0.3469373881816864,0.5256191492080688,0.12744349241256714,-0.21949389576911926,Neutral
908796281002307584,2017-09-15 20:54:52+00:00,2017-09-15,2017-09,Friday,20,iPhone,False,"Our hearts &amp; prayers go out to the people of London, who suffered a vicious terrorist attack.... https://t.co/Q2hTBV2l5t",66584,14896,124,18,0.8549928665161133,0.1322273164987564,0.012779791839420795,-0.8422130746766925,Negative
908827394856947712,2017-09-15 22:58:30+00:00,2017-09-15,2017-09,Friday,22,iPhone,False,"We will defend our people, our nations and our civilization from all who dare to threaten our way of life...cont: https://t.co/SYBRshx89b https://t.co/sIiAuxL3OE",57266,14880,161,22,0.1402111053466797,0.7064958810806274,0.15329299867153168,0.01308189332485199,Neutral
908841360131743744,2017-09-15 23:54:00+00:00,2017-09-15,2017-09,Friday,23,Media Studio,False,"HAPPY 70th BIRTHDAY to the @USAirForce! The American people are eternally grateful. Thank you for keeping America PROUD, STRONG and FREE! https://t.co/DYxkh3gj0R",90587,21656,161,22,0.003608384169638157,0.007192023564130068,0.9891995191574097,0.9855911349877715,Positive
909185223887347712,2017-09-16 22:40:23+00:00,2017-09-16,2017-09,Saturday,22,iPhone,False,"A great deal of good things happening for our country. Jobs and Stock Market at all time highs, and I believe will be getting even better!",83132,16309,138,26,0.002758872928097844,0.008374041877686977,0.9888671040534973,0.9861082311253995,Positive
909189931154771970,2017-09-16 22:59:06+00:00,2017-09-16,2017-09,Saturday,22,iPhone,False,Attorney General Bill Shuette will be a fantastic Governor for the great State of Michigan. I am bringing back your jobs and Bill will help!,37789,8412,140,25,0.003625921905040741,0.018181385472416878,0.9781926870346069,0.9745667651295662,Positive
909191177810915328,2017-09-16 23:04:03+00:00,2017-09-16,2017-09,Saturday,23,iPhone,False,"I will be in Huntsville, Alabama, on Saturday night to support Luther Strange for Senate. ""Big Luther"" is a great guy who gets things done!",55512,9977,139,25,0.002612337004393339,0.030294032767415047,0.9670936465263367,0.9644813095219433,Positive
909381488445190145,2017-09-17 11:40:16+00:00,2017-09-17,2017-09,Sunday,11,iPhone,False,Attorney General Bill Schuette will be a fantastic Governor for the great State of Michigan. I am bringing back your jobs and Bill will help,51876,9507,140,25,0.003842283971607685,0.02040255069732666,0.9757551550865173,0.9719128711149096,Positive
909384837018112000,2017-09-17 11:53:35+00:00,2017-09-17,2017-09,Sunday,11,iPhone,False,I spoke with President Moon of South Korea last night. Asked him how Rocket Man is doing. Long gas lines forming in North Korea. Too bad!,148003,44062,137,26,0.8233897089958191,0.1630239188671112,0.013586410321295261,-0.8098032986745238,Negative
909385782275788800,2017-09-17 11:57:20+00:00,2017-09-17,2017-09,Sunday,11,iPhone,False,Thank you! https://t.co/vs4MNwXtei,37120,6266,34,3,0.0058941589668393135,0.03516872227191925,0.9589371085166931,0.9530429495498538,Positive
909393531143380992,2017-09-17 12:28:08+00:00,2017-09-17,2017-09,Sunday,12,iPhone,False,My great honor! https://t.co/x25T9tQAnI,69853,14929,39,4,0.006121999584138393,0.017376700416207314,0.9765012860298157,0.9703792864456773,Positive
909401572341370881,2017-09-17 13:00:05+00:00,2017-09-17,2017-09,Sunday,13,iPhone,False,"Important meetings and calls scheduled for today. Military and economy are getting stronger by the day, and our enemies know it. #MAGA",68327,13889,134,22,0.010195128619670868,0.1059344932436943,0.8838704228401184,0.8736752942204475,Positive
909767654432526336,2017-09-18 13:14:46+00:00,2017-09-18,2017-09,Monday,13,iPhone,False,Happy 70th Birthday @USAirForce! https://t.co/snkXO40vXM,62647,12562,56,5,0.0038300692103803158,0.010507313534617424,0.9856626391410828,0.9818325699307024,Positive
909768037787717633,2017-09-18 13:16:17+00:00,2017-09-18,2017-09,Monday,13,iPhone,False,Happy 70th Birthday @CIA! https://t.co/CU3gOZMf7J,51073,9725,49,5,0.0038300692103803158,0.010507313534617424,0.9856626391410828,0.9818325699307024,Positive
909818335130525697,2017-09-18 16:36:09+00:00,2017-09-18,2017-09,Monday,16,Media Studio,False,We commend SG @AntonioGuterres &amp; his call for the UN to focus more on people &amp; less on bureaucracy. #USAatUNGA #UNGA https://t.co/KVvCMznmcN https://t.co/UQn6RrC9Xw,37701,8885,172,23,0.009099950082600117,0.18172119557857513,0.8091788291931152,0.8000788791105151,Positive
909823695299981313,2017-09-18 16:57:27+00:00,2017-09-18,2017-09,Monday,16,iPhone,False,Looking forward to meeting with Prime Minister @Netanyahu shortly. Peace in the Middle East would be a truly great legacy for ALL people!,74213,13588,137,23,0.002075625816360116,0.014442751184105873,0.9834815859794617,0.9814059601631016,Positive
909922763774861314,2017-09-18 23:31:07+00:00,2017-09-18,2017-09,Monday,23,iPhone,False,"Such an honor to have my good friend, Israel PM @Netanyahu, join us w/ his delegation in NYC this afternoon. #UNGA https://t.co/YEHWjdtQx8 https://t.co/jwU4e8Yk8A",51539,11929,162,23,0.0016990554286167026,0.011419870890676975,0.9868811368942261,0.9851820814656094,Positive
909975689838731264,2017-09-19 03:01:25+00:00,2017-09-19,2017-09,Tuesday,3,Media Studio,False,It was a great honor to be with President @EmmanuelMacron of France this afternoon with his delegation. Great bilateral meeting! #UNGA https://t.co/HnxDDU5d5F,39013,7669,158,22,0.002323567634448409,0.009115607477724552,0.9885608553886414,0.986237287754193,Positive
909995135009804288,2017-09-19 04:18:41+00:00,2017-09-19,2017-09,Tuesday,4,iPhone,False,"We call for the full restoration of democracy and political freedoms in Venezuela, and we want it to happen very, very soon! https://t.co/bMJDOtAesl",60538,19103,148,23,0.008487431332468987,0.14815180003643036,0.8433607220649719,0.8348732907325029,Positive
910002272825831425,2017-09-19 04:47:03+00:00,2017-09-19,2017-09,Tuesday,4,Media Studio,False,#USAatUNGA🇺🇸 #UNGA https://t.co/MjIJ7HG3eU,37546,8191,42,3,0.011337939649820328,0.8060770034790039,0.18258504569530487,0.17124710604548454,Neutral
910101538336583680,2017-09-19 11:21:30+00:00,2017-09-19,2017-09,Tuesday,11,iPhone,False,"Big day at the United Nations - many good things, and some tricky ones, happening. We have a great team. Big speech at 10:00 A.M.",80488,14041,129,25,0.0024012092035263777,0.009567354805767536,0.9880313873291016,0.9856301781255752,Positive
910192375267561472,2017-09-19 17:22:27+00:00,2017-09-19,2017-09,Tuesday,17,iPhone,False,"The🇺🇸has great strength &amp; patience, but if it is forced to defend itself or its allies, we will have no choice but to totally destroy #NoKo. https://t.co/P4vAanXvgm",83066,23766,168,27,0.5724895596504211,0.37191203236579895,0.05559840053319931,-0.5168911591172218,Negative
910219338044657664,2017-09-19 19:09:35+00:00,2017-09-19,2017-09,Tuesday,19,iPhone,False,"As President of the United States of America, I will ALWAYS put #AmericaFirst🇺🇸#UNGA Full remarks: https://t.co/ksaMsQ2Lhm https://t.co/XrtpAWwuCn",67672,17146,146,17,0.005092656705528498,0.10637462884187698,0.8885326981544495,0.883440041448921,Positive
910233418474098688,2017-09-19 20:05:32+00:00,2017-09-19,2017-09,Tuesday,20,iPhone,False,God bless the people of Mexico City. We are with you and will be there for you.,190807,53528,79,17,0.005452300421893597,0.02685963176190853,0.9676880240440369,0.9622357236221433,Positive
910263274918367236,2017-09-19 22:04:11+00:00,2017-09-19,2017-09,Tuesday,22,iPhone,False,It was a great honor to have spoken before the countries of the world at the United Nations. #USAatUNGA🇺🇸#UNGA https://t.co/1maJwRGa3d https://t.co/6Hu3AeUp58,56477,11254,158,21,0.0024741755332797766,0.024876559153199196,0.9726492762565613,0.9701751007232815,Positive
910312303635116033,2017-09-20 01:19:00+00:00,2017-09-20,2017-09,Wednesday,1,iPhone,False,The true question for the @UN... 🎥https://t.co/tx5SnACAaS,30565,6770,57,7,0.024721231311559677,0.7632371783256531,0.21204152703285217,0.1873202957212925,Neutral
910328626075389952,2017-09-20 02:23:52+00:00,2017-09-20,2017-09,Wednesday,2,iPhone,False,"Puerto Rico being hit hard by new monster Hurricane. Be careful, our hearts are with you- will be there to help!",86870,18792,112,21,0.2772102653980255,0.4706421494483948,0.2521475851535797,-0.0250626802444458,Neutral
910330501411590146,2017-09-20 02:31:19+00:00,2017-09-20,2017-09,Wednesday,2,iPhone,False,A great and important day at the United Nations.Met with leaders of many nations who agree with much (or all) of what I stated in my speech!,70682,13618,140,27,0.002745190868154168,0.018492547795176506,0.9787622094154358,0.9760170185472816,Positive
910331061409902592,2017-09-20 02:33:32+00:00,2017-09-20,2017-09,Wednesday,2,iPhone,False,"So nice, thank you! https://t.co/Cg4dzHhbrv",51650,8967,43,5,0.005315802525728941,0.01037758681923151,0.9843065738677979,0.9789907713420689,Positive
910332992756834304,2017-09-20 02:41:13+00:00,2017-09-20,2017-09,Wednesday,2,iPhone,False,"I was saddened to see how bad the ratings were on the Emmys last night - the worst ever. Smartest people of them all are the ""DEPLORABLES.""",117255,26332,139,27,0.953681230545044,0.040510158985853195,0.005808478686958551,-0.9478727518580854,Negative
910441887164661760,2017-09-20 09:53:55+00:00,2017-09-20,2017-09,Wednesday,9,iPhone,False,Thank you Jacob! https://t.co/Wjjrv6KTVT,505,150,40,4,0.0039669061079621315,0.020557112991809845,0.9754760265350342,0.971509120427072,Positive
910447064944955392,2017-09-20 10:14:30+00:00,2017-09-20,2017-09,Wednesday,10,iPhone,False,Big meetings today at the United Nations. So many interesting leaders. America First will MAKE AMERICA GREAT AGAIN!,56923,10607,115,18,0.0021138987503945827,0.010713586583733559,0.9871724843978882,0.9850585856474936,Positive
910453612630900736,2017-09-20 10:40:31+00:00,2017-09-20,2017-09,Wednesday,10,iPhone,False,"After allowing North Korea to research and build Nukes while Secretary of State (Bill C also), Crooked Hillary now criticizes.",83684,21917,126,20,0.7787692546844482,0.211124986410141,0.01010584644973278,-0.7686634082347155,Negative
910454516557983744,2017-09-20 10:44:06+00:00,2017-09-20,2017-09,Wednesday,10,iPhone,False,"The world is noticing, thanks! https://t.co/2NL6SlWnmH",58962,12400,54,6,0.0032394016161561012,0.0440288744866848,0.9527316689491272,0.9494922673329711,Positive
910458657179086848,2017-09-20 11:00:34+00:00,2017-09-20,2017-09,Wednesday,11,iPhone,False,Thank you @foxandfriends - great show!,39397,5871,38,6,0.003550669876858592,0.0094152195379138,0.9870340824127197,0.9834834125358611,Positive
910476107287269376,2017-09-20 12:09:54+00:00,2017-09-20,2017-09,Wednesday,12,iPhone,False,Rand Paul is a friend of mine but he is such a negative force when it comes to fixing healthcare. Graham-Cassidy Bill is GREAT! Ends Ocare!,49353,10175,139,26,0.44243791699409485,0.2899426221847534,0.26761946082115173,-0.17481845617294312,Negative
910477734635286528,2017-09-20 12:16:22+00:00,2017-09-20,2017-09,Wednesday,12,iPhone,False,I hope Republican Senators will vote for Graham-Cassidy and fulfill their promise to Repeal &amp; Replace ObamaCare. Money direct to States!,59827,12989,140,21,0.01674160733819008,0.3341485559940338,0.6491098403930664,0.6323682330548763,Positive
910480918816739328,2017-09-20 12:29:01+00:00,2017-09-20,2017-09,Wednesday,12,iPhone,False,"Looking forward to Friday night in the Great State of Alabama. I am supporting ""Big"" Luther Strange because he was so loyal &amp; helpful to me!",47907,8053,144,26,0.0027651337441056967,0.016977982595562935,0.9802568554878235,0.9774917217437178,Positive
910524897515905025,2017-09-20 15:23:46+00:00,2017-09-20,2017-09,Wednesday,15,Media Studio,False,It was a great honor to be with King Abdullah II of Jordan and his delegation this morning. We had a GREAT bilateral meeting!🇺🇸🇯🇴 https://t.co/6tYDHswKa3,43393,8613,153,25,0.0020626287441700697,0.010157790966331959,0.9877795577049255,0.9857169289607555,Positive
910551350408241152,2017-09-20 17:08:53+00:00,2017-09-20,2017-09,Wednesday,17,Media Studio,False,"Honored to meet w/ Pres Abbas from the Palestinian Authority &amp; his delegation, who have been working hard w/everybody involved toward peace. https://t.co/4E8awDkX93",34683,6866,168,23,0.0037120298948138952,0.04230900853872299,0.953978955745697,0.9502669258508831,Positive
910580644597649409,2017-09-20 19:05:18+00:00,2017-09-20,2017-09,Wednesday,19,iPhone,False,Honored to host a luncheon for African leaders this afternoon. Great discussions on the challenges &amp; opportunities facing our nations today. https://t.co/AbnBJtKCAI,43235,9416,168,22,0.002615807345137,0.021554984152317047,0.9758291840553284,0.9732133767101914,Positive
910632095088889857,2017-09-20 22:29:44+00:00,2017-09-20,2017-09,Wednesday,22,iPhone,False,"On behalf of all Americans, I want to wish Jewish families many blessings in the New Year. https://t.co/m4VWxYvONx https://t.co/iYG1G8GaLN",52143,12067,138,19,0.0019470228580757976,0.019312148913741112,0.9787408709526062,0.9767938480945304,Positive
910635327672512512,2017-09-20 22:42:35+00:00,2017-09-20,2017-09,Wednesday,22,iPhone,False,"Alabama is sooo lucky to have a candidate like ""Big"" Luther Strange. Smart, tough on crime, borders &amp; trade, loves Vets &amp; Military. Tuesday!",43945,7454,148,24,0.010848457925021648,0.041471920907497406,0.9476796388626099,0.9368311809375882,Positive
910641701064204288,2017-09-20 23:07:55+00:00,2017-09-20,2017-09,Wednesday,23,iPhone,False,I would not sign Graham-Cassidy if it did not include coverage of pre-existing conditions. It does! A great Bill. Repeal &amp; Replace.,75542,18142,135,22,0.06488674879074097,0.2221435159444809,0.7129697203636169,0.648082971572876,Positive
910665452048838661,2017-09-21 00:42:17+00:00,2017-09-21,2017-09,Thursday,0,iPhone,False,The NRA strongly endorses Luther Strange for Senator of Alabama.That means all gun owners should vote for Big Luther. He won't let you down!,54174,10219,140,24,0.006720705423504114,0.0980406105518341,0.8952386379241943,0.8885179325006902,Positive
910671525543645185,2017-09-21 01:06:25+00:00,2017-09-21,2017-09,Thursday,1,iPhone,False,"Senator (Doctor) Bill Cassidy is a class act who really cares about people and their Health(care), he doesn't lie-just wants to help people!",56984,11410,140,23,0.011028249748051167,0.05406186729669571,0.9349098801612854,0.9238816304132342,Positive
910703407555600386,2017-09-21 03:13:07+00:00,2017-09-21,2017-09,Thursday,3,iPhone,False,Governor @RicardoRossello- We are with you and the people of Puerto Rico. Stay safe! #PRStrong,58291,11858,94,15,0.012258172035217285,0.2249646931886673,0.7627771496772766,0.7505189776420593,Positive
910885156373721092,2017-09-21 15:15:19+00:00,2017-09-21,2017-09,Thursday,15,Media Studio,False,It was a pleasure to have President Ashraf Ghani of Afghanistan with us this morning! #USAatUNGA #UNGA https://t.co/HOEVfnMn14,35263,6718,126,18,0.0023474814370274544,0.023914163932204247,0.9737383723258972,0.9713908908888698,Positive
910885755320459264,2017-09-21 15:17:42+00:00,2017-09-21,2017-09,Thursday,15,iPhone,False,It was wonderful to have President Petro Poroshenko of Ukraine with us in New York City today. #UNGA 🎥https://t.co/UKOMUj0ZuL https://t.co/GpkERy8WiP,31100,6351,149,20,0.002157708164304495,0.016152551397681236,0.9816898107528687,0.9795321025885642,Positive
910898047931912192,2017-09-21 16:06:32+00:00,2017-09-21,2017-09,Thursday,16,Media Studio,False,It was a great privilege to meet with President Moon of South Korea. Stay tuned! 🇺🇸🇰🇷#UNGA https://t.co/7xYDO5ddUm,44862,9037,114,17,0.0017492953920736909,0.018520716577768326,0.9797300100326538,0.9779807146405801,Positive
910926223684931585,2017-09-21 17:58:30+00:00,2017-09-21,2017-09,Thursday,17,Media Studio,False,"Today, I announced a new Executive Order with re: to North Korea. We must all do our part to ensure the complete denuclearization of #NoKo. https://t.co/igjOSM7N7h",68542,17960,163,26,0.011822506785392761,0.5800420641899109,0.40813544392585754,0.3963129371404648,Neutral
910992971620864004,2017-09-21 22:23:44+00:00,2017-09-21,2017-09,Thursday,22,iPhone,False,Senator Luther Strange has gone up a lot in the polls since I endorsed him a month ago. Now a close runoff. He will be great in D.C.,43678,6946,132,28,0.003224515588954091,0.02962557226419449,0.9671499729156494,0.9639254573266953,Positive
910993665568526337,2017-09-21 22:26:29+00:00,2017-09-21,2017-09,Thursday,22,iPhone,False,A big day for the U.S. at the United Nations!,74560,12206,45,10,0.0020368967670947313,0.04387079179286957,0.9540923237800598,0.9520554270129651,Positive
911173124976193536,2017-09-22 10:19:36+00:00,2017-09-22,2017-09,Friday,10,iPhone,False,"Rand Paul, or whoever votes against Hcare Bill, will forever (future political campaigns) be known as ""the Republican who saved ObamaCare.""",61009,14476,139,21,0.14005602896213531,0.627922534942627,0.23202145099639893,0.09196542203426361,Neutral
911175246853664768,2017-09-22 10:28:02+00:00,2017-09-22,2017-09,Friday,10,iPhone,False,"Kim Jong Un of North Korea, who is obviously a madman who doesn't mind starving or killing his people, will be tested like never before!",130442,41831,136,25,0.8675913214683533,0.12021523714065552,0.012193355709314346,-0.8553979657590389,Negative
911175765718421504,2017-09-22 10:30:06+00:00,2017-09-22,2017-09,Friday,10,iPhone,False,Thank you! https://t.co/hlz48RLkIf,56418,10934,34,3,0.0058941589668393135,0.03516872227191925,0.9589371085166931,0.9530429495498538,Positive
911179462745710593,2017-09-22 10:44:47+00:00,2017-09-22,2017-09,Friday,10,iPhone,False,"The Russia hoax continues, now it's ads on Facebook. What about the totally biased and dishonest Media coverage in favor of Crooked Hillary?",105163,26853,140,23,0.8818207383155823,0.10915404558181763,0.009025202132761478,-0.8727955361828208,Negative
911189860769255424,2017-09-22 11:26:06+00:00,2017-09-22,2017-09,Friday,11,iPhone,False,"The greatest influence over our election was the Fake News Media ""screaming"" for Crooked Hillary Clinton. Next, she was a bad candidate!",90167,19652,136,22,0.8742102980613708,0.11156527698040009,0.01422448456287384,-0.859985813498497,Negative
911193223921635335,2017-09-22 11:39:28+00:00,2017-09-22,2017-09,Friday,11,iPhone,False,"Will be in Alabama tonight. Luther Strange has gained mightily since my endorsement, but will be very close. He loves Alabama, and so do I!",45937,7407,139,25,0.004189681261777878,0.0523453913629055,0.9434649348258972,0.9392752535641193,Positive
911265133279809536,2017-09-22 16:25:12+00:00,2017-09-22,2017-09,Friday,16,iPhone,False,#USAatUNGA🇺🇸#UNGA https://t.co/miT2Lj7Q90,40194,9198,41,2,0.012080362066626549,0.7893723845481873,0.19854724407196045,0.1864668820053339,Neutral
911287725847908352,2017-09-22 17:54:59+00:00,2017-09-22,2017-09,Friday,17,iPhone,False,Thank you to Doug Parker and American Airlines for all of the help you have given to the U.S. with Hurricane flights. Fantastic job!,78605,13534,132,24,0.003482269123196602,0.01632017269730568,0.980197548866272,0.9767152797430754,Positive
911338971250216960,2017-09-22 21:18:37+00:00,2017-09-22,2017-09,Friday,21,iPhone,False,"Heading to Alabama now, big crowd!",60818,8188,34,6,0.003417947329580784,0.14884424209594727,0.8477377891540527,0.844319841824472,Positive
911541328013676544,2017-09-23 10:42:42+00:00,2017-09-23,2017-09,Saturday,10,iPhone,False,"John McCain never had any intention of voting for this Bill, which his Governor loves. He campaigned on Repeal &amp; Replace. Let Arizona down!",86966,22206,143,24,0.8397104740142822,0.14756248891353607,0.012726993300020695,-0.8269834807142615,Negative
911543222731706368,2017-09-23 10:50:14+00:00,2017-09-23,2017-09,Saturday,10,iPhone,False,"Arizona had a 116% increase in ObamaCare premiums last year, with deductibles very high. Chuck Schumer sold John McCain a bill of goods. Sad",66300,16391,140,24,0.9227370619773865,0.07146468013525009,0.005798278842121363,-0.9169387831352651,Negative
911545480651378689,2017-09-23 10:59:12+00:00,2017-09-23,2017-09,Saturday,10,iPhone,False,Large Block Grants to States is a good thing to do. Better control &amp; management. Great for Arizona. McCain let his best friend L.G. down!,54685,10820,141,25,0.07380460202693939,0.26869499683380127,0.6575004458427429,0.5836958438158035,Positive
911546774267006976,2017-09-23 11:04:21+00:00,2017-09-23,2017-09,Saturday,11,iPhone,False,I know Rand Paul and I think he may find a way to get there for the good of the Party!,58235,10486,86,21,0.010183440521359444,0.19478850066661835,0.795028030872345,0.7848445903509855,Positive
911549099752804357,2017-09-23 11:13:35+00:00,2017-09-23,2017-09,Saturday,11,iPhone,False,"Alaska had a 200% plus increase in premiums under ObamaCare, worst in the country. Deductibles high, people angry! Lisa M comes through.",64703,15000,136,22,0.9340047836303711,0.05862371623516083,0.007371532265096903,-0.9266332513652742,Negative
911549980946714624,2017-09-23 11:17:05+00:00,2017-09-23,2017-09,Saturday,11,iPhone,False,"It was great being with Luther Strange last night in Alabama. What great people, what a crowd! Vote Luther on Tuesday.",45124,7047,118,21,0.0035316708963364363,0.01656220108270645,0.9799061417579651,0.9763744708616287,Positive
911572182060453893,2017-09-23 12:45:19+00:00,2017-09-23,2017-09,Saturday,12,iPhone,False,"Going to the White House is considered a great honor for a championship team.Stephen Curry is hesitating,therefore invitation is withdrawn!",214319,64839,139,20,0.10317355394363403,0.4207487106323242,0.47607773542404175,0.3729041814804077,Positive
911654184918880260,2017-09-23 18:11:10+00:00,2017-09-23,2017-09,Saturday,18,iPhone,False,"If a player wants the privilege of making millions of dollars in the NFL,or other leagues, he or she should not be allowed to disrespect....",184086,47642,140,25,0.3630581796169281,0.565426766872406,0.07151510566473007,-0.29154307395219803,Neutral
911655987857281024,2017-09-23 18:18:19+00:00,2017-09-23,2017-09,Saturday,18,iPhone,False,"...our Great American Flag (or Country) and should stand for the National Anthem. If not, YOU'RE FIRED. Find something else to do!",161691,42328,130,22,0.5421758890151978,0.35059699416160583,0.10722709447145462,-0.43494879454374313,Negative
911700914997792769,2017-09-23 21:16:51+00:00,2017-09-23,2017-09,Saturday,21,iPhone,False,Very proud of our incredible First Lady (@FLOTUS.) She is a truly great representative for our country! https://t.co/yFv0WIjgby,102882,18622,127,18,0.003601843025535345,0.009069067426025867,0.9873291254043579,0.9837272823788226,Positive
911711539815702529,2017-09-23 21:59:04+00:00,2017-09-23,2017-09,Saturday,21,iPhone,False,Iran just test-fired a Ballistic Missile capable of reaching Israel.They are also working with North Korea.Not much of an agreement we have!,98305,29011,140,22,0.7423977851867676,0.24366611242294312,0.013936122879385948,-0.7284616623073816,Negative
911717004222091264,2017-09-23 22:20:47+00:00,2017-09-23,2017-09,Saturday,22,iPhone,False,"Democrats are laughingly saying that McCain had a ""moment of courage."" Tell that to the people of Arizona who were deceived. 116% increase!",105470,26945,139,23,0.8973338603973389,0.09215692430734634,0.0105091892182827,-0.8868246711790562,Negative
911718138747727872,2017-09-23 22:25:17+00:00,2017-09-23,2017-09,Saturday,22,iPhone,False,Roger Goodell of NFL just put out a statement trying to justify the total disrespect certain players show to our country.Tell them to stand!,156381,40988,140,24,0.9126455187797546,0.08141068369150162,0.005943785421550274,-0.9067017333582044,Negative
911789314169823232,2017-09-24 03:08:07+00:00,2017-09-24,2017-09,Sunday,3,iPhone,False,"Just heard Foreign Minister of North Korea speak at U.N. If he echoes thoughts of Little Rocket Man, they won't be around much longer!",135288,37580,134,24,0.5846197009086609,0.38014328479766846,0.03523702546954155,-0.5493826754391193,Negative
911904261553950720,2017-09-24 10:44:52+00:00,2017-09-24,2017-09,Sunday,10,iPhone,False,"If NFL fans refuse to go to games until players stop disrespecting our Flag &amp; Country, you will see change take place fast. Fire or suspend!",179990,45225,144,26,0.9034703969955444,0.0886199101805687,0.00790960993617773,-0.8955607870593667,Negative
911911385176723457,2017-09-24 11:13:11+00:00,2017-09-24,2017-09,Sunday,11,iPhone,False,"...NFL attendance and ratings are WAY DOWN. Boring games yes, but many stay away because they love our country. League should back U.S.",157524,33746,135,23,0.7949767112731934,0.17653866112232208,0.028484566137194633,-0.7664921451359987,Negative
912018945158402049,2017-09-24 18:20:35+00:00,2017-09-24,2017-09,Sunday,18,iPhone,False,"Great solidarity for our National Anthem and for our Country. Standing with locked arms is good, kneeling is not acceptable. Bad ratings!",135710,27692,137,22,0.11183445155620575,0.23927053809165955,0.6488949656486511,0.5370605140924454,Positive
912019957243883520,2017-09-24 18:24:36+00:00,2017-09-24,2017-09,Sunday,18,iPhone,False,Please to inform that the Champion Pittsburgh Penguins of the NHL will be joining me at the White House for Ceremony. Great team!,162345,33790,129,23,0.0020164363086223602,0.019912192597985268,0.9780713319778442,0.9760548956692219,Positive
912037003923005440,2017-09-24 19:32:21+00:00,2017-09-24,2017-09,Sunday,19,iPhone,False,Courageous Patriots have fought and died for our great American Flag --- we MUST honor and respect it! MAKE AMERICA GREAT AGAIN!,199204,52950,128,22,0.008035056293010712,0.044242262840270996,0.9477226734161377,0.939687617123127,Positive
912079629648883712,2017-09-24 22:21:43+00:00,2017-09-24,2017-09,Sunday,22,iPhone,False,"Alaska, Arizona, Maine and Kentucky are big winners in the Healthcare proposal. 7 years of Repeal &amp; Replace and some Senators not there.",63341,12571,140,23,0.03368307650089264,0.2551019489765167,0.7112150192260742,0.6775319427251816,Positive
912080538755846144,2017-09-24 22:25:20+00:00,2017-09-24,2017-09,Sunday,22,iPhone,False,Sports fans should never condone players that do not stand proud for their National Anthem or their Country. NFL should change policy!,174275,40390,134,22,0.8389159440994263,0.1489185392856598,0.012165473774075508,-0.8267504703253508,Negative
912101775221706752,2017-09-24 23:49:43+00:00,2017-09-24,2017-09,Sunday,23,iPhone,False,Making America Safe is my number one priority. We will not admit those into our country we cannot safely vet. https://t.co/KJ886okyfC,99043,23365,133,21,0.4681262969970703,0.42511311173439026,0.10676052421331406,-0.36136577278375626,Negative
912276850793213952,2017-09-25 11:25:25+00:00,2017-09-25,2017-09,Monday,11,iPhone,False,So proud of NASCAR and its supporters and fans. They won't put up with disrespecting our Country or our Flag - they said it loud and clear!,173313,36250,139,27,0.024574046954512596,0.058048855513334274,0.9173771142959595,0.8928030673414469,Positive
912278438127525888,2017-09-25 11:31:43+00:00,2017-09-25,2017-09,Monday,11,iPhone,False,Many people booed the players who kneeled yesterday (which was a small percentage of total). These are fans who demand respect for our Flag!,137858,24597,140,24,0.7593610286712646,0.21507461369037628,0.025564424693584442,-0.7337966039776802,Negative
912280282224525312,2017-09-25 11:39:03+00:00,2017-09-25,2017-09,Monday,11,iPhone,False,"The issue of kneeling has nothing to do with race. It is about respect for our Country, Flag and National Anthem. NFL must respect this!",206672,56083,136,25,0.13189423084259033,0.5289401412010193,0.33916565775871277,0.20727142691612244,Neutral
912281550712135680,2017-09-25 11:44:05+00:00,2017-09-25,2017-09,Monday,11,iPhone,False,The White House never looked more beautiful than it did returning last night. Important meetings taking place today. Big tax cuts &amp; reform.,84347,14142,143,23,0.003654810134321451,0.019341228529810905,0.9770039916038513,0.9733491814695299,Positive
912301271817838593,2017-09-25 13:02:27+00:00,2017-09-25,2017-09,Monday,13,iPhone,False,#StandForOurAnthem,207402,74410,18,1,0.023378340527415276,0.4725005626678467,0.5041210651397705,0.48074272461235523,Positive
912443217227976704,2017-09-25 22:26:30+00:00,2017-09-25,2017-09,Monday,22,iPhone,False,".@CNN is #FakeNews. Just reported COS (John Kelly) was opposed to my stance on NFL players disrespecting FLAG, ANTHEM, COUNTRY. Total lie!",65726,17397,138,22,0.9116429090499878,0.08227995783090591,0.006077189929783344,-0.9055657191202044,Negative
912443607084404736,2017-09-25 22:28:02+00:00,2017-09-25,2017-09,Monday,22,iPhone,False,General John Kelly totally agrees w/ my stance on NFL players and the fact that they should not be disrespecting our FLAG or GREAT COUNTRY!,107087,22128,139,25,0.19416123628616333,0.5624249577522278,0.2434138059616089,0.04925256967544556,Neutral
912443924979077120,2017-09-25 22:29:18+00:00,2017-09-25,2017-09,Monday,22,iPhone,False,Tremendous backlash against the NFL and its players for disrespect of our Country. #StandForOurAnthem🇺🇸,112130,27035,103,14,0.7225005626678467,0.22261455655097961,0.0548848919570446,-0.6676156707108021,Negative
912478274508423168,2017-09-26 00:45:48+00:00,2017-09-26,2017-09,Tuesday,0,iPhone,False,"Texas &amp; Florida are doing great but Puerto Rico, which was already suffering from broken infrastructure &amp; massive debt, is in deep trouble..",58093,13539,148,23,0.7620901465415955,0.20051123201847076,0.037398673593997955,-0.7246914729475975,Negative
912479500511965184,2017-09-26 00:50:40+00:00,2017-09-26,2017-09,Tuesday,0,iPhone,False,"...It's old electrical grid, which was in terrible shape, was devastated. Much of the Island was destroyed, with billions of dollars....",43305,9115,136,21,0.9345090985298157,0.06004301831126213,0.005447897594422102,-0.9290612009353936,Negative
912481556127780865,2017-09-26 00:58:50+00:00,2017-09-26,2017-09,Tuesday,0,iPhone,False,"...owed to Wall Street and the banks which, sadly, must be dealt with. Food, water and medical are top priorities - and doing well. #FEMA",40493,8343,137,25,0.32097044587135315,0.5355836153030396,0.1434459686279297,-0.17752447724342346,Neutral
912487929783754755,2017-09-26 01:24:10+00:00,2017-09-26,2017-09,Tuesday,1,Media Studio,False,A few of the many clips of John McCain talking about Repealing &amp; Replacing O'Care. My oh my has he changed-complete turn from years of talk! https://t.co/t9cXG2Io86,78278,29849,168,27,0.01962321624159813,0.3454999327659607,0.6348769068717957,0.6152536906301975,Positive
912494675206053888,2017-09-26 01:50:58+00:00,2017-09-26,2017-09,Tuesday,1,iPhone,False,"Big election tomorrow in the Great State of Alabama. Vote for Senator Luther Strange, tough on crime &amp; border - will never let you down!",42817,7432,140,25,0.006947196088731289,0.07909996062517166,0.9139528274536133,0.907005631364882,Positive
912624892239077376,2017-09-26 10:28:24+00:00,2017-09-26,2017-09,Tuesday,10,iPhone,False,"Ratings for NFL football are way down except before game starts, when people tune in to see whether or not our country will be disrespected!",90392,18510,140,25,0.876238226890564,0.11433074623346329,0.009430951438844204,-0.8668072754517198,Negative
912626731357540353,2017-09-26 10:35:43+00:00,2017-09-26,2017-09,Tuesday,10,iPhone,False,"The booing at the NFL football game last night, when the entire Dallas team dropped to its knees, was loudest I have ever heard. Great anger",113676,22527,140,26,0.8270097374916077,0.13298587501049042,0.04000434651970863,-0.787005390971899,Negative
912628271426269185,2017-09-26 10:41:50+00:00,2017-09-26,2017-09,Tuesday,10,iPhone,False,"...But while Dallas dropped to it knees as a team, they ALL stood up for our National Anthem. Big progress being made - we love our country!",1969,478,140,27,0.00600325595587492,0.027097543701529503,0.9668992161750793,0.9608959602192044,Positive
912629775629418501,2017-09-26 10:47:49+00:00,2017-09-26,2017-09,Tuesday,10,iPhone,False,"But while Dallas dropped to its knees as a team, they all stood up for our National Anthem. Big progress being made-we all love our country!",85702,15275,140,26,0.008794878609478474,0.036015547811985016,0.9551896452903748,0.9463947666808963,Positive
912631781098221568,2017-09-26 10:55:47+00:00,2017-09-26,2017-09,Tuesday,10,iPhone,False,"Luther Strange has been shooting up in the Alabama polls since my endorsement. Finish the job - vote today for ""Big Luther.""",29142,4884,124,22,0.0326821431517601,0.4699992835521698,0.4973185360431671,0.464636392891407,Positive
912636538156146688,2017-09-26 11:14:41+00:00,2017-09-26,2017-09,Tuesday,11,iPhone,False,Great interview on @foxandfriends with the parents of Otto Warmbier: 1994 - 2017. Otto was tortured beyond belief by North Korea.,50076,12494,129,21,0.14362557232379913,0.41339924931526184,0.44297516345977783,0.2993495911359787,Positive
912651215997202432,2017-09-26 12:13:00+00:00,2017-09-26,2017-09,Tuesday,12,iPhone,False,"Thank you to Carmen Yulin Cruz, the Mayor of San Juan, for your kind words on FEMA etc.We are working hard. Much food and water there/on way",67522,14099,140,27,0.006460638251155615,0.05915550887584686,0.9343838691711426,0.927923230919987,Positive
912664574461120512,2017-09-26 13:06:05+00:00,2017-09-26,2017-09,Tuesday,13,iPhone,False,The NFL has all sorts of rules and regulations. The only way out for them is to set a rule that you can't kneel during our National Anthem!,89132,19704,139,28,0.7855310440063477,0.19806824624538422,0.0164007730782032,-0.7691302709281445,Negative
912670906828443648,2017-09-26 13:31:15+00:00,2017-09-26,2017-09,Tuesday,13,iPhone,False,"ALABAMA, get out and vote for Luther Strange - he has proven to me that he will never let you down! #MAGA",27784,4968,105,22,0.006618737708777189,0.05817944183945656,0.9352018237113953,0.9285830860026181,Positive
912711807709667331,2017-09-26 16:13:46+00:00,2017-09-26,2017-09,Tuesday,16,iPhone,False,Honored to welcome Republican and Democrat members of the House Ways and Means Committee to the White House today! #USA🇺🇸 https://t.co/nWnX9CDP0d,37898,6989,145,21,0.0015569920651614666,0.023570936173200607,0.9748719930648804,0.9733150009997189,Positive
912779672257261569,2017-09-26 20:43:27+00:00,2017-09-26,2017-09,Tuesday,20,iPhone,False,Heading over to the @UN to meet with Ambassador @NikkiHaley and all of her great representatives! #USA🇺🇸,43553,6984,104,17,0.00222312961705029,0.07967030256986618,0.9181064963340759,0.9158833667170256,Positive
912792478096302080,2017-09-26 21:34:20+00:00,2017-09-26,2017-09,Tuesday,21,Media Studio,False,America's hearts &amp; prayers are with the people of #PuertoRico &amp; the #USVI. We will get through this - and we will get through this TOGETHER! https://t.co/NcmsF4Fqpr,46722,10629,172,27,0.021311316639184952,0.17233531177043915,0.8063533902168274,0.7850420735776424,Positive
912807096885723137,2017-09-26 22:32:25+00:00,2017-09-26,2017-09,Tuesday,22,Media Studio,False,I want to express our support and extend our prayers to all those affected by the vile terror attack in Spain last month. 🇺🇸🇪🇸 https://t.co/5mT0QXFlnL,46986,8658,150,25,0.2440154254436493,0.4671321213245392,0.2888524532318115,0.04483702778816223,Neutral
912809860965613568,2017-09-26 22:43:24+00:00,2017-09-26,2017-09,Tuesday,22,Media Studio,False,It was an honor to welcome President @MarianoraJoy of Spain. Thank you for standing w/ us in our efforts to isolate the brutal #NoKo regime. https://t.co/43U4T34JgF,39563,8536,164,26,0.004567083436995745,0.02738826349377632,0.968044638633728,0.9634775551967323,Positive
912825663694016522,2017-09-26 23:46:12+00:00,2017-09-26,2017-09,Tuesday,23,iPhone,False,Thank you to our wonderful team @USUN and their families. Keep up the GREAT work! #USA🇺🇸 https://t.co/s7KhlSMEqY,34145,6359,112,17,0.0027423060964792967,0.00841281097382307,0.9888448119163513,0.986102505819872,Positive
912836917296877569,2017-09-27 00:30:55+00:00,2017-09-27,2017-09,Wednesday,0,iPhone,False,"70 years ago today, the National Security Council met for the first time. Great history of advising Presidents-then &amp; now! Thanks NSC Staff!",54780,8725,144,23,0.0026030344888567924,0.030006874352693558,0.9673900604248047,0.9647870259359479,Positive
912848241535971331,2017-09-27 01:15:55+00:00,2017-09-27,2017-09,Wednesday,1,iPhone,False,"Even Usain Bolt from Jamaica, one of the greatest runners and athletes of all time, showed RESPECT for our National Anthem! 🇺🇸🇯🇲 https://t.co/zkenuAP9RS",146298,43791,152,23,0.003748703747987747,0.04408039525151253,0.9521708488464355,0.9484221450984478,Positive
912860336100904960,2017-09-27 02:03:58+00:00,2017-09-27,2017-09,Wednesday,2,iPhone,False,"Congratulations to Roy Moore on his Republican Primary win in Alabama. Luther Strange started way back &amp; ran a good race. Roy, WIN in Nov!",12517,3296,142,25,0.003370335092768073,0.02301144041121006,0.97361820936203,0.970247874269262,Positive
912863676792786946,2017-09-27 02:17:15+00:00,2017-09-27,2017-09,Wednesday,2,iPhone,False,"Congratulations to Roy Moore on his Republican Primary win in Alabama. Luther Strange started way back &amp; ran a good race. Roy, WIN in Dec!",88267,17659,142,25,0.003215391654521227,0.023202352225780487,0.9735822677612305,0.9703668761067092,Positive
912994446219898880,2017-09-27 10:56:53+00:00,2017-09-27,2017-09,Wednesday,10,iPhone,False,Spoke to Roy Moore of Alabama last night for the first time. Sounds like a really great guy who ran a fantastic race. He will help to #MAGA!,62258,13116,140,28,0.0031928245443850756,0.01824934035539627,0.9785578846931458,0.9753650601487607,Positive
912997506900021248,2017-09-27 11:09:02+00:00,2017-09-27,2017-09,Wednesday,11,iPhone,False,Spoke to Jerry Jones of the Dallas Cowboys yesterday. Jerry is a winner who knows how to get things done. Players will stand for Country!,92200,17292,137,25,0.005558561999350786,0.09793921560049057,0.8965021967887878,0.8909436347894371,Positive
913003340451188737,2017-09-27 11:32:13+00:00,2017-09-27,2017-09,Wednesday,11,iPhone,False,"With one Yes vote in hospital &amp; very positive signs from Alaska and two others (McCain is out), we have the HCare Vote, but not for Friday!",54410,10093,143,27,0.008649565279483795,0.4787006974220276,0.5126497149467468,0.504000149667263,Positive
913004378486984704,2017-09-27 11:36:21+00:00,2017-09-27,2017-09,Wednesday,11,iPhone,False,"We will have the votes for Healthcare but not for the reconciliation deadline of Friday, after which we need 60. Get rid of Filibuster Rule!",64338,13283,140,25,0.41856032609939575,0.5447918176651001,0.03664781525731087,-0.3819125108420849,Neutral
913034591879024640,2017-09-27 13:36:24+00:00,2017-09-27,2017-09,Wednesday,13,iPhone,False,"Facebook was always anti-Trump.The Networks were always anti-Trump hence,Fake News, @nytimes(apologized) &amp; @WaPo were anti-Trump. Collusion?",66773,16482,144,16,0.6853093504905701,0.29582932591438293,0.01886131800711155,-0.6664480324834585,Negative
913035855509491712,2017-09-27 13:41:25+00:00,2017-09-27,2017-09,Wednesday,13,iPhone,False,..But the people were Pro-Trump! Virtually no President has accomplished what we have accomplished in the first 9 months-and economy roaring,96049,18837,140,21,0.2619669437408447,0.38529205322265625,0.352741003036499,0.0907740592956543,Neutral
913117797231857664,2017-09-27 19:07:02+00:00,2017-09-27,2017-09,Wednesday,19,iPhone,False,"Just arrived in Indianapolis, Indiana to make an announcement on #TaxReform! Together, we are going to MAKE AMERICA GREAT AGAIN! https://t.co/Dy9UwhkWHL",58803,10865,152,21,0.001811290392652154,0.028066568076610565,0.9701220989227295,0.9683108085300773,Positive
913187235452690432,2017-09-27 23:42:57+00:00,2017-09-27,2017-09,Wednesday,23,Media Studio,False,"This is the right TAX CUT @ the RIGHT TIME. We will ALL succeed &amp; grow TOGETHER – as one team, one people, &amp; one American family. #TaxReform https://t.co/rtLWANJjIQ",61451,14927,172,29,0.005188979208469391,0.05409105867147446,0.9407199621200562,0.9355309829115868,Positive
913220484640182272,2017-09-28 01:55:05+00:00,2017-09-28,2017-09,Thursday,1,iPhone,False,"It is time to take care of OUR people, to rebuild OUR NATION, and to fight for OUR GREAT AMERICAN WORKERS! #TaxReform #USA🇺🇸 https://t.co/LsZvHg3got",75786,17748,148,24,0.010561623610556126,0.12692540884017944,0.8625129461288452,0.8519513225182891,Positive
913371663789625344,2017-09-28 11:55:48+00:00,2017-09-28,2017-09,Thursday,11,iPhone,False,Democrats don't want massive tax cuts - how does that win elections? Great reviews for Tax Cut and Reform Bill.,78830,17703,111,20,0.6383830308914185,0.29886579513549805,0.0627511516213417,-0.5756318792700768,Negative
913403237033742336,2017-09-28 14:01:16+00:00,2017-09-28,2017-09,Thursday,14,iPhone,False,The electric power grid in Puerto Rico is totally shot. Large numbers of generators are now on Island. Food and water on site.,86272,17959,126,23,0.8746381998062134,0.11568047106266022,0.009681343100965023,-0.8649568567052484,Negative
913488283321159680,2017-09-28 19:39:13+00:00,2017-09-28,2017-09,Thursday,19,Media Studio,False,Welcome back @SteveScalise! #TeamScalise https://t.co/CoRed8rfL2,66143,14362,64,5,0.0016605749260634184,0.03530748188495636,0.9630319476127625,0.961371372686699,Positive
913549374227181568,2017-09-28 23:41:58+00:00,2017-09-28,2017-09,Thursday,23,iPhone,False,FEMA &amp; First Responders are doing a GREAT job in Puerto Rico. Massive food &amp; water delivered. Docks &amp; electric grid dead. Locals trying....,54607,11022,151,24,0.021787341684103012,0.08703207969665527,0.8911805748939514,0.8693932332098484,Positive
913550237377138688,2017-09-28 23:45:24+00:00,2017-09-28,2017-09,Thursday,23,iPhone,False,...really hard to help but many have lost their homes. Military is now on site and I will be there Tuesday. Wish press would treat fairly!,73750,14258,138,26,0.9055579304695129,0.08662509173154831,0.007816901430487633,-0.8977410290390253,Negative
913554705816711168,2017-09-29 00:03:09+00:00,2017-09-29,2017-09,Friday,0,iPhone,False,"Puerto Rico is devastated. Phone system, electric grid many roads, gone. FEMA and First Responders are amazing. Governor said ""great job!""",65044,13560,138,21,0.612949013710022,0.18925851583480835,0.19779251515865326,-0.4151564985513687,Negative
913589799411490817,2017-09-29 02:22:36+00:00,2017-09-29,2017-09,Friday,2,iPhone,False,GDP was revised upward to 3.1 for last quarter. Many people thought it would be years before that happened. We have just begun!,91189,22102,127,23,0.0987391248345375,0.6162133812904358,0.2850474715232849,0.1863083466887474,Neutral
913723771336392704,2017-09-29 11:14:57+00:00,2017-09-29,2017-09,Friday,11,iPhone,False,"Puerto Rico Governor Ricardo Rossello just stated: ""The Administration and the President, every time we've spoken, they've delivered......",67066,15806,138,18,0.014959510415792465,0.6734589338302612,0.31158149242401123,0.29662198200821877,Neutral
913724766208610304,2017-09-29 11:18:55+00:00,2017-09-29,2017-09,Friday,11,iPhone,False,...The fact is that Puerto Rico has been destroyed by two hurricanes. Big decisions will have to be made as to the cost of its rebuilding!,57452,11335,138,26,0.8705549240112305,0.12037252634763718,0.009072501212358475,-0.861482422798872,Negative
913757869627133953,2017-09-29 13:30:27+00:00,2017-09-29,2017-09,Friday,13,iPhone,False,"Thank you to FEMA, our great Military &amp; all First Responders who are working so hard,against terrible odds,in Puerto Rico. See you Tuesday!",72303,14113,143,23,0.010294243693351746,0.03877721354365349,0.9509285688400269,0.9406343251466751,Positive
913760243770896389,2017-09-29 13:39:53+00:00,2017-09-29,2017-09,Friday,13,iPhone,False,RECORD HIGH FOR S &amp; P 500!,59517,11340,30,7,0.00662598293274641,0.41833898425102234,0.575035035610199,0.5684090526774526,Positive
913821956625059840,2017-09-29 17:45:07+00:00,2017-09-29,2017-09,Friday,17,Media Studio,False,This week we came one step closer to reaching the goal of aligning the skills taught in our nation’s classrooms with the jobs of the future. https://t.co/9s1ggeIJJ5,50093,10362,164,27,0.0032373617868870497,0.10819760710000992,0.8885650038719177,0.8853276420850307,Positive
913856413541138432,2017-09-29 20:02:02+00:00,2017-09-29,2017-09,Friday,20,iPhone,False,Thank you @ShopFloorNAM. An honor to be with you today. Great news! Manufacturers report record-high economic optimism in 2017. #TaxReform https://t.co/4sgMWGotOF,31256,6469,162,21,0.003058635164052248,0.008450363762676716,0.9884909391403198,0.9854323039762676,Positive
913888647631577088,2017-09-29 22:10:07+00:00,2017-09-29,2017-09,Friday,22,iPhone,False,"My thoughts are with all those observing Yom Kippur, the holiest day of the Jewish year. https://t.co/0LuZCZl29D",53021,12029,112,17,0.006137555465102196,0.20080603659152985,0.7930564284324646,0.7869188729673624,Positive
913892019847778305,2017-09-29 22:23:31+00:00,2017-09-29,2017-09,Friday,22,Media Studio,False,Join me for my #WeeklyAddress🇺🇸 https://t.co/QeeKnFuHue https://t.co/NnM2jOkEs0,28982,6411,79,7,0.0031796523835510015,0.5871966481208801,0.40962374210357666,0.40644408972002566,Neutral
913902084461916161,2017-09-29 23:03:31+00:00,2017-09-29,2017-09,Friday,23,iPhone,True,"@IMPDnews @POTUS THANK YOU to the amazing Indianapolis Metropolitan Police Department and all law enforcement officers, for all you do 24/7/365! #LESM https://t.co/XFqxbMBEbP",4459,1524,174,23,0.003558877157047391,0.011832693591713905,0.9846084713935852,0.9810495942365378,Positive
914087234869047296,2017-09-30 11:19:14+00:00,2017-09-30,2017-09,Saturday,11,iPhone,False,"The Mayor of San Juan, who was very complimentary only a few days ago, has now been told by the Democrats that you must be nasty to Trump.",69941,21828,138,28,0.5638507008552551,0.4060240089893341,0.030125316232442856,-0.5337253846228123,Negative
914089003745468417,2017-09-30 11:26:16+00:00,2017-09-30,2017-09,Saturday,11,iPhone,False,"...Such poor leadership ability by the Mayor of San Juan, and others in Puerto Rico, who are not able to get their workers to help. They....",56243,15502,140,26,0.9246055483818054,0.07028621435165405,0.005108221899718046,-0.9194973264820874,Negative
914089888596754434,2017-09-30 11:29:47+00:00,2017-09-30,2017-09,Saturday,11,iPhone,False,"...want everything to be done for them when it should be a community effort. 10,000 Federal workers now on Island doing a fantastic job.",68824,15627,136,24,0.019071044400334358,0.11520175635814667,0.8657271862030029,0.8466561418026686,Positive
914090947180470272,2017-09-30 11:33:59+00:00,2017-09-30,2017-09,Saturday,11,iPhone,False,"The military and first responders, despite no electric, roads, phones etc., have done an amazing job. Puerto Rico was totally destroyed.",62065,13685,136,21,0.2010318785905838,0.21044990420341492,0.5885182023048401,0.3874863237142563,Positive
914094625488502784,2017-09-30 11:48:36+00:00,2017-09-30,2017-09,Saturday,11,iPhone,False,"Fake News CNN and NBC are going out of their way to disparage our great First Responders as a way to ""get Trump."" Not fair to FR or effort!",80326,20901,139,29,0.9182745814323425,0.07377082854509354,0.00795466173440218,-0.9103199196979403,Negative
914096428879933440,2017-09-30 11:55:46+00:00,2017-09-30,2017-09,Saturday,11,iPhone,False,I will be going to Puerto Rico on Tuesday with Melania. Will hopefully be able to stop at the U.S. Virgin Islands (people working hard).,68989,13824,136,25,0.005823642481118441,0.30523681640625,0.6889395713806152,0.6831159288994968,Positive
914099295963553792,2017-09-30 12:07:09+00:00,2017-09-30,2017-09,Saturday,12,iPhone,False,The Fake News Networks are working overtime in Puerto Rico doing their best to take the spirit away from our soldiers and first R's. Shame!,91112,24633,139,25,0.9081665277481079,0.08462262153625488,0.007210882846266031,-0.9009556449018419,Negative
914189344533024768,2017-09-30 18:04:59+00:00,2017-09-30,2017-09,Saturday,18,iPhone,False,"Despite the Fake News Media in conjunction with the Dems, an amazing job is being done in Puerto Rico. Great people!",76847,16910,116,21,0.031520891934633255,0.08275079727172852,0.8857282996177673,0.8542074076831341,Positive
914208123564494850,2017-09-30 19:19:36+00:00,2017-09-30,2017-09,Saturday,19,iPhone,False,"The Governor of Puerto Rico, Ricardo Rossello, is a great guy and leader who is really working hard. Thank you Ricky!",66359,14056,117,21,0.004525659140199423,0.017782652750611305,0.977691650390625,0.9731659912504256,Positive
914210813237489666,2017-09-30 19:30:17+00:00,2017-09-30,2017-09,Saturday,19,iPhone,False,Just spoke to Governor Kenneth Mapp of the U.S. Virgin Islands who stated that #FEMA and Military are doing a GREAT job! Thank you Governor!,60555,13429,140,25,0.0030498711857944727,0.019083736464381218,0.9778663516044617,0.9748164804186672,Positive
914214237584674816,2017-09-30 19:43:54+00:00,2017-09-30,2017-09,Saturday,19,iPhone,False,Congresswoman Jennifer Gonzalez-Colon of Puerto Rico has been wonderful to deal with and a great representative of the people. Thank you!,62251,12916,137,21,0.0044127702713012695,0.015779243782162666,0.9798079133033752,0.975395143032074,Positive
914216744385904640,2017-09-30 19:53:51+00:00,2017-09-30,2017-09,Saturday,19,iPhone,False,To the people of Puerto Rico: Do not believe the #FakeNews! #PRStrong🇵🇷,63449,16067,71,12,0.175760880112648,0.5811659693717957,0.2430732101202011,0.0673123300075531,Neutral
914217117695795201,2017-09-30 19:55:20+00:00,2017-09-30,2017-09,Saturday,19,iPhone,False,"My Administration, Governor @RicardoRossello, and many others are working together to help the people of Puerto Rico in every way...",46164,9861,132,20,0.004670652560889721,0.10629679262638092,0.8890325427055359,0.8843618901446462,Positive
914217477495717889,2017-09-30 19:56:46+00:00,2017-09-30,2017-09,Saturday,19,iPhone,True,"@ricardorossello ......#FakeNews critics are working overtime, but we're getting great marks from the people that truly matter! #PRStrong🇵🇷",35928,7855,139,18,0.04782940447330475,0.19723129272460938,0.7549393177032471,0.7071099132299423,Positive
914217658517737472,2017-09-30 19:57:29+00:00,2017-09-30,2017-09,Saturday,19,iPhone,False,We must all be united in offering assistance to everyone suffering in Puerto Rico and elsewhere in the wake of this terrible disaster.,67512,13930,134,23,0.27659526467323303,0.5670830011367798,0.1563216745853424,-0.12027359008789062,Neutral
914227642131509248,2017-09-30 20:37:10+00:00,2017-09-30,2017-09,Saturday,20,iPhone,False,Results of recovery efforts will speak much louder than complaints by San Juan Mayor. Doing everything we can to help great people of PR!,77057,17587,137,24,0.006977646611630917,0.05702672898769379,0.9359956383705139,0.929017991758883,Positive
914252271982178306,2017-09-30 22:15:02+00:00,2017-09-30,2017-09,Saturday,22,iPhone,False,I will be in PR on Tues. to further ensure we continue doing everything possible to assist &amp; support the people in their time of great need.,66915,13067,144,27,0.006089979782700539,0.2397942841053009,0.7541157007217407,0.7480257209390402,Positive
914255264282480640,2017-09-30 22:26:55+00:00,2017-09-30,2017-09,Saturday,22,iPhone,False,"Very important that NFL players STAND tomorrow, and always, for the playing of our National Anthem. Respect our Flag and our Country!",124557,27313,133,22,0.012636218219995499,0.17724087834358215,0.8101229071617126,0.7974866889417171,Positive
914260261304860672,2017-09-30 22:46:47+00:00,2017-09-30,2017-09,Saturday,22,Media Studio,False,"Because of #FakeNews my people are not getting the credit they deserve for doing a great job. As seen here, they are ALL doing a GREAT JOB! https://t.co/1ltW2t3rwy",93394,32181,163,28,0.3357406258583069,0.24040178954601288,0.42385759949684143,0.08811697363853455,Positive
914267744345972737,2017-09-30 23:16:31+00:00,2017-09-30,2017-09,Saturday,23,iPhone,False,"In analyzing the Alabama Primary race, Fake News always fails to mention that the candidate I endorsed went up MANY points after Election!",1416,294,138,23,0.7040970325469971,0.2582865059375763,0.03761644661426544,-0.6664805859327316,Negative
914269704440737792,2017-09-30 23:24:18+00:00,2017-09-30,2017-09,Saturday,23,iPhone,False,"In analyzing the Alabama Primary race,FAKE NEWS always fails to mention that the candidate I endorsed went up MANY points after endorsement!",47140,7441,140,22,0.7507110834121704,0.21364626288414001,0.03564257174730301,-0.7150685116648674,Negative
914310901855129601,2017-10-01 02:08:00+00:00,2017-10-01,2017-10,Sunday,2,iPhone,False,"19,000 RESPECTING our National Anthem! #StandForOurAnthem🇺🇸 https://t.co/czutyGaMQV",116343,31731,83,7,0.004919304046779871,0.07800834625959396,0.9170722961425781,0.9121529920957983,Positive
914465475777695744,2017-10-01 12:22:14+00:00,2017-10-01,2017-10,Sunday,12,iPhone,False,"We have done a great job with the almost impossible situation in Puerto Rico. Outside of the Fake News or politically motivated ingrates,...",81847,18284,140,23,0.1261623501777649,0.3108970820903778,0.5629405379295349,0.43677818775177,Positive
914466534365569025,2017-10-01 12:26:26+00:00,2017-10-01,2017-10,Sunday,12,iPhone,False,...people are now starting to recognize the amazing work that has been done by FEMA and our great Military. All buildings now inspected.....,80679,16034,140,23,0.003991785924881697,0.035127073526382446,0.9608811736106873,0.9568893876858056,Positive
914467502251528192,2017-10-01 12:30:17+00:00,2017-10-01,2017-10,Sunday,12,iPhone,False,...for safety. Thank you to the Governor of P.R. and to all of those who are working so closely with our First Responders. Fantastic job!,75918,14147,137,25,0.004768286366015673,0.02189531736075878,0.9733363389968872,0.9685680526308715,Positive
914497877543735296,2017-10-01 14:30:59+00:00,2017-10-01,2017-10,Sunday,14,iPhone,False,"I told Rex Tillerson, our wonderful Secretary of State, that he is wasting his time trying to negotiate with Little Rocket Man...",102671,25389,129,22,0.5465937852859497,0.36914774775505066,0.08425846695899963,-0.4623353183269501,Negative
914497947517227008,2017-10-01 14:31:15+00:00,2017-10-01,2017-10,Sunday,14,iPhone,True,"...Save your energy Rex, we'll do what has to be done!",62997,14060,54,11,0.049574676901102066,0.3747825622558594,0.5756427645683289,0.5260680876672268,Positive
914565910798782465,2017-10-01 19:01:19+00:00,2017-10-01,2017-10,Sunday,19,iPhone,False,"Being nice to Rocket Man hasn't worked in 25 years, why would it work now? Clinton failed, Bush failed, and Obama failed. I won't fail.",188927,47699,135,25,0.8253686428070068,0.14421671628952026,0.030414577573537827,-0.794954065233469,Negative
914661855947366406,2017-10-02 01:22:34+00:00,2017-10-02,2017-10,Monday,1,Media Studio,False,Congratulations to #TeamUSA🇺🇸🏆on your great @PresidentsCup victory! https://t.co/fZeP1e9mo7,69743,12152,91,8,0.002760345581918955,0.012888447381556034,0.9843512773513794,0.9815909317694604,Positive
914810093874671617,2017-10-02 11:11:37+00:00,2017-10-02,2017-10,Monday,11,iPhone,False,My warmest condolences and sympathies to the victims and families of the terrible Las Vegas shooting. God bless you!,317744,75476,116,19,0.388501912355423,0.28467997908592224,0.3268181383609772,-0.0616837739944458,Negative
915179824012042241,2017-10-03 11:40:47+00:00,2017-10-03,2017-10,Tuesday,11,iPhone,False,I am so proud of our great Country. God bless America!,212403,43026,54,11,0.0045882221311330795,0.010227929800748825,0.985183835029602,0.980595612898469,Positive
915326171063242752,2017-10-03 21:22:19+00:00,2017-10-03,2017-10,Tuesday,21,iPhone,False,Leaving Puerto Rico now for D.C. Will be in Las Vegas early tomorrow to pay my respects. Everyone is in my thoughts and prayers. https://t.co/dBvZUIUfr0,74460,13863,152,25,0.04664139822125435,0.6201887726783752,0.3331698179244995,0.28652841970324516,Neutral
915335645719121920,2017-10-03 21:59:58+00:00,2017-10-03,2017-10,Tuesday,21,iPhone,False,Great meeting with Governor Mapp of the #USVI. He is very thankful for the great job done by @FEMA and First Responders. https://t.co/AtBGEpDF9C,38977,7410,144,23,0.002923842752352357,0.012723846361041069,0.9843522906303406,0.9814284478779882,Positive
915351470354108417,2017-10-03 23:02:51+00:00,2017-10-03,2017-10,Tuesday,23,iPhone,False,"So proud of @FEMA, Military, and First Responders! Thank you! https://t.co/kWVMqVelri",59757,12299,85,11,0.00356079894118011,0.01036202721297741,0.9860771894454956,0.9825163905043155,Positive
915371086249971712,2017-10-04 00:20:48+00:00,2017-10-04,2017-10,Wednesday,0,iPhone,False,"It is a ""miracle"" how fast the Las Vegas Metropolitan Police were able to find the demented shooter and stop him from even more killing!",104356,16656,136,25,0.5247685313224792,0.31805115938186646,0.1571802943944931,-0.36758823692798615,Negative
915379231454003200,2017-10-04 00:53:10+00:00,2017-10-04,2017-10,Wednesday,0,iPhone,False,My Administration will continue to work around the clock with Governor @RicardoRossello &amp; his team. Great progress being made! #PRStrong🇵🇷 https://t.co/1aL9YrwTvC,66953,14309,166,21,0.0021911724470555782,0.01830371655523777,0.9795051217079163,0.9773139492608607,Positive
915523382686478337,2017-10-04 10:25:58+00:00,2017-10-04,2017-10,Wednesday,10,iPhone,False,"A great day in Puerto Rico yesterday. While some of the news coverage is Fake, most showed great warmth and friendship.",88295,14940,119,21,0.010101670399308205,0.02713114209473133,0.9627671837806702,0.952665513381362,Positive
915539424406114304,2017-10-04 11:29:43+00:00,2017-10-04,2017-10,Wednesday,11,iPhone,False,"Wow, so many Fake News stories today. No matter what I do or say, they will not write or speak truth. The Fake News Media is out of control!",157255,38432,140,29,0.9251419305801392,0.06671994924545288,0.008138096891343594,-0.9170038336887956,Negative
915589297096536065,2017-10-04 14:47:53+00:00,2017-10-04,2017-10,Wednesday,14,iPhone,False,NBC news is #FakeNews and more dishonest than even CNN. They are a disgrace to good reporting. No wonder their news ratings are way down!,95643,21975,137,25,0.9525143504142761,0.041058965027332306,0.006426765117794275,-0.9460875852964818,Negative
915596990674849792,2017-10-04 15:18:28+00:00,2017-10-04,2017-10,Wednesday,15,iPhone,False,The @NBCNews story has just been totally refuted by Sec. Tillerson and @VP Pence. It is #FakeNews. They should issue an apology to AMERICA!,69909,18225,139,24,0.917646050453186,0.07520929723978043,0.00714468490332365,-0.9105013655498624,Negative
915604746936967168,2017-10-04 15:49:17+00:00,2017-10-04,2017-10,Wednesday,15,iPhone,False,I will be landing in Las Vegas shortly to pay my respects with @FLOTUS Melania. Everyone remains in our thoughts and prayers.,91338,13699,125,22,0.01403454877436161,0.5655739903450012,0.42039141058921814,0.40635686181485653,Neutral
915722355757985792,2017-10-04 23:36:37+00:00,2017-10-04,2017-10,Wednesday,23,iPhone,False,WE LOVE YOU LAS VEGAS! https://t.co/nxRWeR1gEz,96428,23468,46,6,0.00396220525726676,0.01263281237334013,0.9834049940109253,0.9794427887536585,Positive
915745470689005573,2017-10-05 01:08:28+00:00,2017-10-05,2017-10,Thursday,1,iPhone,False,"On behalf of a GRATEFUL NATION, THANK YOU to all of the First Responders (HEROES) who saved countless lives in Las Vegas on Sunday night. https://t.co/ZxuMYWnNHv",111141,23561,161,26,0.004051099997013807,0.020646188408136368,0.9753026962280273,0.9712515962310135,Positive
915890389269254145,2017-10-05 10:44:19+00:00,2017-10-05,2017-10,Thursday,10,iPhone,False,"So wonderful to be in Las Vegas yesterday and meet with people, from police to doctors to the victims themselves, who I will never forget!",100016,15342,138,25,0.005625516641885042,0.01799367554485798,0.9763808250427246,0.9707553084008396,Positive
915890821228048385,2017-10-05 10:46:02+00:00,2017-10-05,2017-10,Thursday,10,iPhone,False,Thank you! https://t.co/YMuqSvvTSB,59426,10819,34,3,0.0058941589668393135,0.03516872227191925,0.9589371085166931,0.9530429495498538,Positive
915894251967385600,2017-10-05 10:59:40+00:00,2017-10-05,2017-10,Thursday,10,iPhone,False,Why Isn't the Senate Intel Committee looking into the Fake News Networks in OUR country to see why so much of our news is just made up-FAKE!,93316,23334,140,27,0.8749332427978516,0.11616653203964233,0.008900285698473454,-0.8660329570993781,Negative
915896809536589824,2017-10-05 11:09:50+00:00,2017-10-05,2017-10,Thursday,11,iPhone,False,Stock Market hits an ALL-TIME high! Unemployment lowest in 16 years! Business and manufacturing enthusiasm at highest level in decades!,157404,36546,135,20,0.005229278467595577,0.027488669380545616,0.9672819972038269,0.9620527187362313,Positive
915907150333009920,2017-10-05 11:50:56+00:00,2017-10-05,2017-10,Thursday,11,iPhone,False,Rex Tillerson never threatened to resign. This is Fake News put out by @NBCNews. Low news and reporting standards. No verification from me.,79704,18744,139,23,0.8491252064704895,0.14240553975105286,0.008469262160360813,-0.8406559443101287,Negative
916120435762266114,2017-10-06 01:58:27+00:00,2017-10-06,2017-10,Friday,1,iPhone,False,"Ralph Northam,who is running for Governor of Virginia,is fighting for the violent MS-13 killer gangs &amp; sanctuary cities. Vote Ed Gillespie!",92535,25717,143,21,0.5477524995803833,0.3967615067958832,0.055486034601926804,-0.4922664649784565,Negative
916620603741868032,2017-10-07 11:05:56+00:00,2017-10-07,2017-10,Saturday,11,iPhone,False,"Can't believe I finally got a good story in the @washingtonpost. It discusses the enthusiasm of ""Trump"" voters through campaign....",67198,13579,131,20,0.021073412150144577,0.11756563931703568,0.8613609075546265,0.8402874954044819,Positive
916622087606980609,2017-10-07 11:11:50+00:00,2017-10-07,2017-10,Saturday,11,iPhone,False,"...contributions. The RNC is taking in far more $'s than the Dems, and much of it by my wonderful small donors. I am working hard for them!",66977,12411,139,27,0.004383807070553303,0.038026049733161926,0.9575901031494141,0.9532062960788608,Positive
916634286811435008,2017-10-07 12:00:18+00:00,2017-10-07,2017-10,Saturday,12,iPhone,False,"Late Night host are dealing with the Democrats for their very ""unfunny"" &amp; repetitive material, always anti-Trump! Should we get Equal Time?",75482,14619,143,22,0.867455244064331,0.11955061554908752,0.012994126416742802,-0.8544611176475883,Negative
916635236238274561,2017-10-07 12:04:05+00:00,2017-10-07,2017-10,Saturday,12,iPhone,False,More and more people are suggesting that Republicans (and me) should be given Equal Time on T.V. when you look at the one-sided coverage?,93933,18243,137,24,0.4922483563423157,0.4775432050228119,0.030208446085453033,-0.46203991025686264,Negative
916638685914951680,2017-10-07 12:17:47+00:00,2017-10-07,2017-10,Saturday,12,iPhone,False,"I called Chuck Schumer yesterday to see if the Dems want to do a great HealthCare Bill. ObamaCare is badly broken, big premiums. Who knows!",69224,12847,139,25,0.7398218512535095,0.22743122279644012,0.032746925950050354,-0.7070749253034592,Negative
916655548623413248,2017-10-07 13:24:48+00:00,2017-10-07,2017-10,Saturday,13,iPhone,False,".@NBCNews is so knowingly inaccurate with their reporting. The good news is that the PEOPLE get it, which is really all that matters! Not #1",73624,15842,140,25,0.7871074080467224,0.1642639935016632,0.048628561198711395,-0.738478846848011,Negative
916665576940097536,2017-10-07 14:04:39+00:00,2017-10-07,2017-10,Saturday,14,iPhone,False,"Our great team at @FEMA is prepared for #HurricaneNate. Everyone in LA, MS, AL, and FL please listen to your local authorities &amp; be safe!",66371,14110,141,25,0.010718108154833317,0.13515733182430267,0.8541245460510254,0.8434064378961921,Positive
916747884716011521,2017-10-07 19:31:42+00:00,2017-10-07,2017-10,Saturday,19,iPhone,False,Will be joining @GovMikeHuckabee tonight at 8pmE on @TBN. Enjoy! https://t.co/Y5hGPpYZfl,35789,7596,88,11,0.0013613575138151646,0.05995830148458481,0.9386803507804871,0.9373189932666719,Positive
916750042014404608,2017-10-07 19:40:17+00:00,2017-10-07,2017-10,Saturday,19,iPhone,False,"Presidents and their administrations have been talking to North Korea for 25 years, agreements made and massive amounts of money paid......",72835,17900,139,21,0.1507047563791275,0.7358915209770203,0.11340373754501343,-0.037301018834114075,Neutral
916751271960436737,2017-10-07 19:45:10+00:00,2017-10-07,2017-10,Saturday,19,iPhone,False,"...hasn't worked, agreements violated before the ink was dry, makings fools of U.S. negotiators. Sorry, but only one thing will work!",75919,17797,133,21,0.8921852111816406,0.09857041388750076,0.009244389832019806,-0.8829408213496208,Negative
916763438805848066,2017-10-07 20:33:31+00:00,2017-10-07,2017-10,Saturday,20,iPhone,False,Thanks for your support! https://t.co/iqUM1RfQso,60168,12503,48,5,0.0034850742667913437,0.017204318195581436,0.9793105721473694,0.975825497880578,Positive
916780428253687808,2017-10-07 21:41:01+00:00,2017-10-07,2017-10,Saturday,21,iPhone,False,Leaving the White House for the Great State of North Carolina. Big progress being made on many fronts!,75987,12180,102,18,0.002182100433856249,0.03619080036878586,0.9616271257400513,0.959445025306195,Positive
917024076165734401,2017-10-08 13:49:11+00:00,2017-10-08,2017-10,Sunday,13,iPhone,False,#LasVegasStrong #USA🇺🇸 🎥https://t.co/4iGwdL4kia,36467,6541,47,3,0.006204668432474136,0.21996603906154633,0.7738292813301086,0.7676246128976345,Positive
917026789188399105,2017-10-08 13:59:58+00:00,2017-10-08,2017-10,Sunday,13,iPhone,False,"Senator Bob Corker ""begged"" me to endorse him for re-election in Tennessee. I said ""NO"" and he dropped out (said he could not win without...",69266,15186,140,25,0.6614839434623718,0.3237996995449066,0.014716309495270252,-0.6467676339671016,Negative
917029060471152640,2017-10-08 14:09:00+00:00,2017-10-08,2017-10,Sunday,14,iPhone,False,"..my endorsement). He also wanted to be Secretary of State, I said ""NO THANKS."" He is also largely responsible for the horrendous Iran Deal!",60890,12830,140,24,0.8918527960777283,0.09717164933681488,0.010975596494972706,-0.8808771995827556,Negative
917030148867682304,2017-10-08 14:13:19+00:00,2017-10-08,2017-10,Sunday,14,iPhone,False,"...Hence, I would fully expect Corker to be a negative voice and stand in the way of our great agenda. Didn't have the guts to run!",66385,13716,131,26,0.8898965716362,0.1021796464920044,0.007923800498247147,-0.8819727711379528,Negative
917091286607433728,2017-10-08 18:16:16+00:00,2017-10-08,2017-10,Sunday,18,iPhone,False,"I asked @VP Pence to leave stadium if any players kneeled, disrespecting our country. I am proud of him and @SecondLady Karen.",135146,28144,126,22,0.27737611532211304,0.4208214581012726,0.3018024265766144,0.024426311254501343,Neutral
917114761057357824,2017-10-08 19:49:32+00:00,2017-10-08,2017-10,Sunday,19,iPhone,False,FEMA and first responders are working hard (yet again) on Hurricane Nate. Military helping. Very much under control!,66259,11653,116,18,0.010835457593202591,0.10804975777864456,0.8811148405075073,0.8702793829143047,Positive
917130468025348096,2017-10-08 20:51:57+00:00,2017-10-08,2017-10,Sunday,20,iPhone,False,"Bob Corker gave us the Iran Deal, &amp; that's about it. We need HealthCare, we need Tax Cuts/Reform, we need people that can get the job done!",80627,18418,143,27,0.31923991441726685,0.5563716292381287,0.1243884339928627,-0.19485148042440414,Neutral
917172144710103040,2017-10-08 23:37:34+00:00,2017-10-08,2017-10,Sunday,23,Media Studio,False,Nobody could have done what I’ve done for #PuertoRico with so little appreciation. So much work! https://t.co/k2jAkIpfjI,78014,19880,120,17,0.058535460382699966,0.12205026298761368,0.8194143176078796,0.7608788572251797,Positive
917177470532636672,2017-10-08 23:58:43+00:00,2017-10-08,2017-10,Sunday,23,iPhone,False,"""The Republican Party is racking up record amounts of small dollar donations - fueled by Trump supporters....."" @nypost Thank you!",75617,14656,130,20,0.05171627178788185,0.3678857386112213,0.5803979635238647,0.5286816917359829,Positive
917341511754436609,2017-10-09 10:50:34+00:00,2017-10-09,2017-10,Monday,10,iPhone,False,"Our country has been unsuccessfully dealing with North Korea for 25 years, giving billions of dollars &amp; getting nothing. Policy didn't work!",107533,21479,144,22,0.9182133674621582,0.07430096715688705,0.007485752925276756,-0.9107276145368814,Negative
917345200414035969,2017-10-09 11:05:13+00:00,2017-10-09,2017-10,Monday,11,iPhone,False,The trip by @VP Pence was long planned. He is receiving great praise for leaving game after the players showed such disrespect for country!,109311,20791,139,24,0.1571340411901474,0.36546462774276733,0.47740134596824646,0.32026730477809906,Positive
917458408927842305,2017-10-09 18:35:04+00:00,2017-10-09,2017-10,Monday,18,iPhone,False,"""President Donald J. Trump Proclaims October 9, 2017, as #ColumbusDay"" https://t.co/cbQRst4lN4",69189,16500,94,11,0.0053707994520664215,0.9117924571037292,0.08283673226833344,0.07746593281626701,Neutral
917568245854605313,2017-10-10 01:51:32+00:00,2017-10-10,2017-10,Tuesday,1,iPhone,False,"A big salute to Jerry Jones, owner of the Dallas Cowboys, who will BENCH players who disrespect our Flag.""Stand for Anthem or sit for game!""",166116,34557,140,25,0.3965432643890381,0.33239948749542236,0.2710571885108948,-0.1254860758781433,Negative
917578120819068928,2017-10-10 02:30:46+00:00,2017-10-10,2017-10,Tuesday,2,iPhone,False,We have just begun! https://t.co/x8pSdEB2Ur,1787,474,43,5,0.004918025806546211,0.4625266194343567,0.532555341720581,0.5276373159140348,Positive
917694644481413120,2017-10-10 10:13:47+00:00,2017-10-10,2017-10,Tuesday,10,iPhone,False,"Why is the NFL getting massive tax breaks while at the same time disrespecting our Anthem, Flag and Country? Change tax law!",138388,32459,124,22,0.9013962745666504,0.0886538028717041,0.009950008243322372,-0.891446266323328,Negative
917695847063805952,2017-10-10 10:18:34+00:00,2017-10-10,2017-10,Tuesday,10,iPhone,False,"The problem with agreeing to a policy on immigration is that the Democrats don't want secure borders,they don't care about safety for U.S.A.",86752,22242,140,23,0.8475747108459473,0.14444570243358612,0.007979596965014935,-0.8395951138809323,Negative
917698839846576130,2017-10-10 10:30:28+00:00,2017-10-10,2017-10,Tuesday,10,iPhone,False,"Since Congress can't get its act together on HealthCare, I will be using the power of the pen to give great HealthCare to many people - FAST",99677,22622,140,27,0.0963972955942154,0.3223247230052948,0.5812780261039734,0.484880730509758,Positive
917701841466593280,2017-10-10 10:42:23+00:00,2017-10-10,2017-10,Tuesday,10,iPhone,False,"With Jemele Hill at the mike, it is no wonder ESPN ratings have ""tanked,"" in fact, tanked so badly it is the talk of the industry!",95652,20210,130,26,0.8301397562026978,0.1541115790605545,0.01574866473674774,-0.81439109146595,Negative
917724872905777155,2017-10-10 12:13:54+00:00,2017-10-10,2017-10,Tuesday,12,iPhone,False,"Highly respected author, Christopher Bedford, just came out with book, ""The Art of the Donald, Lessons from America's...."" Really good book!",58333,11411,140,21,0.002737028757110238,0.02061615325510502,0.9766468405723572,0.9739098118152469,Positive
917734186848579584,2017-10-10 12:50:55+00:00,2017-10-10,2017-10,Tuesday,12,iPhone,False,"The Failing @nytimes set Liddle' Bob Corker up by recording his conversation. Was made to sound a fool, and that's what I am dealing with!",62413,14669,138,25,0.9307681918144226,0.06260772049427032,0.006624121684581041,-0.9241440701298416,Negative
917894963832246272,2017-10-10 23:29:47+00:00,2017-10-10,2017-10,Tuesday,23,iPhone,False,My great honor to host the 2017 back-to-back #StanleyCup Champion Pittsburgh Penguins at the WH with @FLOTUS today! https://t.co/qyT4bcHVuR https://t.co/rBwGmhMnPX,66095,14143,163,20,0.0018535822164267302,0.02140556462109089,0.976740837097168,0.9748872548807412,Positive
917921548677328896,2017-10-11 01:15:26+00:00,2017-10-11,2017-10,Wednesday,1,iPhone,False,"The Fake News is at it again, this time trying to hurt one of the finest people I know, General John Kelly, by saying he will soon be.....",69502,16058,138,28,0.8922971487045288,0.09662815928459167,0.011074623093008995,-0.8812225256115198,Negative
917923131003719681,2017-10-11 01:21:43+00:00,2017-10-11,2017-10,Wednesday,1,iPhone,False,"...fired. This story is totally made up by the dishonest media.The Chief is doing a FANTASTIC job for me and, more importantly, for the USA!",77256,15932,140,25,0.449859082698822,0.21942256391048431,0.33071836829185486,-0.11914071440696716,Negative
918058910673760258,2017-10-11 10:21:15+00:00,2017-10-11,2017-10,Wednesday,10,iPhone,False,"Stock Market has increased by 5.2 Trillion dollars since the election on November 8th, a 25% increase. Lowest unemployment in 16 years and..",79314,18196,140,23,0.005689710844308138,0.06871794164180756,0.925592303276062,0.9199025924317539,Positive
918060313748164608,2017-10-11 10:26:50+00:00,2017-10-11,2017-10,Wednesday,10,iPhone,False,"...if Congress gives us the massive tax cuts (and reform) I am asking for, those numbers will grow by leaps and bounds. #MAGA",54905,11212,125,23,0.00994228757917881,0.06947771459817886,0.9205800294876099,0.910637741908431,Positive
918061437750267904,2017-10-11 10:31:18+00:00,2017-10-11,2017-10,Wednesday,10,iPhone,False,It would be really nice if the Fake News Media would report the virtually unprecedented Stock Market growth since the election.Need tax cuts,74375,15430,140,23,0.15445172786712646,0.3034471869468689,0.5421010851860046,0.3876493573188782,Positive
918062778522505216,2017-10-11 10:36:37+00:00,2017-10-11,2017-10,Wednesday,10,iPhone,False,"The Democrats want MASSIVE tax increases &amp; soft, crime producing borders.The Republicans want the biggest tax cut in history &amp; the WALL!",84312,19401,144,22,0.6775000691413879,0.26515993475914,0.05734001845121384,-0.6201600506901741,Negative
918065431939829760,2017-10-11 10:47:10+00:00,2017-10-11,2017-10,Wednesday,10,iPhone,False,It is about time that Roger Goodell of the NFL is finally demanding that all players STAND for our great National Anthem-RESPECT OUR COUNTRY,105174,20408,140,24,0.2843579351902008,0.4965432584285736,0.21909888088703156,-0.06525905430316925,Neutral
918110279367643137,2017-10-11 13:45:22+00:00,2017-10-11,2017-10,Wednesday,13,iPhone,False,"Fake @NBCNews made up a story that I wanted a ""tenfold"" increase in our U.S. nuclear arsenal. Pure fiction, made up to demean. NBC = CNN!",73826,18962,137,26,0.8858158588409424,0.10622387379407883,0.007960240356624126,-0.8778556184843183,Negative
918112884630093825,2017-10-11 13:55:44+00:00,2017-10-11,2017-10,Wednesday,13,iPhone,False,"With all of the Fake News coming out of NBC and the Networks, at what point is it appropriate to challenge their License? Bad for country!",99249,23284,138,26,0.911629855632782,0.08144932985305786,0.006920883432030678,-0.9047089722007513,Negative
918201878479073280,2017-10-11 19:49:21+00:00,2017-10-11,2017-10,Wednesday,19,iPhone,False,Happy to announce we are awarding $1M to Las Vegas - in order to help local law enforcement working OT to respond to last Sunday’s tragedy.,114117,19130,139,26,0.003837764961645007,0.0511501207947731,0.945012092590332,0.941174327628687,Positive
918224393062551552,2017-10-11 21:18:49+00:00,2017-10-11,2017-10,Wednesday,21,iPhone,False,"Join me LIVE at 5:45pmE from Harrisburg, Pennsylvania! #TaxReform #USA🇺🇸 https://t.co/fDUEMpRTcE https://t.co/1mMjl1HNpl",27928,5082,120,12,0.0057399882934987545,0.6402864456176758,0.3539735674858093,0.34823357919231057,Neutral
918227740700102657,2017-10-11 21:32:07+00:00,2017-10-11,2017-10,Wednesday,21,iPhone,False,I will be interviewed tonight on @FoxNews by @SeanHannity at 9pmE. Enjoy!,57891,10407,73,12,0.0016766784247010946,0.12798313796520233,0.8703402280807495,0.8686635496560484,Positive
918257107182473216,2017-10-11 23:28:49+00:00,2017-10-11,2017-10,Wednesday,23,iPhone,False,"We need a tax system that is FAIR to working families &amp; that encourages companies to STAY in America, GROW in America, and HIRE in America🇺🇸 https://t.co/u9ZgijgLE3",56587,12276,168,27,0.024004092440009117,0.333296000957489,0.6426998972892761,0.618695804849267,Positive
918263984029085697,2017-10-11 23:56:08+00:00,2017-10-11,2017-10,Wednesday,23,iPhone,False,Joining @SeanHannity tonight at 9pmE on @FoxNews. Enjoy! https://t.co/RCfiJus5Rw,31715,5611,80,9,0.0013274055672809482,0.05906834080815315,0.9396042227745056,0.9382768172072247,Positive
918267396493922304,2017-10-12 00:09:42+00:00,2017-10-12,2017-10,Thursday,0,iPhone,False,"Network news has become so partisan, distorted and fake that licenses must be challenged and, if appropriate, revoked. Not fair to public!",87960,20348,138,22,0.9099413156509399,0.08357123285531998,0.006487447302788496,-0.9034538683481514,Negative
918275261011038210,2017-10-12 00:40:57+00:00,2017-10-12,2017-10,Thursday,0,Media Studio,False,"In even the darkest moments, the light of our people has shown through their goodness, their courage and their love. #USA🇺🇸 https://t.co/8JK8aM2a1L",60730,13520,147,22,0.0037349665071815252,0.03578624501824379,0.9604788422584534,0.9567438757512718,Positive
918417002733154305,2017-10-12 10:04:11+00:00,2017-10-12,2017-10,Thursday,10,iPhone,False,Clips from tax speech and @seanhannity on @foxandfriends now. Have a great day!,37718,6731,79,13,0.001889434875920415,0.03069964610040188,0.9674109220504761,0.9655214871745557,Positive
918428456869916672,2017-10-12 10:49:42+00:00,2017-10-12,2017-10,Thursday,10,iPhone,False,"""Puerto Rico survived the Hurricanes, now a financial crisis looms largely of their own making."" says Sharyl Attkisson. A total lack of.....",47405,10197,140,22,0.7287176847457886,0.25255757570266724,0.01872471161186695,-0.7099929731339216,Negative
918430769776914432,2017-10-12 10:58:53+00:00,2017-10-12,2017-10,Thursday,10,iPhone,False,...accountability say the Governor. Electric and all infrastructure was disaster before hurricanes. Congress to decide how much to spend....,50926,10164,140,19,0.6880173087120056,0.2914610207080841,0.02052163891494274,-0.6674956697970629,Negative
918432809282342912,2017-10-12 11:07:00+00:00,2017-10-12,2017-10,Thursday,11,iPhone,False,"...We cannot keep FEMA, the Military &amp; the First Responders, who have been amazing (under the most difficult circumstances) in P.R. forever!",64982,13433,144,22,0.3015913963317871,0.3846132457256317,0.3137953281402588,0.01220393180847168,Neutral
918457595618365441,2017-10-12 12:45:29+00:00,2017-10-12,2017-10,Thursday,12,iPhone,False,The Fake News Is going all out in order to demean and denigrate! Such hatred!,80734,16941,77,15,0.9365265369415283,0.05740406736731529,0.006069377530366182,-0.9304571594111621,Negative
918523263554412544,2017-10-12 17:06:26+00:00,2017-10-12,2017-10,Thursday,17,Media Studio,False,"The time has come to take action to IMPROVE access, INCREASE choices, and LOWER COSTS for HEALTHCARE! ➡️https://t.co/mz5fdveTVh https://t.co/dDZLsKuNSe",52052,12853,151,19,0.026203591376543045,0.409751296043396,0.5640451312065125,0.5378415398299694,Positive
918541193037967361,2017-10-12 18:17:40+00:00,2017-10-12,2017-10,Thursday,18,Media Studio,False,"We need a tax system that is FAIR to working FAMILIES &amp; that encourages companies to STAY in AMERICA, GROW in AMERICA, and HIRE in AMERICA! https://t.co/DdI1yWi7YZ",68294,15614,167,27,0.02797718532383442,0.3838735818862915,0.5881492495536804,0.560172064229846,Positive
918571860308254720,2017-10-12 20:19:32+00:00,2017-10-12,2017-10,Thursday,20,iPhone,False,Happy #NationalFarmersDay! 📸https://t.co/dN39R1IMlA https://t.co/QbUG1pztaI,50217,11002,75,4,0.0018276083283126354,0.020626366138458252,0.9775460362434387,0.9757184279151261,Positive
918630610167529472,2017-10-13 00:12:59+00:00,2017-10-13,2017-10,Friday,0,iPhone,False,People are just now starting to find out how dishonest and disgusting (FakeNews) @NBCNews is. Viewers beware. May be worse than even @CNN!,87857,22416,138,23,0.935361385345459,0.05860130488872528,0.006037373095750809,-0.9293240122497082,Negative
918647067224035334,2017-10-13 01:18:23+00:00,2017-10-13,2017-10,Friday,1,Media Studio,False,"It is time to take care of OUR COUNTRY, to rebuild OUR COMMUNITIES, and to protect our GREAT AMERICAN WORKERS! #TaxReform https://t.co/FEjGjT4xp9",68837,16514,145,22,0.017511917278170586,0.20089007914066315,0.7815979719161987,0.7640860546380281,Positive
918772522983874561,2017-10-13 09:36:54+00:00,2017-10-13,2017-10,Friday,9,iPhone,False,The Democrats ObamaCare is imploding. Massive subsidy payments to their pet insurance companies has stopped. Dems should call me to fix!,64283,14207,136,21,0.9173040390014648,0.0730559229850769,0.009640089236199856,-0.907663949765265,Negative
918796079243677696,2017-10-13 11:10:30+00:00,2017-10-13,2017-10,Friday,11,iPhone,False,"Sadly, they and others are Fake News, and the public is just beginning to figure it out! https://t.co/8B8AyA7V1s",51866,11885,112,18,0.9184170365333557,0.07430145144462585,0.007281511090695858,-0.9111355254426599,Negative
918797009133465600,2017-10-13 11:14:12+00:00,2017-10-13,2017-10,Friday,11,iPhone,False,ObamaCare is a broken mess. Piece by piece we will now begin the process of giving America the great HealthCare it deserves!,76367,15485,124,22,0.6864053606987,0.23607419431209564,0.07752048969268799,-0.608884871006012,Negative
918806396875010048,2017-10-13 11:51:30+00:00,2017-10-13,2017-10,Friday,11,iPhone,False,"Hard to believe that the Democrats, who have gone so far LEFT that they are no longer recognizable, are fighting so hard for Sanctuary crime",93291,22858,140,25,0.8463115692138672,0.14284241199493408,0.010845940560102463,-0.8354656286537647,Negative
918808798059483136,2017-10-13 12:01:02+00:00,2017-10-13,2017-10,Friday,12,iPhone,False,"The wonderful people of Puerto Rico, with their unmatched spirit, know how bad things were before the H's. I will always be with them!",63491,11949,134,24,0.05660899728536606,0.08060414344072342,0.8627868294715881,0.8061778321862221,Positive
918876603148652544,2017-10-13 16:30:28+00:00,2017-10-13,2017-10,Friday,16,iPhone,False,I have no greater privilege than to serve as your Commander-in-Chief. HAPPY BIRTHDAY to the incredible men and women @USNavy! #242NavyBday https://t.co/qcdB4U8CqA,73286,16683,162,22,0.003588358173146844,0.008751972578465939,0.9876596331596375,0.9840712749864906,Positive
918885859230875649,2017-10-13 17:07:15+00:00,2017-10-13,2017-10,Friday,17,iPhone,False,"In America, we don't worship government - we worship God. #ValuesVotersSummit https://t.co/YQ3iDlWylK",80176,21151,101,12,0.017761796712875366,0.453069269657135,0.5291689038276672,0.5114071071147919,Positive
918894502185787392,2017-10-13 17:41:36+00:00,2017-10-13,2017-10,Friday,17,iPhone,False,"""Consumer confidence soars to highest level since 2004"" 📈https://t.co/RvxCPAFI2A https://t.co/U8MS9K45fX",48865,11415,104,10,0.6964296698570251,0.28672224283218384,0.01684810221195221,-0.6795815676450729,Negative
918901399080935424,2017-10-13 18:09:00+00:00,2017-10-13,2017-10,Friday,18,Media Studio,False,"Today, I announced our strategy to confront the Iranian regime’s hostile actions and to ensure that they never acquire a nuclear weapon. https://t.co/N4ISdjuEdC",66875,17647,160,23,0.08512617647647858,0.8169445991516113,0.09792912006378174,0.012802943587303162,Neutral
918960024256434176,2017-10-13 22:01:57+00:00,2017-10-13,2017-10,Friday,22,Media Studio,False,#WeeklyAddress🇺🇸 https://t.co/riqEiBNwk2,41603,10666,40,2,0.005251261871308088,0.7361142039299011,0.2586345374584198,0.2533832755871117,Neutral
919003314674634752,2017-10-14 00:53:59+00:00,2017-10-14,2017-10,Saturday,0,iPhone,False,Starting to develop a much better relationship with Pakistan and its leaders. I want to thank them for their cooperation on many fronts.,70090,14106,136,23,0.0032798186875879765,0.022713294252753258,0.9740068912506104,0.9707270725630224,Positive
919005534883328000,2017-10-14 01:02:48+00:00,2017-10-14,2017-10,Saturday,1,iPhone,False,"Many people talking, with much agreement, on my Iran speech today. Participants in the deal are making lots of money on trade with Iran!",54519,11325,136,24,0.005588660482317209,0.09627420455217361,0.8981371521949768,0.8925484917126596,Positive
919007577681354752,2017-10-14 01:10:55+00:00,2017-10-14,2017-10,Saturday,1,iPhone,False,"Money pouring into Insurance Companies profits, under the guise of ObamaCare, is over. They have made a fortune. Dems must get smart &amp; deal!",69168,15845,144,24,0.2230522781610489,0.5921464562416077,0.18480125069618225,-0.03825102746486664,Neutral
919009334016856065,2017-10-14 01:17:54+00:00,2017-10-14,2017-10,Saturday,1,iPhone,False,"ObamaCare is causing such grief and tragedy for so many. It is being dismantled but in the meantime, premiums &amp; deductibles are way up!",61481,12409,139,24,0.9407778978347778,0.05287780612707138,0.006344249006360769,-0.9344336488284171,Negative
919012714827145216,2017-10-14 01:31:20+00:00,2017-10-14,2017-10,Saturday,1,iPhone,False,"Such a wonderful statement from the great @LouDobbs. ""We take up what may be the most accomplished presidency in modern American history.""",68504,16039,138,22,0.0039044655859470367,0.009521957486867905,0.9865735769271851,0.982669111341238,Positive
919160558712172544,2017-10-14 11:18:49+00:00,2017-10-14,2017-10,Saturday,11,iPhone,False,"Health Insurance stocks, which have gone through the roof during the ObamaCare years, plunged yesterday after I ended their Dems windfall!",84508,18450,138,21,0.8668887615203857,0.11584176123142242,0.017269473522901535,-0.8496192879974842,Negative
919162619889704961,2017-10-14 11:27:00+00:00,2017-10-14,2017-10,Saturday,11,iPhone,False,Very proud of my Executive Order which will allow greatly expanded access and far lower costs for HealthCare. Millions of people benefit!,118617,22827,137,22,0.0026887909043580294,0.011429546400904655,0.9858816862106323,0.9831928953062743,Positive
919313707355787264,2017-10-14 21:27:22+00:00,2017-10-14,2017-10,Saturday,21,iPhone,False,The Democrats in the Southwest part of Virginia have been abandoned by their Party. Republican Ed Gillespie will never let you down!,71175,16003,132,22,0.6918665766716003,0.2550658881664276,0.053067561239004135,-0.6387990154325962,Negative
919554724512387072,2017-10-15 13:25:05+00:00,2017-10-15,2017-10,Sunday,13,iPhone,False,"The Failing @nytimes, in a story by Peter Baker, should have mentioned the rapid terminations by me of TPP &amp; The Paris Accord &amp; the fast....",60798,12861,148,26,0.731553316116333,0.25769785046577454,0.010748851113021374,-0.7208044650033116,Negative
919560102725738498,2017-10-15 13:46:27+00:00,2017-10-15,2017-10,Sunday,13,iPhone,False,"...approvals of The Keystone XL &amp; Dakota Access pipelines. Also, look at the recent EPA cancelations &amp; our great new Supreme Court Justice!",77543,14897,147,23,0.01561764907091856,0.39217138290405273,0.5922109484672546,0.5765932993963361,Positive
919900022409449474,2017-10-16 12:17:10+00:00,2017-10-16,2017-10,Monday,12,iPhone,False,Art Laffer just said that he doesn't know how a Democrat could vote against the big tax cut/reform bill and live with themselves! @FoxNews,58127,12938,138,24,0.6624171137809753,0.3085075616836548,0.029075315222144127,-0.6333417985588312,Negative
919901190376259586,2017-10-16 12:21:49+00:00,2017-10-16,2017-10,Monday,12,iPhone,True,The Democrats only want to increase taxes and obstruct. That's all they are good at!,57644,12973,84,15,0.9148867726325989,0.07341989129781723,0.011693290434777737,-0.9031934821978211,Negative
919908143475412993,2017-10-16 12:49:27+00:00,2017-10-16,2017-10,Monday,12,iPhone,False,"Dem Senator Schumer hated the Iran deal made by President Obama, but now that I am involved, he is OK with it. Tell that to Israel, Chuck!",77093,21065,138,27,0.5195300579071045,0.3656720221042633,0.11479789018630981,-0.4047321677207947,Negative
919909494200528897,2017-10-16 12:54:49+00:00,2017-10-16,2017-10,Monday,12,iPhone,False,"Since Election Day on November 8, the Stock Market is up more than 25%, unemployment is at a 17 year low &amp; companies are coming back to U.S.",92771,20216,144,28,0.00575368944555521,0.08650073409080505,0.9077455997467041,0.9019919103011489,Positive
919910256624447493,2017-10-16 12:57:50+00:00,2017-10-16,2017-10,Monday,12,iPhone,False,"The U.S. has gained more than 5.2 trillion dollars in Stock Market Value since Election Day! Also, record business enthusiasm.",96816,19613,126,20,0.0032284108456224203,0.03521468862891197,0.9615569114685059,0.9583285006228834,Positive
919914000959397888,2017-10-16 13:12:43+00:00,2017-10-16,2017-10,Monday,13,iPhone,False,"I was recently asked if Crooked Hillary Clinton is going to run in 2020? My answer was, ""I hope so!""",152051,35069,100,20,0.05921285226941109,0.39444324374198914,0.5463439226150513,0.4871310703456402,Positive
920069869365878785,2017-10-16 23:32:05+00:00,2017-10-16,2017-10,Monday,23,iPhone,False,Always great to see the wonderful people of South Carolina. Thank you for the beautiful welcome at Greenville-Spartanburg Int'l Airport! https://t.co/maO9Nc0sTe,65889,12313,160,21,0.0019937034230679274,0.008133556693792343,0.9898726940155029,0.987878990592435,Positive
920268091329859585,2017-10-17 12:39:45+00:00,2017-10-17,2017-10,Tuesday,12,iPhone,False,Rep.Tom Marino has informed me that he is withdrawing his name from consideration as drug czar. Tom is a fine man and a great Congressman!,50141,8702,138,25,0.014105403795838356,0.11268384754657745,0.8732107281684875,0.8591053243726492,Positive
920322631412473856,2017-10-17 16:16:28+00:00,2017-10-17,2017-10,Tuesday,16,iPhone,False,"""Dow Passes 23,000 for the First Time, Fueled by Strong Earnings"" #Dow23K📈https://t.co/wnkrddYlb9 https://t.co/wlP0NCNcou",46070,11493,121,13,0.002615773817524314,0.08072774857282639,0.916656494140625,0.9140407203231007,Positive
920340060947574786,2017-10-17 17:25:44+00:00,2017-10-17,2017-10,Tuesday,17,iPhone,False,Join me LIVE from the Rose Garden at 1:30pmE with Prime Minister Alexis Tsipras of Greece. ➡️https://t.co/Bn1vM6fYW9 https://t.co/dZB4mDBKpi,25242,4373,140,18,0.0035611086059361696,0.8202900886535645,0.17614886164665222,0.17258775304071605,Neutral
920363714062274560,2017-10-17 18:59:43+00:00,2017-10-17,2017-10,Tuesday,18,Media Studio,False,It was my great honor to welcome Prime Minister Alexis Tsipras of Greece to the WH today! 🎥https://t.co/Bn1vM6fYW9 📸https://t.co/j0roMFT3YL https://t.co/MPe5HWFcZ1,37587,6765,163,20,0.0017048012232407928,0.012217477895319462,0.9860777854919434,0.9843729842687026,Positive
920406959320371200,2017-10-17 21:51:34+00:00,2017-10-17,2017-10,Tuesday,21,iPhone,False,"So much Fake News being put in dying magazines and newspapers. Only place worse may be @NBCNews, @CBSNews, @ABC and @CNN. Fiction writers!",64187,16242,138,23,0.9184616804122925,0.07403521239757538,0.007503109984099865,-0.9109585704281926,Negative
920408108194783232,2017-10-17 21:56:08+00:00,2017-10-17,2017-10,Tuesday,21,iPhone,False,"Any increase in ObamaCare premiums is the fault of the Democrats for giving us a ""product"" that never had a chance of working.",72698,16808,126,23,0.9186055064201355,0.07609432190656662,0.0053001949563622475,-0.9133053114637733,Negative
920425069964349445,2017-10-17 23:03:32+00:00,2017-10-17,2017-10,Tuesday,23,iPhone,False,BORDER WALL prototypes underway! https://t.co/arFNO80zmO,104601,31067,56,5,0.01638861559331417,0.7848296761512756,0.19878165423870087,0.1823930386453867,Neutral
920425695507042305,2017-10-17 23:06:01+00:00,2017-10-17,2017-10,Tuesday,23,iPhone,False,WOW! https://t.co/eKfRktNVuy,63824,17165,28,2,0.00929197110235691,0.07858366519212723,0.9121243357658386,0.9028323646634817,Positive
920450535005851648,2017-10-18 00:44:43+00:00,2017-10-18,2017-10,Wednesday,0,Media Studio,False,"Thank you @Heritage! This is our once-in-a-generation opportunity to revitalize our economy, revive our industry &amp; renew the AMERICAN DREAM! https://t.co/HI30nojsGo",42699,9709,168,21,0.0021910984069108963,0.00915831420570612,0.9886505603790283,0.9864594619721174,Positive
920474831749025795,2017-10-18 02:21:16+00:00,2017-10-18,2017-10,Wednesday,2,Media Studio,False,The most important truth our FOUNDERS understood was: FREEDOM is NOT a gift from Govt. FREEDOM is a GIFT from GOD. 🎥https://t.co/rmAzGt8SuG https://t.co/SrPavwrt2R,63961,17935,163,23,0.0055771153420209885,0.12785324454307556,0.8665696382522583,0.8609925229102373,Positive
920595564064100352,2017-10-18 10:21:00+00:00,2017-10-18,2017-10,Wednesday,10,iPhone,False,"Wow, FBI confirms report that James Comey drafted letter exonerating Crooked Hillary Clinton long before investigation was complete. Many..",86318,24369,139,19,0.3982033431529999,0.5420334935188293,0.05976323038339615,-0.33844011276960373,Neutral
920597192666157057,2017-10-18 10:27:29+00:00,2017-10-18,2017-10,Wednesday,10,iPhone,False,"...people not interviewed, including Clinton herself. Comey stated under oath that he didn't do this-obviously a fix? Where is Justice Dept?",73678,19842,140,21,0.6195307374000549,0.3682290315628052,0.012240269221365452,-0.6072904681786895,Negative
920599916371693568,2017-10-18 10:38:18+00:00,2017-10-18,2017-10,Wednesday,10,iPhone,False,"The Democrats will only vote for Tax Increases. Hopefully, all Senate Republicans will vote for the largest Tax Cuts in U.S. history.",60724,14109,133,22,0.0880340114235878,0.47834280133247375,0.43362313508987427,0.34558912366628647,Neutral
920604520572424193,2017-10-18 10:56:36+00:00,2017-10-18,2017-10,Wednesday,10,iPhone,False,"As it has turned out, James Comey lied and leaked and totally protected Hillary Clinton. He was the best thing that ever happened to her!",94520,25384,137,25,0.43058571219444275,0.3305494785308838,0.23886486887931824,-0.1917208433151245,Negative
920606910109356032,2017-10-18 11:06:06+00:00,2017-10-18,2017-10,Wednesday,11,iPhone,False,The NFL has decided that it will not force players to stand for the playing of our National Anthem. Total disrespect for our great country!,101633,24511,139,25,0.8623634576797485,0.12550750374794006,0.012128946371376514,-0.850234511308372,Negative
920611770775064576,2017-10-18 11:25:24+00:00,2017-10-18,2017-10,Wednesday,11,iPhone,False,Democrat Congresswoman totally fabricated what I said to the wife of a soldier who died in action (and I have proof). Sad!,99764,25506,122,22,0.9250273704528809,0.06924046576023102,0.005732136778533459,-0.9192952336743474,Negative
920645935981613057,2017-10-18 13:41:10+00:00,2017-10-18,2017-10,Wednesday,13,iPhone,False,"I am supportive of Lamar as a person &amp; also of the process, but I can never support bailing out ins co's who have made a fortune w/ O'Care.",60949,13050,143,29,0.42336928844451904,0.5182647705078125,0.058365967124700546,-0.3650033213198185,Neutral
920667567030710272,2017-10-18 15:07:07+00:00,2017-10-18,2017-10,Wednesday,15,Media Studio,False,The current tax code is a burden on American taxpayers &amp; harmful to job-creators. Americans need #TaxReform! More: https://t.co/qXyiYiFWCO https://t.co/NGIjJOc3TP,43710,10590,166,20,0.8153547048568726,0.16520044207572937,0.019444847479462624,-0.7959098573774099,Negative
920695565578592256,2017-10-18 16:58:23+00:00,2017-10-18,2017-10,Wednesday,16,iPhone,False,Our hearts are with all affected by the wildfires in California. God bless our brave First Responders and @FEMA team. We support you! https://t.co/YaoPbaVI5L,44208,9044,157,24,0.028974618762731552,0.09300626814365387,0.8780191540718079,0.8490445353090763,Positive
920716270395371521,2017-10-18 18:20:39+00:00,2017-10-18,2017-10,Wednesday,18,Media Studio,False,It was an honor to welcome Republican and Democratic members of the Senate Finance Committee to the @WhiteHouse today. #TaxReform https://t.co/ge4Xic9fId,36710,7511,153,21,0.001605716533958912,0.015339093282818794,0.9830552339553833,0.9814495174214244,Positive
920733077349064707,2017-10-18 19:27:26+00:00,2017-10-18,2017-10,Wednesday,19,Media Studio,False,"""Iran hides behind its assertion of technical compliance w/the nuclear deal, while it brazenly violates the other limits.."" Amb. @NikkiHaley https://t.co/xvHgx7d1cT",42384,11941,164,21,0.6638227105140686,0.3268190622329712,0.009358208626508713,-0.6544645018875599,Negative
920751863426842625,2017-10-18 20:42:05+00:00,2017-10-18,2017-10,Wednesday,20,iPhone,False,".@NFL: Too much talk, not enough action. Stand for the National Anthem.",98961,23044,71,12,0.2891327142715454,0.6181026101112366,0.09276463091373444,-0.19636808335781097,Neutral
920776302231244800,2017-10-18 22:19:12+00:00,2017-10-18,2017-10,Wednesday,22,iPhone,False,This is what REAL PRIDE in our COUNTRY is all about! #USA🇺🇸 https://t.co/kyv866prdE,70464,18196,83,13,0.0023777552414685488,0.027047060430049896,0.970575213432312,0.9681974581908435,Positive
920783976784171008,2017-10-18 22:49:42+00:00,2017-10-18,2017-10,Wednesday,22,iPhone,False,"""20,000📈21,000📈22,000📈 23,000📈this year...FOUR one thousand milestones this year..."" #Dow23K #MAGA https://t.co/GQ5f2eVvEI",57977,14454,122,11,0.0045823692344129086,0.20594239234924316,0.7894752025604248,0.7848928333260119,Positive
920794597265088512,2017-10-18 23:31:54+00:00,2017-10-18,2017-10,Wednesday,23,iPhone,False,".@DanaPerino &amp; @BradThor, Thank you so much for the wonderful compliment. Working hard! #MAGA https://t.co/AKWlsMsCVH",44591,10559,121,15,0.0032313275150954723,0.010896551422774792,0.9858720898628235,0.982640762347728,Positive
920847844759699456,2017-10-19 03:03:29+00:00,2017-10-19,2017-10,Thursday,3,iPhone,False,"""46% of Americans think the Media is inventing stories about Trump &amp; his Administration."" @FoxNews It is actually much worse than this!",84057,19268,139,22,0.9136225581169128,0.0794810950756073,0.006896279286593199,-0.9067262788303196,Negative
920966294035451904,2017-10-19 10:54:09+00:00,2017-10-19,2017-10,Thursday,10,iPhone,False,"Republicans are going for the big Budget approval today, first step toward massive tax cuts. I think we have the votes, but who knows?",72482,13566,134,24,0.012252145446836948,0.2319490909576416,0.7557988166809082,0.7435466712340713,Positive
920972261032648705,2017-10-19 11:17:52+00:00,2017-10-19,2017-10,Thursday,11,iPhone,False,"Uranium deal to Russia, with Clinton help and Obama Administration knowledge, is the biggest story that Fake Media doesn't want to follow!",120166,40651,138,22,0.7904428839683533,0.19422170519828796,0.015335417352616787,-0.7751074666157365,Negative
920981920787386368,2017-10-19 11:56:15+00:00,2017-10-19,2017-10,Thursday,11,iPhone,False,"Workers of firm involved with the discredited and Fake Dossier take the 5th. Who paid for it, Russia, the FBI or the Dems (or all)?",88012,26139,131,25,0.5267037749290466,0.4563918113708496,0.016904430463910103,-0.5097993444651365,Negative
920988223362469891,2017-10-19 12:21:18+00:00,2017-10-19,2017-10,Thursday,12,iPhone,False,".@foxandfriends ""Russia sent millions to Clinton Foundation""",73035,23830,60,7,0.28357094526290894,0.6897149085998535,0.026714153587818146,-0.2568567916750908,Neutral
921113816053755904,2017-10-19 20:40:21+00:00,2017-10-19,2017-10,Thursday,20,iPhone,False,It was great to have Governor @RicardoRossello of #PuertoRico🇵🇷with us at the @WhiteHouse today. We are with you! #PRStrong https://t.co/Op2xDZxvNc,50193,11028,147,20,0.002228263532742858,0.013474916107952595,0.9842968583106995,0.9820685947779566,Positive
921189980843663360,2017-10-20 01:43:00+00:00,2017-10-20,2017-10,Friday,1,Media Studio,False,"Keep up the GREAT work. I am with you 100%! ""ISIS is losing its grip..."" Army Colonel Ryan Dillon CJTF–OIR https://t.co/jVGuvv5mzm https://t.co/PSCXg38CtS",55541,12948,154,22,0.0634704977273941,0.33364418148994446,0.6028853058815002,0.5394148081541061,Positive
921207772233990144,2017-10-20 02:53:42+00:00,2017-10-20,2017-10,Friday,2,iPhone,False,"The Fake News is going crazy with wacky Congresswoman Wilson(D), who was SECRETLY on a very personal call, and gave a total lie on content!",91586,21124,139,25,0.8766313195228577,0.11097505688667297,0.012393563985824585,-0.8642377555370331,Negative
921209530628956161,2017-10-20 03:00:42+00:00,2017-10-20,2017-10,Friday,3,iPhone,False,Big ratings getter @seanhannity and Apprentice Champion John Rich are right now going on stage in Las Vegas for #VegasStrong. Great Show!,52376,9931,137,22,0.00182063109241426,0.024799328297376633,0.9733800888061523,0.9715594577137381,Positive
921242760685998080,2017-10-20 05:12:44+00:00,2017-10-20,2017-10,Friday,5,iPhone,False,Great news on the 2018 budget @SenateMajLdr McConnell - first step toward delivering MASSIVE tax cuts for the American people! #TaxReform https://t.co/aBzQR7KR0c,55053,13058,161,22,0.0032919447403401136,0.016040094196796417,0.9806679487228394,0.9773760039824992,Positive
921317883321430016,2017-10-20 10:11:15+00:00,2017-10-20,2017-10,Friday,10,iPhone,False,"The Budget passed late last night, 51 to 49. We got ZERO Democrat votes with only Rand Paul (he will vote for Tax Cuts) voting against.....",72214,16037,139,26,0.6790904402732849,0.2863500416278839,0.034559570252895355,-0.6445308700203896,Negative
921319017826091008,2017-10-20 10:15:45+00:00,2017-10-20,2017-10,Friday,10,iPhone,False,"....This now allows for the passage of large scale Tax Cuts (and Reform), which will be the biggest in the history of our country!",75640,15323,130,24,0.004321794491261244,0.11042817682027817,0.8852500319480896,0.8809282374568284,Positive
921323063945453574,2017-10-20 10:31:50+00:00,2017-10-20,2017-10,Friday,10,iPhone,False,"Just out report: ""United Kingdom crime rises 13% annually amid spread of Radical Islamic terror."" Not good, we must keep America safe!",109246,29854,134,22,0.9268698692321777,0.06758632510900497,0.0055438317358493805,-0.9213260374963284,Negative
921443729990397952,2017-10-20 18:31:19+00:00,2017-10-20,2017-10,Friday,18,Media Studio,False,Thank you @GeraldoRivera @FoxandFriends. Agree! https://t.co/8cZLdAbgzw,49511,13187,71,6,0.002384552964940667,0.031126901507377625,0.9664884805679321,0.9641039276029915,Positive
921448521617821701,2017-10-20 18:50:21+00:00,2017-10-20,2017-10,Friday,18,iPhone,False,"Today, it was an honor to have @UN Secretary-General @AntonioGuterres at the @WhiteHouse. Speaking for the U.S.A., we appreciate all you do! https://t.co/Sk0Jcazzxw",36967,7177,164,23,0.0024344332050532103,0.015267178416252136,0.9822983741760254,0.9798639409709722,Positive
921483820288921601,2017-10-20 21:10:37+00:00,2017-10-20,2017-10,Friday,21,Media Studio,False,This is a once-in-a-generation opportunity to offer historic tax relief to the American people! Join me today: https://t.co/9czcJDbmVW https://t.co/s3kXpvbYih,64941,16056,158,19,0.0014649000950157642,0.037457533180713654,0.9610775709152222,0.9596126708202064,Positive
921524504836395008,2017-10-20 23:52:17+00:00,2017-10-20,2017-10,Friday,23,iPhone,False,"Great book just out, ""A Place Called Heaven,"" by Dr. Robert Jeffress - A wonderful man!",72943,14079,87,16,0.002465605502948165,0.009426183998584747,0.988108217716217,0.9856426122132689,Positive
921705862992887808,2017-10-21 11:52:56+00:00,2017-10-21,2017-10,Saturday,11,iPhone,False,"Budget that just passed is a really big deal, especially in terms of what will be the biggest tax cut in U.S. history - MSM barely covered!",71126,15668,139,27,0.04575708135962486,0.1712493747472763,0.7829935550689697,0.7372364737093449,Positive
921709468055896064,2017-10-21 12:07:16+00:00,2017-10-21,2017-10,Saturday,12,iPhone,False,"I hope the Fake News Media keeps talking about Wacky Congresswoman Wilson in that she, as a representative, is killing the Democrat Party!",92789,20325,138,23,0.9155305027961731,0.07313116639852524,0.011338310316205025,-0.9041921924799681,Negative
921716470140325889,2017-10-21 12:35:05+00:00,2017-10-21,2017-10,Saturday,12,iPhone,False,"Subject to the receipt of further information, I will be allowing, as President, the long blocked and classified JFK FILES to be opened.",213796,70990,136,23,0.06615013629198074,0.8494969010353088,0.08435296267271042,0.018202826380729675,Neutral
921724821939130369,2017-10-21 13:08:17+00:00,2017-10-21,2017-10,Saturday,13,iPhone,False,People get what is going on! https://t.co/Pdg7VqQv6M,55439,16020,52,7,0.05249067768454552,0.772865355014801,0.17464396357536316,0.12215328589081764,Neutral
921726400922619904,2017-10-21 13:14:33+00:00,2017-10-21,2017-10,Saturday,13,iPhone,False,Stock Market hits another all time high on Friday. 5.3 trillion dollars up since Election. Fake News doesn't spent much time on this!,96172,21391,133,23,0.25995415449142456,0.4380203187465668,0.3020254671573639,0.04207131266593933,Neutral
921780758372642816,2017-10-21 16:50:33+00:00,2017-10-21,2017-10,Saturday,16,iPhone,False,“Trump hails liberation of Raqqa as critical breakthrough in anti-ISIS campaign” https://t.co/2eoYXJB7h0,48552,11255,104,12,0.010941564105451107,0.5237997770309448,0.4652586877346039,0.4543171236291528,Neutral
921828280998744066,2017-10-21 19:59:23+00:00,2017-10-21,2017-10,Saturday,19,iPhone,False,"Officials behind the now discredited ""Dossier"" plead the Fifth. Justice Department and/or FBI should immediately release who paid for it.",84962,25360,137,20,0.7675355076789856,0.21912544965744019,0.013339057564735413,-0.7541964501142502,Negative
921829947093733376,2017-10-21 20:06:00+00:00,2017-10-21,2017-10,Saturday,20,iPhone,False,"Keep hearing about ""tiny"" amount of money spent on Facebook ads. What about the billions of dollars of Fake News on CNN, ABC, NBC &amp; CBS?",101054,24336,140,26,0.5861666798591614,0.3909491002559662,0.022884223610162735,-0.5632824562489986,Negative
921848853090983938,2017-10-21 21:21:08+00:00,2017-10-21,2017-10,Saturday,21,iPhone,False,"Crooked Hillary Clinton spent hundreds of millions of dollars more on Presidential Election than I did. Facebook was on her side, not mine!",102739,23221,139,23,0.7953985333442688,0.18554864823818207,0.019052797928452492,-0.7763457354158163,Negative
921871707564101632,2017-10-21 22:51:57+00:00,2017-10-21,2017-10,Saturday,22,iPhone,False,"Just out, but lightly reported: ""Fewest jobless claims since 1973 show firm U.S. Job Market"" Lowest since March 1973. @bpolitics",67844,17376,128,20,0.20127244293689728,0.7586846947669983,0.04004288837313652,-0.16122955456376076,Neutral
921888248707846144,2017-10-21 23:57:41+00:00,2017-10-21,2017-10,Saturday,23,iPhone,False,"I agree getting Tax Cuts approved is important (we will also get HealthCare), but perhaps no Administration has done more in its first.....",71314,13683,139,23,0.050144728273153305,0.5074527859687805,0.44240251183509827,0.39225778356194496,Neutral
921889525881819136,2017-10-22 00:02:45+00:00,2017-10-22,2017-10,Sunday,0,iPhone,False,"...9 months than this Administration. Over 50 Legislation approvals, massive regulation cuts, energy freedom, pipelines, border security....",78893,16276,140,17,0.49432918429374695,0.4214279353618622,0.08424291759729385,-0.4100862666964531,Negative
921891186352287744,2017-10-22 00:09:21+00:00,2017-10-22,2017-10,Sunday,0,iPhone,False,"...2nd Amendment, Strong Military, ISIS, historic VA improvement, Supreme Court Justice, Record Stock Market, lowest unemployment in 17 yrs!",79676,17602,140,19,0.007374471984803677,0.06233830377459526,0.9302871823310852,0.9229127103462815,Positive
922067676708638721,2017-10-22 11:50:39+00:00,2017-10-22,2017-10,Sunday,11,iPhone,False,Doing interview today with Maria Bartiromo at 10:00 A.M. on @FoxNews - ENJOY!,48368,7956,77,13,0.0016486006788909435,0.1647598296403885,0.8335915803909302,0.8319429797120392,Positive
922070659093671936,2017-10-22 12:02:31+00:00,2017-10-22,2017-10,Sunday,12,iPhone,False,"Wacky Congresswoman Wilson is the gift that keeps on giving for the Republican Party, a disaster for Dems. You watch her in action &amp; vote R!",110087,23964,144,26,0.7240844964981079,0.19806994497776031,0.0778454914689064,-0.6462390050292015,Negative
922072236592435200,2017-10-22 12:08:47+00:00,2017-10-22,2017-10,Sunday,12,iPhone,False,"It is finally sinking through. 46% OF PEOPLE BELIEVE MAJOR NATIONAL NEWS ORGS FABRICATE STORIES ABOUT ME. FAKE NEWS, even worse! Lost cred.",125751,27997,139,23,0.9528374075889587,0.04233074188232422,0.004831932485103607,-0.9480054751038551,Negative
922428118685581313,2017-10-23 11:42:56+00:00,2017-10-23,2017-10,Monday,11,iPhone,False,"There will be NO change to your 401(k). This has always been a great and popular middle class tax break that works, and it stays!",118075,25159,129,25,0.012357840314507484,0.09081914275884628,0.896822988986969,0.8844651486724615,Positive
922430688703451136,2017-10-23 11:53:08+00:00,2017-10-23,2017-10,Monday,11,iPhone,False,"Two dozen NFL players continue to kneel during the National Anthem, showing total disrespect to our Flag &amp; Country. No leadership in NFL!",118167,25192,141,23,0.9243440628051758,0.06838877499103546,0.007267128210514784,-0.917076934594661,Negative
922440008971292672,2017-10-23 12:30:10+00:00,2017-10-23,2017-10,Monday,12,iPhone,False,"I had a very respectful conversation with the widow of Sgt. La David Johnson, and spoke his name from beginning, without hesitation!",89997,17537,132,22,0.009238080121576786,0.1715211272239685,0.8192408084869385,0.8100027283653617,Positive
922603042796654592,2017-10-23 23:18:01+00:00,2017-10-23,2017-10,Monday,23,iPhone,False,We will never forget the 241 American service members killed by Hizballah in Beirut. They died in service to our nation. https://t.co/BaQZDA3s2e,73233,17642,144,22,0.8755530118942261,0.1149875670671463,0.009459426626563072,-0.866093585267663,Negative
922798321739161600,2017-10-24 12:13:59+00:00,2017-10-24,2017-10,Tuesday,12,iPhone,False,"Bob Corker, who helped President O give us the bad Iran Deal &amp; couldn't get elected dog catcher in Tennessee, is now fighting Tax Cuts....",83559,20849,142,25,0.8045288324356079,0.1850384920835495,0.010432715527713299,-0.7940961169078946,Negative
922799981874089985,2017-10-24 12:20:35+00:00,2017-10-24,2017-10,Tuesday,12,iPhone,False,"...Corker dropped out of the race in Tennesse when I refused to endorse him, and now is only negative on anything Trump. Look at his record!",61172,13673,140,26,0.8181143403053284,0.1703144758939743,0.01157119870185852,-0.8065431416034698,Negative
922817539251556353,2017-10-24 13:30:21+00:00,2017-10-24,2017-10,Tuesday,13,iPhone,False,"Isn't it sad that lightweight Senator Bob Corker, who couldn't get re-elected in the Great State of Tennessee, will now fight Tax Cuts plus!",60101,14306,140,24,0.8236091136932373,0.158584326505661,0.017806563526391983,-0.8058025501668453,Negative
922828476872318976,2017-10-24 14:13:48+00:00,2017-10-24,2017-10,Tuesday,14,iPhone,False,"Sen. Corker is the incompetent head of the Foreign Relations Committee, &amp; look how poorly the U.S. has done. He doesn't have a clue as.....",64328,14402,143,25,0.9464268684387207,0.04794620722532272,0.005626916419714689,-0.940799952019006,Negative
922830229525225477,2017-10-24 14:20:46+00:00,2017-10-24,2017-10,Tuesday,14,iPhone,False,...the entire World WAS laughing and taking advantage of us. People like liddle' Bob Corker have set the U.S. way back. Now we move forward!,68553,15461,140,25,0.827582836151123,0.15057876706123352,0.021838435903191566,-0.8057444002479315,Negative
922833943749103621,2017-10-24 14:35:32+00:00,2017-10-24,2017-10,Tuesday,14,iPhone,False,Stock Market just hit another record high! Jobs looking very good.,99849,19348,66,11,0.002750094747170806,0.014140953309834003,0.9831089377403259,0.9803588429931551,Positive
922903426434064384,2017-10-24 19:11:38+00:00,2017-10-24,2017-10,Tuesday,19,iPhone,False,"“President Donald J. Trump Proclaims October 24, 2017, as United Nations Day” Read more: https://t.co/cyRAQAKhy2 https://t.co/HVD0kLYlBk",32038,6719,136,16,0.0048074726946651936,0.9183973073959351,0.076795294880867,0.07198782218620181,Neutral
922951009277825024,2017-10-24 22:20:42+00:00,2017-10-24,2017-10,Tuesday,22,iPhone,False,So nice being with Republican Senators today. Multiple standing ovations! Most are great people who want big Tax Cuts and success for U.S.,89407,17165,138,23,0.004497545771300793,0.011031316593289375,0.9844712018966675,0.9799736561253667,Positive
923147501418446849,2017-10-25 11:21:30+00:00,2017-10-25,2017-10,Wednesday,11,iPhone,False,"""Clinton campaign &amp; DNC paid for research that led to the anti-Trump Fake News Dossier. The victim here is the President."" @FoxNews",79929,23207,135,22,0.7426548004150391,0.24223650991916656,0.015108752995729446,-0.7275460474193096,Negative
923149037523566592,2017-10-25 11:27:36+00:00,2017-10-25,2017-10,Wednesday,11,iPhone,False,"The reason Flake and Corker dropped out of the Senate race is very simple, they had zero chance of being elected. Now act so hurt &amp; wounded!",68524,15617,144,27,0.9071376919746399,0.08685639500617981,0.0060059488750994205,-0.9011317430995405,Negative
923149793974775810,2017-10-25 11:30:36+00:00,2017-10-25,2017-10,Wednesday,11,iPhone,False,"The meeting with Republican Senators yesterday, outside of Flake and Corker, was a love fest with standing ovations and great ideas for USA!",60710,12264,140,23,0.0031481690239161253,0.017975836992263794,0.978875994682312,0.9757278256583959,Positive
923150966551171073,2017-10-25 11:35:16+00:00,2017-10-25,2017-10,Wednesday,11,iPhone,False,"Working hard on the biggest tax cut in U.S. history. Great support from so many sides. Big winners will be the middle class, business &amp; JOBS",95816,19051,144,26,0.004182314034551382,0.020426463335752487,0.9753912091255188,0.9712088950909674,Positive
923165619868131329,2017-10-25 12:33:30+00:00,2017-10-25,2017-10,Wednesday,12,iPhone,False,"Jeff Flake, with an 18% approval rating in Arizona, said ""a lot of my colleagues have spoken out."" Really, they just gave me a standing O!",74229,15719,138,26,0.05652792751789093,0.45801445841789246,0.4854576289653778,0.4289297014474869,Positive
923212567232774145,2017-10-25 15:40:03+00:00,2017-10-25,2017-10,Wednesday,15,iPhone,False,MAKE AMERICA GREAT AGAIN! https://t.co/CbEwJSQ1A3,51452,13946,49,5,0.004113768693059683,0.03918832540512085,0.956697940826416,0.9525841721333563,Positive
923237600009342978,2017-10-25 17:19:31+00:00,2017-10-25,2017-10,Wednesday,17,iPhone,False,"Congrats to @Reince Priebus, a really good and talented man. We’re proud of you Reince! https://t.co/7AsjAMrSnV",33443,6074,111,16,0.0024544515181332827,0.0092671113088727,0.9882783889770508,0.9858239374589175,Positive
923244308848881665,2017-10-25 17:46:10+00:00,2017-10-25,2017-10,Wednesday,17,iPhone,False,Just interviewed by @LouDobbs. Will be aired tonight at 7pmE on @FoxBusiness. #Dobbs,37609,7881,84,13,0.004325190093368292,0.9134849309921265,0.08218986541032791,0.07786467531695962,Neutral
923268967728386049,2017-10-25 19:24:10+00:00,2017-10-25,2017-10,Wednesday,19,iPhone,False,"Spoke to President Xi of China to congratulate him on his extraordinary elevation. Also discussed NoKo &amp; trade, two very important subjects!",56132,9943,144,22,0.0023473266046494246,0.039314888417720795,0.9583378434181213,0.9559905168134719,Positive
923272793457913857,2017-10-25 19:39:22+00:00,2017-10-25,2017-10,Wednesday,19,iPhone,False,Melania and I look forward to being with President Xi &amp; Madame Peng Liyuan in China in two weeks for what will hopefully be a historic trip! https://t.co/uFMonzza7N,46862,9115,168,28,0.001033084117807448,0.0211342703551054,0.9778326153755188,0.9767995312577114,Positive
923277142271684609,2017-10-25 19:56:39+00:00,2017-10-25,2017-10,Wednesday,19,iPhone,False,The long anticipated release of the #JFKFiles will take place tomorrow. So interesting!,125353,34480,87,13,0.0017519089160487056,0.03467551991343498,0.9635725021362305,0.9618205932201818,Positive
923312613584289792,2017-10-25 22:17:36+00:00,2017-10-25,2017-10,Wednesday,22,Media Studio,False,"Texas @GovAbbott &amp; Lt. Gov. @DanPatrick, Thank you for todays briefing on hurricane recovery efforts here in TX. Keep up the great work! https://t.co/rBel6IWrJl",35466,7253,164,24,0.00433233380317688,0.04342588037252426,0.9522417783737183,0.9479094445705414,Positive
923320000185847808,2017-10-25 22:46:57+00:00,2017-10-25,2017-10,Wednesday,22,iPhone,False,Interview with @LouDobbs coming up at 7pmE on @FoxBusiness. Enjoy! https://t.co/9V9z015kVl,32028,5999,90,11,0.0016705625457689166,0.12213940173387527,0.8761900067329407,0.8745194441871718,Positive
923365521847934976,2017-10-26 01:47:50+00:00,2017-10-26,2017-10,Thursday,1,iPad,False,This will be the biggest TAX CUT in the history of our country - and we need it! #TaxReform Read more: https://t.co/o3W9bJkz5k https://t.co/JYckXWEmLu,51774,12028,150,23,0.007034584414213896,0.08854661881923676,0.9044187664985657,0.8973841820843518,Positive
923392161634275328,2017-10-26 03:33:41+00:00,2017-10-26,2017-10,Thursday,3,Media Studio,False,"Together, we will Make America Great Again! #AmericaFirst🇺🇸 https://t.co/ajiC3flNkI",53869,13314,83,9,0.004000950139015913,0.04118562862277031,0.9548134207725525,0.9508124706335366,Positive
923546192511946752,2017-10-26 13:45:45+00:00,2017-10-26,2017-10,Thursday,13,iPhone,False,Will be another Sean success! https://t.co/SlNTENvJLA,40800,9450,53,6,0.002366572618484497,0.017340969294309616,0.9802924990653992,0.9779259264469147,Positive
923551572218572802,2017-10-26 14:07:08+00:00,2017-10-26,2017-10,Thursday,14,iPhone,False,"Ed Gillespie will turn the really bad Virginia economy #'s around, and fast. Strong on crime, he might even save our great statues/heritage!",62710,13706,140,23,0.31836453080177307,0.37050455808639526,0.31113091111183167,-0.007233619689941406,Neutral
923552633633337344,2017-10-26 14:11:21+00:00,2017-10-26,2017-10,Thursday,14,iPhone,False,"Ed Gillespie will be a great Governor of Virginia. His opponent doesn't even show up to meetings/work, and will be VERY weak on crime!",54271,12226,134,24,0.12078652530908585,0.22005753219127655,0.6591559648513794,0.5383694395422935,Positive
923557515828310020,2017-10-26 14:30:45+00:00,2017-10-26,2017-10,Thursday,14,iPhone,False,Do not underestimate the UNITY within the Republican Party!,70024,13441,59,9,0.10449518263339996,0.5625596642494202,0.3329451382160187,0.2284499555826187,Neutral
923566287263068161,2017-10-26 15:05:36+00:00,2017-10-26,2017-10,Thursday,15,iPhone,False,Big news - Budget just passed!,136635,25656,30,6,0.002077671466395259,0.014766143634915352,0.983156144618988,0.9810784731525928,Positive
923662988833427458,2017-10-26 21:29:52+00:00,2017-10-26,2017-10,Thursday,21,Media Studio,False,"Effective today, my administration officially declared the #OpioidCrisis a NATIONAL PUBLIC HEALTH EMERGENCY under federal law. https://t.co/YosOBurdCw",57440,13409,150,17,0.047041963785886765,0.8190556168556213,0.1339024007320404,0.08686043694615364,Neutral
923720632122200064,2017-10-27 01:18:55+00:00,2017-10-27,2017-10,Friday,1,iPad,False,"WORKING TOGETHER, we will defeat this #OpioidEpidemic &amp; free our nation from the terrible affliction of drug abuse. https://t.co/iAZjqGMwav https://t.co/mZI5uQN4oZ",46633,10237,167,20,0.1408211588859558,0.5019058585166931,0.3572729825973511,0.21645182371139526,Neutral
923866515358789633,2017-10-27 10:58:36+00:00,2017-10-27,2017-10,Friday,10,iPhone,False,"Wacky &amp; totally unhinged Tom Steyer, who has been fighting me and my Make America Great Again agenda from beginning, never wins elections!",55387,11822,142,23,0.8363734483718872,0.13372120261192322,0.02990540862083435,-0.8064680397510529,Negative
923866849451888640,2017-10-27 10:59:56+00:00,2017-10-27,2017-10,Friday,10,iPhone,False,Thank you @foxandfriends. Really great job and show!,45149,7200,52,8,0.004822172690182924,0.010597702115774155,0.9845801591873169,0.979757986497134,Positive
923869147091451904,2017-10-27 11:09:03+00:00,2017-10-27,2017-10,Friday,11,iPhone,False,"Congratulations to @SpeakerRyan, @GOPLeader, @SteveScalise and to the Republican Party on Budget passage yesterday. Now for biggest Tax Cuts",46606,8967,140,19,0.002778321271762252,0.026318028569221497,0.9709036946296692,0.9681253733579069,Positive
923871062072295427,2017-10-27 11:16:40+00:00,2017-10-27,2017-10,Friday,11,iPhone,False,Good luck to @Joy_Villa on her decision to enter the wonderful world of politics. She has many fans!,51214,10481,100,18,0.002281561493873596,0.010251480154693127,0.9874669909477234,0.9851854294538498,Positive
923873579539861506,2017-10-27 11:26:40+00:00,2017-10-27,2017-10,Friday,11,iPhone,False,Happy birthday to the great @leegreenwood83. You and your beautiful song have made such a difference. MAKE AMERICA GREAT AGAIN!,15767,3138,127,20,0.0026020642835646868,0.006429008673876524,0.9909688830375671,0.9883668187540025,Positive
923876612013248512,2017-10-27 11:38:43+00:00,2017-10-27,2017-10,Friday,11,iPhone,False,JFK Files are being carefully released. In the end there will be great transparency. It is my hope to get just about everything to public!,97067,20021,138,25,0.01103067584335804,0.19056753814220428,0.7984017729759216,0.7873710971325636,Positive
923894747793580033,2017-10-27 12:50:47+00:00,2017-10-27,2017-10,Friday,12,iPhone,False,Happy birthday to the great @TheLeeGreenwood. You and your beautiful song have made such a difference. MAKE AMERICA GREAT AGAIN!,50517,10166,128,20,0.0026020642835646868,0.006429008673876524,0.9909688830375671,0.9883668187540025,Positive
923905540291522560,2017-10-27 13:33:40+00:00,2017-10-27,2017-10,Friday,13,iPhone,False,"It is now commonly agreed, after many months of COSTLY looking, that there was NO collusion between Russia and Trump. Was collusion with HC!",103090,28344,140,24,0.2582915127277374,0.6531647443771362,0.08854372054338455,-0.16974779218435287,Neutral
923920535607828481,2017-10-27 14:33:15+00:00,2017-10-27,2017-10,Friday,14,iPhone,False,Thank you @FLGovScott. https://t.co/rgdU9plvFK,40225,8302,46,4,0.0034004796762019396,0.021487271413207054,0.97511225938797,0.971711779711768,Positive
923925428372492288,2017-10-27 14:52:42+00:00,2017-10-27,2017-10,Friday,14,iPhone,False,"Diane Black of Tennessee, the highly respected House Budget Committee Chairwoman, did a GREAT job in passing Budget, setting up big Tax Cuts",62357,11952,140,23,0.0035381936468183994,0.028702327981591225,0.9677594900131226,0.9642212963663042,Positive
923976737788227584,2017-10-27 18:16:35+00:00,2017-10-27,2017-10,Friday,18,iPad,False,We are inspired by the stories of everyday heroes who pull their communities from the depths of despair through leadership and love. https://t.co/DL3oan4Fm7,49044,10359,156,23,0.004672964569181204,0.037348672747612,0.9579783082008362,0.953305343631655,Positive
924011278804357120,2017-10-27 20:33:50+00:00,2017-10-27,2017-10,Friday,20,iPhone,False,.@FoxNews Chris Wallace: “More evidence of Dem collusion with Russia than GOP” https://t.co/nACQerJSiu,46350,13627,102,13,0.13769254088401794,0.8345988988876343,0.02770853228867054,-0.1099840085953474,Neutral
924022268929433600,2017-10-27 21:17:31+00:00,2017-10-27,2017-10,Friday,21,iPad,False,People are anxiously awaiting my decision as to who the next head of the Fed will be.... 🎥https://t.co/PEj1KNYcAO,45721,9029,113,18,0.01368207298219204,0.7027091383934021,0.2836087644100189,0.2699266914278269,Neutral
924056425298571265,2017-10-27 23:33:14+00:00,2017-10-27,2017-10,Friday,23,iPad,False,Happy Birthday @TheLeeGreenwood! #FlashbackFriday https://t.co/MCrMK6Eurm,42936,10335,73,5,0.002260873792693019,0.010618914850056171,0.9871202111244202,0.9848593373317271,Positive
924064610038272000,2017-10-28 00:05:45+00:00,2017-10-28,2017-10,Saturday,0,Web,False,#JFKFiles https://t.co/AnPBSJFh3J,67193,18025,33,2,0.06371205300092697,0.8924961686134338,0.04379184916615486,-0.01992020383477211,Neutral
924096747122634752,2017-10-28 02:13:28+00:00,2017-10-28,2017-10,Saturday,2,iPhone,False,“WHAT HAPPENED” “How Team Hillary played the press for fools on Russia” ➡️https://t.co/GqpIidk017 NOW WE KNOW! https://t.co/SgWL1HZmkI,70296,26272,134,17,0.20409969985485077,0.7630276083946228,0.03287268802523613,-0.17122701182961464,Neutral
924249943719727104,2017-10-28 12:22:12+00:00,2017-10-28,2017-10,Saturday,12,iPhone,False,Very little reporting about the GREAT GDP numbers announced yesterday (3.0 despite the big hurricane hits). Best consecutive Q's in years!,90590,21327,138,21,0.015837782993912697,0.06448127329349518,0.9196808934211731,0.9038431104272604,Positive
924251519121346560,2017-10-28 12:28:28+00:00,2017-10-28,2017-10,Saturday,12,iPhone,False,Just read the nice remarks by President Jimmy Carter about me and how badly I am treated by the press (Fake News). Thank you Mr. President!,134020,24370,139,26,0.14490297436714172,0.1980193555355072,0.6570776700973511,0.5121746957302094,Positive
924284026394959872,2017-10-28 14:37:38+00:00,2017-10-28,2017-10,Saturday,14,iPad,False,Today is National Prescription Drug Take Back Day. Everyone can help fight the #OpioidEpidemic by participating! https://t.co/ONObTWOaOn https://t.co/CYG11DnxH7,42273,9296,160,18,0.007753906771540642,0.2521161437034607,0.7401299476623535,0.7323760408908129,Positive
924382514613030912,2017-10-28 21:09:00+00:00,2017-10-28,2017-10,Saturday,21,iPad,False,"After strict consultation with General Kelly, the CIA and other Agencies, I will be releasing ALL #JFKFiles other than the names and...",73321,17357,135,22,0.03375425189733505,0.9210191965103149,0.0452265627682209,0.011472310870885849,Neutral
924382752941756421,2017-10-28 21:09:57+00:00,2017-10-28,2017-10,Saturday,21,iPad,True,"...addresses of any mentioned person who is still living. I am doing this for reasons of full disclosure, transparency and...",52263,10697,125,20,0.02605583518743515,0.8820777535438538,0.09186649322509766,0.0658106580376625,Neutral
924382919845666816,2017-10-28 21:10:36+00:00,2017-10-28,2017-10,Saturday,21,iPad,True,...in order to put any and all conspiracy theories to rest.,55183,10859,59,11,0.39339742064476013,0.5800522565841675,0.026550332084298134,-0.366847088560462,Neutral
924397489037430784,2017-10-28 22:08:30+00:00,2017-10-28,2017-10,Saturday,22,iPhone,False,"Happy #FirstRespondersDay to all of our HEROES out there. We are forever grateful to you for your service, sacrifice and courage 24/7/365! https://t.co/vOcTlyOeyw",64713,15183,162,23,0.0029793288558721542,0.008474093861877918,0.98854660987854,0.9855672810226679,Positive
924400308834455552,2017-10-28 22:19:42+00:00,2017-10-28,2017-10,Saturday,22,iPhone,False,While not at all presidential I must point out that the Sloppy Michael Moore Show on Broadway was a TOTAL BOMB and was forced to close. Sad!,118041,26297,140,27,0.8654975891113281,0.11312264949083328,0.021379675716161728,-0.8441179133951664,Negative
924414387343028224,2017-10-28 23:15:39+00:00,2017-10-28,2017-10,Saturday,23,iPhone,False,"JFK Files are released, long ahead of schedule!",95386,20238,47,8,0.015856588259339333,0.4424244463443756,0.5417189598083496,0.5258623715490103,Positive
924625061100867584,2017-10-29 13:12:47+00:00,2017-10-29,2017-10,Sunday,13,iPhone,False,"As usual, the ObamaCare premiums will be up (the Dems own it), but we will Repeal &amp; Replace and have great Healthcare soon after Tax Cuts!",69208,14577,142,26,0.04201151803135872,0.2798739969730377,0.6781144738197327,0.636102955788374,Positive
924635359480303616,2017-10-29 13:53:43+00:00,2017-10-29,2017-10,Sunday,13,iPhone,False,"Never seen such Republican ANGER &amp; UNITY as I have concerning the lack of investigation on Clinton made Fake Dossier (now $12,000,000?),....",114789,30780,144,22,0.8644135594367981,0.12527544796466827,0.010310978628695011,-0.8541025808081031,Negative
924637600094326784,2017-10-29 14:02:37+00:00,2017-10-29,2017-10,Sunday,14,iPhone,False,"...the Uranium to Russia deal, the 33,000 plus deleted Emails, the Comey fix and so much more. Instead they look at phony Trump/Russia,....",90215,24360,139,23,0.6633188128471375,0.3149511516094208,0.02173006348311901,-0.6415887493640184,Negative
924639422066384896,2017-10-29 14:09:51+00:00,2017-10-29,2017-10,Sunday,14,iPhone,False,"...""collusion,"" which doesn't exist. The Dems are using this terrible (and bad for our country) Witch Hunt for evil politics, but the R's...",76214,18343,140,23,0.8772274851799011,0.11317285895347595,0.009599670767784119,-0.867627814412117,Negative
924641278947622913,2017-10-29 14:17:14+00:00,2017-10-29,2017-10,Sunday,14,iPhone,False,"...are now fighting back like never before. There is so much GUILT by Democrats/Clinton, and now the facts are pouring out. DO SOMETHING!",103162,25711,137,23,0.819610595703125,0.16314129531383514,0.017248082906007767,-0.8023625127971172,Negative
924649059520073730,2017-10-29 14:48:09+00:00,2017-10-29,2017-10,Sunday,14,iPhone,False,"All of this ""Russia"" talk right when the Republicans are making their big push for historic Tax Cuts &amp; Reform. Is this coincidental? NOT!",94912,24182,141,24,0.6018794178962708,0.3484269678592682,0.049693670123815536,-0.5521857477724552,Negative
924963492645437441,2017-10-30 11:37:36+00:00,2017-10-30,2017-10,Monday,11,iPhone,False,"Report out that Obama Campaign paid $972,000 to Fusion GPS. The firm also got $12,400,000 (really?) from DNC. Nobody knows who OK'd!",110605,34730,132,22,0.4157697856426239,0.5507879257202148,0.03344224765896797,-0.38232753798365593,Neutral
924966722544848896,2017-10-30 11:50:26+00:00,2017-10-30,2017-10,Monday,11,iPhone,False,Great job by MichaelCaputo on @foxandfriends.,44301,7775,45,6,0.003437964478507638,0.017920294776558876,0.9786417484283447,0.9752037839498371,Positive
925005659569041409,2017-10-30 14:25:09+00:00,2017-10-30,2017-10,Monday,14,iPhone,False,"Sorry, but this is years ago, before Paul Manafort was part of the Trump campaign. But why aren't Crooked Hillary &amp; the Dems the focus?????",123689,35801,143,25,0.722220778465271,0.26560071110725403,0.012178546749055386,-0.7100422317162156,Negative
925006418989715456,2017-10-30 14:28:10+00:00,2017-10-30,2017-10,Monday,14,iPhone,False,"....Also, there is NO COLLUSION!",93864,23347,32,5,0.6682209372520447,0.28223085403442383,0.04954816773533821,-0.6186727695167065,Negative
925333956110757888,2017-10-31 12:09:41+00:00,2017-10-31,2017-10,Tuesday,12,iPhone,False,"The Fake News is working overtime. As Paul Manaforts lawyer said, there was ""no collusion"" and events mentioned took place long before he...",60002,14552,140,23,0.608773410320282,0.3676106631755829,0.023615887388586998,-0.585157522931695,Negative
925335577217683456,2017-10-31 12:16:08+00:00,2017-10-31,2017-10,Tuesday,12,iPhone,False,"....came to the campaign. Few people knew the young, low level volunteer named George, who has already proven to be a liar. Check the DEMS!",56964,12889,139,25,0.8369678258895874,0.15238039195537567,0.010651785880327225,-0.8263160400092602,Negative
925336826717593600,2017-10-31 12:21:06+00:00,2017-10-31,2017-10,Tuesday,12,iPhone,False,I hope people will start to focus on our Massive Tax Cuts for Business (jobs) and the Middle Class (in addition to Democrat corruption)!,76775,17325,136,24,0.35849466919898987,0.4045797288417816,0.2369256317615509,-0.12156903743743896,Neutral
925363340553211909,2017-10-31 14:06:27+00:00,2017-10-31,2017-10,Tuesday,14,iPhone,False,"The biggest story yesterday, the one that has the Dems in a dither, is Podesta running from his firm. What he know about Crooked Dems is....",68922,17892,140,26,0.4915664494037628,0.4743446707725525,0.034088876098394394,-0.4574775733053684,Negative
925364408364171265,2017-10-31 14:10:42+00:00,2017-10-31,2017-10,Tuesday,14,iPhone,False,"....earth shattering. He and his brother could Drain The Swamp, which would be yet another campaign promise fulfilled. Fake News weak!",53862,12677,134,21,0.6495231986045837,0.2818458676338196,0.06863090395927429,-0.5808922946453094,Negative
925373392827666432,2017-10-31 14:46:24+00:00,2017-10-31,2017-10,Tuesday,14,iPhone,False,“Statement by President Trump on the Apprehension of Mustafa al-Imam for His Alleged Role in Benghazi Attacks” https://t.co/2U7WJmfGlM,37503,10034,134,18,0.06769820302724838,0.9116101264953613,0.020691659301519394,-0.04700654372572899,Neutral
925388990177562625,2017-10-31 15:48:22+00:00,2017-10-31,2017-10,Tuesday,15,iPhone,False,Thank you @LuisRiveraMarin! https://t.co/BK7sDv9phU,28402,6007,51,4,0.00359781994484365,0.014292480424046516,0.982109785079956,0.9785119651351124,Positive
925394079982280704,2017-10-31 16:08:36+00:00,2017-10-31,2017-10,Tuesday,16,Media Studio,False,Wishing everyone a safe and Happy Halloween! #Halloween2017 https://t.co/BRpgXVRI8Y,63082,14090,83,9,0.0023986008018255234,0.020258935168385506,0.9773424863815308,0.9749438855797052,Positive
925424931390873602,2017-10-31 18:11:11+00:00,2017-10-31,2017-10,Tuesday,18,iPad,False,"""Consumer Confidence Hits Highest Level Since December 2000"" Read more: https://t.co/w7WkcobFun https://t.co/nLo5XCnuIx",41278,10456,119,12,0.0037853671237826347,0.4936864972114563,0.5025281310081482,0.49874276388436556,Positive
925440868575797252,2017-10-31 19:14:31+00:00,2017-10-31,2017-10,Tuesday,19,iPhone,False,“Home Prices Reach New All-Time Highs in August” Read more: https://t.co/XzJiZgGQ8R https://t.co/STBtR6mO2j,29500,6526,107,12,0.007660145405679941,0.893466591835022,0.09887321293354034,0.0912130675278604,Neutral
925447637708496897,2017-10-31 19:41:25+00:00,2017-10-31,2017-10,Tuesday,19,iPad,False,U.S. COAL PRODUCTION Up📈7.8% past year. Down📉31.5% last 10 years. #EndingWarOnCoal https://t.co/xr20OBb2DV,44437,11071,106,12,0.3176494538784027,0.628895103931427,0.05345545709133148,-0.26419399678707123,Neutral
925474979914887168,2017-10-31 21:30:04+00:00,2017-10-31,2017-10,Tuesday,21,iPhone,False,"In NYC, looks like another attack by a very sick and deranged person. Law enforcement is following this closely. NOT IN THE U.S.A.!",111025,25707,131,23,0.9280723929405212,0.06386947631835938,0.008058078587055206,-0.920014314353466,Negative
925490503218589696,2017-10-31 22:31:45+00:00,2017-10-31,2017-10,Tuesday,22,iPhone,False,"We must not allow ISIS to return, or enter, our country after defeating them in the Middle East and elsewhere. Enough!",143823,36362,118,21,0.8679536581039429,0.12233464419841766,0.009711714461445808,-0.8582419436424971,Negative
925497025386500096,2017-10-31 22:57:40+00:00,2017-10-31,2017-10,Tuesday,22,iPhone,False,"My thoughts, condolences and prayers to the victims and families of the New York City terrorist attack. God and your country are with you!",114627,26364,138,24,0.5392194986343384,0.3188782036304474,0.14190234243869781,-0.39731715619564056,Negative
925533433597775873,2017-11-01 01:22:20+00:00,2017-11-01,2017-11,Wednesday,1,iPhone,False,The Republican House members are working hard (and late) toward the Massive Tax Cuts that they know you deserve. These will be biggest ever!,69956,13721,140,24,0.015899604186415672,0.13656575977802277,0.8475346565246582,0.8316350523382425,Positive
925534445393928199,2017-11-01 01:26:22+00:00,2017-11-01,2017-11,Wednesday,1,iPhone,False,"I have just ordered Homeland Security to step up our already Extreme Vetting Program. Being politically correct is fine, but not for this!",150010,37799,138,23,0.7365959286689758,0.24230459332466125,0.02109943889081478,-0.715496489778161,Negative
925684982307348480,2017-11-01 11:24:32+00:00,2017-11-01,2017-11,Wednesday,11,iPhone,False,"The terrorist came into our country through what is called the ""Diversity Visa Lottery Program,"" a Chuck Schumer beauty. I want merit based.",132205,37718,140,23,0.8887403011322021,0.1043650358915329,0.006894636433571577,-0.8818456646986306,Negative
925686558304464897,2017-11-01 11:30:48+00:00,2017-11-01,2017-11,Wednesday,11,iPhone,False,"We are fighting hard for Merit Based immigration, no more Democrat Lottery Systems. We must get MUCH tougher (and smarter). @foxandfriends",102486,26172,138,21,0.1867915689945221,0.5099316239356995,0.30327683687210083,0.11648526787757874,Neutral
925688931823300609,2017-11-01 11:40:14+00:00,2017-11-01,2017-11,Wednesday,11,iPhone,False,"""Senator Chuck Schumer helping to import Europes problems"" said Col.Tony Shaffer. We will stop this craziness! @foxandfriends",77686,21428,125,17,0.8561919927597046,0.13397803902626038,0.009829984977841377,-0.8463620077818632,Negative
925716689064427520,2017-11-01 13:30:32+00:00,2017-11-01,2017-11,Wednesday,13,iPad,False,#NYCStrong #USA🇺🇸 https://t.co/6K3Xw5P87d,40093,8926,41,3,0.006262824870646,0.1273675411939621,0.8663696646690369,0.8601068397983909,Positive
925739132579729420,2017-11-01 14:59:43+00:00,2017-11-01,2017-11,Wednesday,14,iPhone,False,Wouldn't it be great to Repeal the very unfair and unpopular Individual Mandate in ObamaCare and use those savings for further Tax Cuts.....,83073,17634,140,23,0.2530873715877533,0.5004445910453796,0.24646805226802826,-0.006619319319725037,Neutral
925740081805217792,2017-11-01 15:03:29+00:00,2017-11-01,2017-11,Wednesday,15,iPhone,False,....for the Middle Class. The House and Senate should consider ASAP as the process of final approval moves along. Push Biggest Tax Cuts EVER,56219,11783,140,24,0.06636035442352295,0.5217763781547546,0.4118632674217224,0.34550291299819946,Neutral
925806343855984647,2017-11-01 19:26:47+00:00,2017-11-01,2017-11,Wednesday,19,Media Studio,False,We mourn the horrifying terrorist attack in NYC. All of America is praying and grieving for the families who lost their precious loved ones. https://t.co/WZFHXoJE3K,56307,12690,164,25,0.8641821146011353,0.1204114630818367,0.015406438149511814,-0.8487756764516234,Negative
925818295462322184,2017-11-01 20:14:17+00:00,2017-11-01,2017-11,Wednesday,20,iPhone,False,Just spoke with @NYGovCuomo and @NYCMayor de Blasio to let them know that the federal government...,35013,6516,99,16,0.017800290137529373,0.8883092403411865,0.09389050304889679,0.07609021291136742,Neutral
925818338172915712,2017-11-01 20:14:27+00:00,2017-11-01,2017-11,Wednesday,20,iPhone,True,@NYGovCuomo @NYCMayor ...fully supports any and all of their efforts with respect to the West Side attack. #NYCStrong,29360,5422,117,18,0.01959124393761158,0.5235558152198792,0.4568529427051544,0.43726169876754284,Neutral
925833462426292226,2017-11-01 21:14:33+00:00,2017-11-01,2017-11,Wednesday,21,iPhone,False,"Thank you to the GREAT NYPD, First Responders and all govt officials for having handled the terrible West Side attack so professionally! https://t.co/imPIdOzjAn",57483,12354,160,23,0.02407047338783741,0.05023264139890671,0.9256969094276428,0.9016264360398054,Positive
925845735089889280,2017-11-01 22:03:19+00:00,2017-11-01,2017-11,Wednesday,22,iPhone,False,Thanks to @SenateMajLdr McConnell and the @SenateGOP we are appointing high-quality Federal District...,42572,8476,103,13,0.002813441678881645,0.045967698097229004,0.951218843460083,0.9484054017812014,Positive
925845770724618240,2017-11-01 22:03:27+00:00,2017-11-01,2017-11,Wednesday,22,iPhone,True,@SenateMajLdr @SenateGOP ...and Appeals Court Judges at a record clip! Our courts are rapidly changing for the better!,35005,7193,118,18,0.0022215968929231167,0.025544777512550354,0.9722336530685425,0.9700120561756194,Positive
925860866767163393,2017-11-01 23:03:26+00:00,2017-11-01,2017-11,Wednesday,23,iPad,False,"CHAIN MIGRATION must end now! Some people come in, and they bring their whole family with them, who can be truly evil. NOT ACCEPTABLE! https://t.co/PQGeTTdRtX",76452,22322,158,25,0.9303027987480164,0.06236192211508751,0.007335266564041376,-0.922967532183975,Negative
925907651350941696,2017-11-02 02:09:21+00:00,2017-11-02,2017-11,Thursday,2,iPhone,False,Just spoke to President Macri of Argentina about the five proud and wonderful men killed in the West Side terror attack. God be with them!,71331,13776,138,25,0.2795732319355011,0.3329857885837555,0.3874409794807434,0.10786774754524231,Positive
925910265060831232,2017-11-02 02:19:44+00:00,2017-11-02,2017-11,Thursday,2,iPhone,False,The United States will be immediately implementing much tougher Extreme Vetting Procedures. The safety of our citizens comes first!,107846,23108,131,19,0.5779517889022827,0.37226739525794983,0.04978087544441223,-0.5281709134578705,Negative
925913030159937537,2017-11-02 02:30:43+00:00,2017-11-02,2017-11,Thursday,2,iPhone,False,It is finally happening for our great clean coal miners! https://t.co/suAnjs6Ccz,46176,10387,80,11,0.002096578711643815,0.030915968120098114,0.9669874310493469,0.9648908523377031,Positive
925916863401480192,2017-11-02 02:45:57+00:00,2017-11-02,2017-11,Thursday,2,iPhone,False,"Happy birthday to @garyplayer, a truly great Champion and Person!",34771,5181,65,10,0.0034432047978043556,0.008921596221625805,0.9876351952552795,0.9841919904574752,Positive
925925920304779264,2017-11-02 03:21:56+00:00,2017-11-02,2017-11,Thursday,3,iPhone,False,"Great mtg w/ @Cabinet today. Tomorrow, I will be announcing the new head of the Fed. I think you will be extremely impressed by this person! https://t.co/5ASJVLGAiG",40469,8265,164,27,0.0017873781034722924,0.007638877257704735,0.9905737042427063,0.988786326139234,Positive
925931294705545216,2017-11-02 03:43:18+00:00,2017-11-02,2017-11,Thursday,3,iPhone,False,"NYC terrorist was happy as he asked to hang ISIS flag in his hospital room. He killed 8 people, badly injured 12. SHOULD GET DEATH PENALTY!",173510,43455,139,26,0.9229725003242493,0.06914044916629791,0.007887069135904312,-0.915085431188345,Negative
926053970535243777,2017-11-02 11:50:46+00:00,2017-11-02,2017-11,Thursday,11,iPhone,False,Would love to send the NYC terrorist to Guantanamo but statistically that process takes much longer than going through the Federal system...,70594,14041,140,22,0.885433554649353,0.10757217556238174,0.006994249299168587,-0.8784393053501844,Negative
926054936718307328,2017-11-02 11:54:36+00:00,2017-11-02,2017-11,Thursday,11,iPhone,False,...There is also something appropriate about keeping him in the home of the horrible crime he committed. Should move fast. DEATH PENALTY!,85310,17440,137,22,0.9273022413253784,0.0664241760969162,0.006273542996495962,-0.9210286983288825,Negative
926139726129704960,2017-11-02 17:31:32+00:00,2017-11-02,2017-11,Thursday,17,iPad,False,"Congratulations to the Houston @Astros, 2017 #WorldSeries Champions⚾️#HoustonStrong #EarnHistory https://t.co/BP7OEzdhFi",55900,11544,120,10,0.0020913369953632355,0.02185005322098732,0.9760586023330688,0.9739672653377056,Positive
926155393490878464,2017-11-02 18:33:47+00:00,2017-11-02,2017-11,Thursday,18,iPhone,False,I am calling on Congress to TERMINATE the diversity visa lottery program that presents significant vulnerabilities to our national security. https://t.co/tW4wOlI4vu,74767,18219,164,21,0.6971373558044434,0.2860378324985504,0.016824835911393166,-0.6803125198930502,Negative
926157911151214592,2017-11-02 18:43:47+00:00,2017-11-02,2017-11,Thursday,18,iPhone,False,Congress must end chain migration so that we can have a system that is SECURITY BASED! We need to make AMERICA SAFE! #USA🇺🇸 https://t.co/d7L1YW5iVY,54953,13686,147,24,0.03505021706223488,0.3245742619037628,0.6403754949569702,0.6053252778947353,Positive
926176823117074433,2017-11-02 19:58:56+00:00,2017-11-02,2017-11,Thursday,19,iPad,False,"Today, we are thrilled to welcome @Broadcom CEO Hock Tan to the WH to announce he is moving their HQ’s from Singapore back to the U.S.A..... https://t.co/WrqUXBndyZ",46775,10671,164,27,0.0011531768832355738,0.03475825488567352,0.9640885591506958,0.9629353822674602,Positive
926185468911382529,2017-11-02 20:33:18+00:00,2017-11-02,2017-11,Thursday,20,iPad,False,"Broadcom's move to America=$20 BILLION of annual rev into U.S.A., $3+ BILLION/yr. in research/engineering &amp; $6 BILLION/yr. in manufacturing. https://t.co/NsJ4PtVTtl",55961,14126,168,20,0.016140133142471313,0.7746623158454895,0.20919759571552277,0.19305746257305145,Neutral
926216279287042048,2017-11-02 22:35:43+00:00,2017-11-02,2017-11,Thursday,22,iPhone,False,"Today, it was my pleasure and great honor to announce my nomination of Jerome Powell to be the next Chairman of the @FederalReserve. https://t.co/6aDuRy3zws",43458,9470,156,24,0.001791296643204987,0.016573376953601837,0.981635332107544,0.979844035464339,Positive
926238774773862400,2017-11-03 00:05:07+00:00,2017-11-03,2017-11,Friday,0,iPhone,False,"Great Tax Cut rollout today. The lobbyists are storming Capital Hill, but the Republicans will hold strong and do what is right for America!",64743,13378,140,24,0.011726879514753819,0.0511246919631958,0.9371484518051147,0.9254215722903609,Positive
926247543801044993,2017-11-03 00:39:57+00:00,2017-11-03,2017-11,Friday,0,iPhone,False,Donna Brazile just stated the DNC RIGGED the system to illegally steal the Primary from Bernie Sanders. Bought and paid for by Crooked H....,83522,24558,140,24,0.760860800743103,0.22655370831489563,0.012585459277033806,-0.7482753414660692,Negative
926249604936556545,2017-11-03 00:48:09+00:00,2017-11-03,2017-11,Friday,0,iPhone,False,....This is real collusion and dishonesty. Major violation of Campaign Finance Laws and Money Laundering - where is our Justice Department?,91825,25528,139,21,0.8909445405006409,0.09744636714458466,0.01160907931625843,-0.8793354611843824,Negative
926259330474704900,2017-11-03 01:26:48+00:00,2017-11-03,2017-11,Friday,1,iPhone,False,The @TuckerCarlson opening statement about our once cherished and great FBI was so sad to watch. James Comey's leadership was a disaster!,64840,17251,137,22,0.9420490860939026,0.05089503154158592,0.007055856753140688,-0.9349932293407619,Negative
926260114146889728,2017-11-03 01:29:54+00:00,2017-11-03,2017-11,Friday,1,iPhone,False,I will be interviewed by @IngrahamAngle on @FoxNews at 10:00. Enjoy!,41955,7438,68,11,0.0017610222566872835,0.1050533577799797,0.8931856155395508,0.8914245932828635,Positive
926401530013642765,2017-11-03 10:51:51+00:00,2017-11-03,2017-11,Friday,10,iPhone,False,My Twitter account was taken down for 11 minutes by a rogue employee. I guess the word must finally be getting out-and having an impact.,108996,27721,136,25,0.8144659996032715,0.17661012709140778,0.008923920802772045,-0.8055420788004994,Negative
926403023861141504,2017-11-03 10:57:47+00:00,2017-11-03,2017-11,Friday,10,iPhone,False,Everybody is asking why the Justice Department (and FBI) isn't looking into all of the dishonesty going on with Crooked Hillary &amp; the Dems..,87852,23055,144,24,0.5848281979560852,0.39689838886260986,0.018273422494530678,-0.5665547754615545,Negative
926404584456773632,2017-11-03 11:03:59+00:00,2017-11-03,2017-11,Friday,11,iPhone,False,"...New Donna B book says she paid for and stole the Dem Primary. What about the deleted E-mails, Uranium, Podesta, the Server, plus, plus...",72664,18237,140,24,0.6928681135177612,0.29098227620124817,0.01614960841834545,-0.6767185050994158,Negative
926406490763784194,2017-11-03 11:11:33+00:00,2017-11-03,2017-11,Friday,11,iPhone,False,"....People are angry. At some point the Justice Department, and the FBI, must do what is right and proper. The American public deserves it!",132126,30923,139,24,0.6743623614311218,0.2715957760810852,0.05404185503721237,-0.6203205063939095,Negative
926415703476928512,2017-11-03 11:48:10+00:00,2017-11-03,2017-11,Friday,11,iPhone,False,The real story on Collusion is in Donna B's new book. Crooked Hillary bought the DNC &amp; then stole the Democratic Primary from Crazy Bernie!,76932,19132,143,25,0.6965619325637817,0.2795197069644928,0.023918401449918747,-0.672643531113863,Negative
926417546038923264,2017-11-03 11:55:29+00:00,2017-11-03,2017-11,Friday,11,iPhone,False,"Pocahontas just stated that the Democrats, lead by the legendary Crooked Hillary Clinton, rigged the Primaries! Lets go FBI &amp; Justice Dept.",104174,29297,143,22,0.843279242515564,0.13825713098049164,0.018463600426912308,-0.8248156420886517,Negative
926419647708258304,2017-11-03 12:03:50+00:00,2017-11-03,2017-11,Friday,12,iPhone,False,"ISIS just claimed the Degenerate Animal who killed, and so badly wounded, the wonderful people on the West Side, was ""their soldier."" .....",58387,14799,139,23,0.9033931493759155,0.08886825293302536,0.007738576270639896,-0.8956545731052756,Negative
926421589159182339,2017-11-03 12:11:33+00:00,2017-11-03,2017-11,Friday,12,iPhone,False,"...Based on that, the Military has hit ISIS ""much harder"" over the last two days. They will pay a big price for every attack on us!",71282,15413,131,26,0.8602350354194641,0.12825803458690643,0.011506880633533001,-0.8487281547859311,Negative
926456069047582721,2017-11-03 14:28:34+00:00,2017-11-03,2017-11,Friday,14,iPhone,False,Bernie Sanders supporters have every right to be apoplectic of the complete theft of the Dem primary by Crooked Hillary!,78239,16598,120,20,0.6655992269515991,0.26416704058647156,0.07023375481367111,-0.595365472137928,Negative
926456409260285952,2017-11-03 14:29:55+00:00,2017-11-03,2017-11,Friday,14,iPhone,False,"I always felt I would be running and winning against Bernie Sanders, not Crooked H, without cheating, I was right.",83194,17115,114,20,0.20120948553085327,0.4844661056995392,0.3143244981765747,0.11311501264572144,Neutral
926460439000698880,2017-11-03 14:45:56+00:00,2017-11-03,2017-11,Friday,14,iPhone,False,"Just took off for ceremony @ Pearl Harbor. Will then be heading to Japan, SKorea, China, Vietnam &amp; the Philippines. Will never let you down!",75058,14128,144,25,0.002980087185278535,0.07055842876434326,0.9264615178108215,0.923481430625543,Positive
926481563214376961,2017-11-03 16:09:52+00:00,2017-11-03,2017-11,Friday,16,iPhone,False,"The rigged Dem Primary, one of the biggest political stories in years, got ZERO coverage on Fake News Network TV last night. Disgraceful!",95184,26212,137,23,0.9408043622970581,0.05213560536503792,0.007060007192194462,-0.9337443551048636,Negative
926484660946862085,2017-11-03 16:22:11+00:00,2017-11-03,2017-11,Friday,16,iPhone,False,"JOBS, JOBS, JOBS! https://t.co/twUNktGbnb",68056,16270,41,4,0.0076231202110648155,0.21627473831176758,0.7761021256446838,0.768479005433619,Positive
926492915626663939,2017-11-03 16:54:59+00:00,2017-11-03,2017-11,Friday,16,iPhone,False,The decision on Sergeant Bergdahl is a complete and total disgrace to our Country and to our Military.,138665,37619,102,18,0.9460362195968628,0.04875125363469124,0.005212474148720503,-0.9408237454481423,Negative
926580912036466690,2017-11-03 22:44:39+00:00,2017-11-03,2017-11,Friday,22,iPhone,False,Getting ready to land in Hawaii. Looking so much forward to meeting with our great Military/Veterans at Pearl Harbor!,89681,13176,117,19,0.0017064062412828207,0.019083315506577492,0.9792103171348572,0.9775039108935744,Positive
926647019455766528,2017-11-04 03:07:20+00:00,2017-11-04,2017-11,Saturday,3,iPad,False,Thank you for such a beautiful welcome Hawaii. My great honor to visit @PacificCommand upon arrival. Heading to Pearl Harbor w/ @FLOTUS now. https://t.co/6gDME9cmnS,68601,13173,164,24,0.002125432016327977,0.008700976148247719,0.9891736507415771,0.9870482187252492,Positive
926707692395102219,2017-11-04 07:08:25+00:00,2017-11-04,2017-11,Saturday,7,iPhone,False,Thank you to our GREAT Military/Veterans and @PacificCommand. Remember #PearlHarbor. Remember the @USSArizona! A day I’ll never forget. https://t.co/CMkB0kTkSc,77968,19786,159,19,0.00466877082362771,0.024546196684241295,0.9707850813865662,0.9661163105629385,Positive
926789876556500992,2017-11-04 12:35:00+00:00,2017-11-04,2017-11,Saturday,12,iPhone,False,"Unemployment is down to 4.1%, lowest in 17 years. 1.5 million new jobs created since I took office. Highest stock Market ever, up $5.4 trill",159116,38345,140,25,0.019260119646787643,0.10873961448669434,0.8720002770423889,0.8527401573956013,Positive
926793510723796993,2017-11-04 12:49:26+00:00,2017-11-04,2017-11,Saturday,12,iPhone,False,Would very much appreciate Saudi Arabia doing their IPO of Aramco with the New York Stock Exchange. Important to the United States!,71273,18806,131,22,0.00584059115499258,0.09985922276973724,0.8943001627922058,0.8884595716372132,Positive
926973117708296192,2017-11-05 00:43:08+00:00,2017-11-05,2017-11,Sunday,0,iPhone,False,I am landing shortly. Can’t wait to be with our GREAT MILITARY. See you soon! https://t.co/AVLrrOxmm4,76082,14754,101,16,0.001387384138070047,0.006886184215545654,0.9917263984680176,0.9903390143299475,Positive
927007332743172098,2017-11-05 02:59:05+00:00,2017-11-05,2017-11,Sunday,2,iPhone,False,"Just gave a speech to the great men and women at Yokota Air Base in Tokyo, Japan. Leaving to see Prime Minister Abe. https://t.co/6LRAgojvDB",86835,17053,140,24,0.002371491864323616,0.10842198878526688,0.8892065286636353,0.8868350367993116,Positive
927059219370643456,2017-11-05 06:25:16+00:00,2017-11-05,2017-11,Sunday,6,iPad,False,"Playing golf with Prime Minister Abe and Hideki Matsuyama, two wonderful people! https://t.co/vYLULe0o2K",107970,23603,104,13,0.0016669374890625477,0.0191686749458313,0.9791643619537354,0.9774974244646728,Positive
927075137131896832,2017-11-05 07:28:31+00:00,2017-11-05,2017-11,Sunday,7,Web,False,It was a true honor to be at Yokota Air Base with our GREAT @USForcesJapan! https://t.co/KEXnIkkQks,56274,11959,99,16,0.002297730417922139,0.008613001555204391,0.98908931016922,0.9867915797512978,Positive
927077305876434945,2017-11-05 07:37:08+00:00,2017-11-05,2017-11,Sunday,7,iPhone,False,Heading into the 12 days with great negotiating strength because of our tremendous economy. https://t.co/4HnXkR3EhW,58653,12353,115,15,0.0020412371959537268,0.032497428357601166,0.9654613733291626,0.9634201361332089,Positive
927265906086031363,2017-11-05 20:06:34+00:00,2017-11-05,2017-11,Sunday,20,iPhone,False,"May God be w/ the people of Sutherland Springs, Texas. The FBI &amp; law enforcement are on the scene. I am monitoring the situation from Japan.",188422,40648,144,26,0.0323517881333828,0.5447667837142944,0.42288145422935486,0.39052966609597206,Neutral
927397233741492225,2017-11-06 04:48:25+00:00,2017-11-06,2017-11,Monday,4,Web,False,"...Americans do what we do best: we pull together. We join hands. We lock arms and through the tears and the sadness, we stand strong... https://t.co/qkCPgtKGkA",85766,18170,160,26,0.013051984831690788,0.20566733181476593,0.7812806963920593,0.7682287115603685,Positive
927523335956848640,2017-11-06 13:09:30+00:00,2017-11-06,2017-11,Monday,13,iPhone,False,#USA🇺🇸 #Japan🇯🇵 https://t.co/EvxFqAVnFS,72727,18263,39,3,0.0098634148016572,0.889835774898529,0.10030079632997513,0.09043738152831793,Neutral
927644826006425601,2017-11-06 21:12:15+00:00,2017-11-06,2017-11,Monday,21,iPhone,False,"The state of Virginia economy, under Democrat rule, has been terrible. If you vote Ed Gillespie tomorrow, it will come roaring back!",79225,20404,132,22,0.9275439977645874,0.0625389814376831,0.009917007759213448,-0.917626990005374,Negative
927645648685551616,2017-11-06 21:15:32+00:00,2017-11-06,2017-11,Monday,21,iPhone,False,"My visit to Japan and friendship with PM Abe will yield many benefits, for our great Country. Massive military &amp; energy orders happening+++!",68887,16010,144,23,0.0025751085486263037,0.02636631205677986,0.9710586071014404,0.9684834985528141,Positive
927648870796070912,2017-11-06 21:28:20+00:00,2017-11-06,2017-11,Monday,21,iPhone,False,"Getting ready to leave for South Korea and meetings with President Moon, a fine gentleman. We will figure it all out!",76570,13452,117,21,0.007263273932039738,0.16388091444969177,0.8288558721542358,0.8215925982221961,Positive
927672843504177152,2017-11-06 23:03:35+00:00,2017-11-06,2017-11,Monday,23,iPhone,False,"I have great confidence in King Salman and the Crown Prince of Saudi Arabia, they know exactly what they are doing....",120715,98277,118,21,0.005127984099090099,0.04572336748242378,0.9491486549377441,0.944020670838654,Positive
927673257230327808,2017-11-06 23:05:14+00:00,2017-11-06,2017-11,Monday,23,iPhone,True,....Some of those they are harshly treating have been “milking” their country for years!,90400,61945,88,14,0.8502341508865356,0.14228065311908722,0.007485242560505867,-0.8427489083260298,Negative
927802776737984513,2017-11-07 07:39:54+00:00,2017-11-07,2017-11,Tuesday,7,iPhone,False,"It was my great honor to have lunch with our INCREDIBLE U.S. and ROK troops at Camp Humphreys, in South Korea. 🇺🇸🇰🇷 https://t.co/5NJirz4iNM https://t.co/kNLyONhBCC",55541,13932,163,24,0.0018581767799332738,0.014148159883916378,0.983993649482727,0.9821354727027938,Positive
927844454957850625,2017-11-07 10:25:31+00:00,2017-11-07,2017-11,Tuesday,10,Media Studio,False,Thank you to President Moon of South Korea for the beautiful welcoming ceremony. It will always be remembered. https://t.co/bMvJz1iV2a,71302,21474,134,19,0.0027016669046133757,0.013875691220164299,0.9834226369857788,0.9807209700811654,Positive
927847349648609280,2017-11-07 10:37:01+00:00,2017-11-07,2017-11,Tuesday,10,iPhone,False,Stock market hit yet another all-time record high yesterday. There is great confidence in the moves that my Administration....,63115,11815,126,19,0.0030198560561984777,0.022369645535945892,0.9746105074882507,0.9715906514320523,Positive
927847471321141249,2017-11-07 10:37:30+00:00,2017-11-07,2017-11,Tuesday,10,iPhone,True,"....is making. Working very hard on TAX CUTS for the middle class, companies and jobs!",42999,7096,86,15,0.08417295664548874,0.4700259268283844,0.44580113887786865,0.3616281822323799,Neutral
927851387857367040,2017-11-07 10:53:04+00:00,2017-11-07,2017-11,Tuesday,10,iPhone,False,"Ralph Northam will allow crime to be rampant in Virginia. He’s weak on crime, weak on our GREAT VETS, Anti-Second Amendment....",51887,13278,127,21,0.9179879426956177,0.07393297553062439,0.008079049177467823,-0.9099088935181499,Negative
927851452185407490,2017-11-07 10:53:19+00:00,2017-11-07,2017-11,Tuesday,10,iPhone,True,....and has been horrible on Virginia economy. Vote @EdWGillespie today!,35003,7217,72,10,0.9326289892196655,0.05956615135073662,0.007804797496646643,-0.9248241917230189,Negative
927852358209622016,2017-11-07 10:56:55+00:00,2017-11-07,2017-11,Tuesday,10,iPhone,False,".@EdWGillespie will totally turn around the high crime and poor economic performance of VA. MS-13 and crime will be gone. Vote today, ASAP!",52778,13005,139,23,0.39262425899505615,0.38664186000823975,0.2207338809967041,-0.17189037799835205,Negative
927906208203276288,2017-11-07 14:30:54+00:00,2017-11-07,2017-11,Tuesday,14,iPhone,False,"Franklin, such a great photo. HAPPY 99th BIRTHDAY to your father, @BillyGraham! https://t.co/l0c7RvvOa1",60639,12708,103,13,0.0025621517561376095,0.012498481199145317,0.9849393367767334,0.9823771850205958,Positive
928016742575738882,2017-11-07 21:50:07+00:00,2017-11-07,2017-11,Tuesday,21,iPhone,False,Thank you to all Americans who participated in Nat'l Rx Drug Take Back Day. A record amount of drugs collected &amp; disposed. We can do this!,64113,11041,142,26,0.004599906969815493,0.027722643688321114,0.9676774144172668,0.9630775074474514,Positive
928064591665467393,2017-11-08 01:00:15+00:00,2017-11-08,2017-11,Wednesday,1,Web,False,"Getting ready to make a major speech to the National Assembly here in South Korea, then will be headed to China where I very much look forward to meeting with President Xi who is just off his great political victory.",62652,10982,216,40,0.0014937793603166938,0.04724157229065895,0.9512646198272705,0.9497708404669538,Positive
928074747316928513,2017-11-08 01:40:37+00:00,2017-11-08,2017-11,Wednesday,1,Web,False,"Ed Gillespie worked hard but did not embrace me or what I stand for. Don’t forget, Republicans won 4 out of 4 House seats, and with the economy doing record numbers, we will continue to win, even bigger than before!",82401,19384,215,40,0.06738189607858658,0.2607068717479706,0.6719112396240234,0.6045293435454369,Positive
928083235040579584,2017-11-08 02:14:20+00:00,2017-11-08,2017-11,Wednesday,2,iPhone,False,Join me LIVE in South Korea🇺🇸🇰🇷 #NationalAssembly #POTUSinAsia ➡️https://t.co/M3iEhPdkas https://t.co/hSxdtd2UnY,30023,5928,112,10,0.00455500977113843,0.7326392531394958,0.2628057301044464,0.258250720333308,Neutral
928097146993369088,2017-11-08 03:09:37+00:00,2017-11-08,2017-11,Wednesday,3,Web,False,"The U.S., under my administration, is completely rebuilding its military, and they're spending hundreds of billions of dollars to the newest and finest military equipment anywhere in the world, being built right now. I want peace through strength! https://t.co/2YXkIvRIFi",60351,14510,271,39,0.005011729896068573,0.0438360720872879,0.9511522054672241,0.9461404755711555,Positive
928097817037627393,2017-11-08 03:12:17+00:00,2017-11-08,2017-11,Wednesday,3,Web,False,"The North Korean regime has pursued its nuclear &amp; ballistic missile programs in defiance of every assurance, agreement, &amp; commmitment it has made to the U.S. and its allies. It's broken all of those commitments... https://t.co/xJ4jUpA8d8",43345,10458,245,36,0.7810184955596924,0.21143953502178192,0.00754195312038064,-0.7734765424393117,Negative
928098389966942208,2017-11-08 03:14:34+00:00,2017-11-08,2017-11,Wednesday,3,Web,False,Anyone who doubts the strength or determination of the U.S. should look to our past....and you will doubt it no longer. https://t.co/zyuYc0fIH6,52843,12465,143,22,0.30448639392852783,0.5664501190185547,0.12906350195407867,-0.17542289197444916,Neutral
928105793366392832,2017-11-08 03:43:59+00:00,2017-11-08,2017-11,Wednesday,3,Web,False,"Together, we dream of a Korea that is free, a peninsula that is safe, and families that are reunited once again! https://t.co/9tsZRCC83j",53881,12909,136,22,0.003496991703286767,0.07129370421171188,0.9252092838287354,0.9217122921254486,Positive
928124338343202816,2017-11-08 04:57:40+00:00,2017-11-08,2017-11,Wednesday,4,iPhone,False,Leaving South Korea now heading to China. Looking very much forward to meeting and being with President Xi!,72783,11409,107,18,0.0017037633806467056,0.030629029497504234,0.9676671624183655,0.9659633990377188,Positive
928267692645036032,2017-11-08 14:27:18+00:00,2017-11-08,2017-11,Wednesday,14,Web,False,"On behalf of @FLOTUS Melania and I, THANK YOU for an unforgettable afternoon and evening at the Forbidden City in Beijing, President Xi and Madame Peng Liyuan. We are looking forward to rejoining you tomorrow morning! https://t.co/ma0F7SHbVU",61201,13032,241,37,0.0015896541299298406,0.014280054718255997,0.9841302037239075,0.9825405495939776,Positive
928279728125108225,2017-11-08 15:15:08+00:00,2017-11-08,2017-11,Wednesday,15,Media Studio,False,NoKo has interpreted America's past restraint as weakness. This would be a fatal miscalculation. Do not underestimate us. AND DO NOT TRY US. https://t.co/4llqLrNpK3,88959,23631,164,24,0.7435858249664307,0.23515531420707703,0.021258851513266563,-0.7223269734531641,Negative
928286153672970240,2017-11-08 15:40:40+00:00,2017-11-08,2017-11,Wednesday,15,Web,False,Looking forward to a full day of meetings with President Xi and our delegations tomorrow. THANK YOU for the beautiful welcome China! @FLOTUS Melania and I will never forget it! https://t.co/sQoUWIGAiQ,64298,13517,200,31,0.002064981497824192,0.007977520115673542,0.9899575114250183,0.9878925299271941,Positive
928325667556548608,2017-11-08 18:17:41+00:00,2017-11-08,2017-11,Wednesday,18,iPhone,False,Congratulations to all of the ”DEPLORABLES” and the millions of people who gave us a MASSIVE (304-227) Electoral College landslide victory! https://t.co/7ifv5gT7Ur,134128,35393,163,22,0.005529835354536772,0.024771176278591156,0.969698965549469,0.9641691301949322,Positive
928519663780208640,2017-11-09 07:08:33+00:00,2017-11-09,2017-11,Thursday,7,iPhone,False,"President Xi, thank you for such an incredible welcome ceremony. It was a truly memorable and impressive display! 📸https://t.co/J9x51h1LBe https://t.co/g4Z7mO5cV9",92838,19508,162,20,0.002896768506616354,0.009310373105108738,0.9877929091453552,0.9848961406387389,Positive
928622838487007260,2017-11-09 13:58:32+00:00,2017-11-09,2017-11,Thursday,13,iPhone,False,In the coming months and years ahead I look forward to building an even STRONGER relationship between the United States and China. 🇺🇸🇨🇳 https://t.co/mK3SB7t3EV,94769,20496,159,24,0.0025970456190407276,0.05550970137119293,0.9418932795524597,0.939296233933419,Positive
928769154345324544,2017-11-09 23:39:56+00:00,2017-11-09,2017-11,Thursday,23,Web,False,"I don’t blame China, I blame the incompetence of past Admins for allowing China to take advantage of the U.S. on trade leading up to a point where the U.S. is losing $100's of billions. How can you blame China for taking advantage of people that had no clue? I would've done same!",135908,29359,280,53,0.9045398831367493,0.08889022469520569,0.0065698567777872086,-0.8979700263589621,Negative
928770248370728960,2017-11-09 23:44:17+00:00,2017-11-09,2017-11,Thursday,23,Web,False,My meetings with President Xi Jinping were very productive on both trade and the subject of North Korea. He is a highly respected and powerful representative of his people. It was great being with him and Madame Peng Liyuan!,83006,14945,224,39,0.0025221507530659437,0.01907993108034134,0.9783979654312134,0.9758758146781474,Positive
928793643367960576,2017-11-10 01:17:15+00:00,2017-11-10,2017-11,Friday,1,Web,False,"I am leaving China for #APEC2017 in Vietnam. @FLOTUS Melania is staying behind to see the zoo, and of course, the Great WALL of China before going to Alaska to greet our AMAZING troops.",72409,13552,185,34,0.011398041620850563,0.3195018768310547,0.6691000461578369,0.6577020045369864,Positive
928861178113040385,2017-11-10 05:45:36+00:00,2017-11-10,2017-11,Friday,5,iPhone,False,"Just landed in Da Nang, Vietnam to deliver a speech at #APEC2017",51886,7819,64,12,0.004366274923086166,0.7938307523727417,0.20180287957191467,0.1974366046488285,Neutral
928918183104225280,2017-11-10 09:32:07+00:00,2017-11-10,2017-11,Friday,9,Web,False,"Throughout my travels, I've had the pleasure of sharing the good news from America. I've had the honor of sharing our vision for a free &amp; open Indo-Pacific -- a place where sovereign &amp; independent nations, w/diverse cultures &amp; many different dreams, can all prosper side-by-side. https://t.co/qBOCY3u7YV",52585,11448,315,47,0.001627307734452188,0.023878199979662895,0.974494457244873,0.9728671495104209,Positive
928922787938385920,2017-11-10 09:50:25+00:00,2017-11-10,2017-11,Friday,9,Web,False,"In more and more places throughout this region, citizens of SOVEREIGN and INDEPENDENT nations have taken greater control of their destinies, and unlocked the potential of their people. #APEC2017 https://t.co/a570IIGe0I",40094,8744,218,30,0.005296593531966209,0.24953025579452515,0.7451731562614441,0.7398765627294779,Positive
928926863375794176,2017-11-10 10:06:37+00:00,2017-11-10,2017-11,Friday,10,Web,False,"Today I am here to offer a renewed partnership with America -- to work together to strengthen the bonds of friendship and commerce between all of the nations of the Indo-Pacific, and together, to promote our prosperity and security. #APEC2017 https://t.co/gN2YbS9CYB",43754,9485,266,41,0.0027819485403597355,0.10151448845863342,0.8957035541534424,0.8929216056130826,Positive
928931835664465921,2017-11-10 10:26:22+00:00,2017-11-10,2017-11,Friday,10,Web,False,The United States is prepared to work with each of the leaders in this room today to achieve mutually beneficial commerce that is in the interests of both your countries and mine. That is the message I am here to deliver today. #APEC2017 https://t.co/CM3Hqt16A8,49515,11207,261,44,0.005877871066331863,0.2360728234052658,0.7580493092536926,0.7521714381873608,Positive
928933135806488577,2017-11-10 10:31:32+00:00,2017-11-10,2017-11,Friday,10,Web,False,The United States has been reminded time and again in recent years that economic security is not merely RELATED to national security -economic security IS national security. It is vital to our national strength. #APEC2017 https://t.co/mGPeyZEyqm,1700,497,245,36,0.00968015193939209,0.28073906898498535,0.7095807194709778,0.6999005675315857,Positive
928936220360503296,2017-11-10 10:43:48+00:00,2017-11-10,2017-11,Friday,10,Web,False,The United States has been reminded time and again in recent years that economic security is not merely RELATED to national security - economic security IS national security. It is vital to our national strength. #APEC2017 https://t.co/8gKQUhit2X,58402,13914,246,37,0.008809192106127739,0.26618024706840515,0.7250105142593384,0.7162013221532106,Positive
928969836897583104,2017-11-10 12:57:23+00:00,2017-11-10,2017-11,Friday,12,iPhone,False,"On behalf of an entire nation, Happy 242nd Birthday to the men and women of the United States Marines! #USMC242 #SemperFi https://t.co/ecgoSJP5Uc",102305,25053,145,22,0.0018849679036065936,0.011473470367491245,0.986641526222229,0.9847565583186224,Positive
929320777668628480,2017-11-11 12:11:53+00:00,2017-11-11,2017-11,Saturday,12,Media Studio,False,"On this wonderful Veterans Day, I want to express the incredible gratitude of the entire American Nation to our GREAT VETERANS. Thank you! https://t.co/GhQbCA7yII",119216,31104,162,24,0.003951432183384895,0.010508611798286438,0.985539972782135,0.9815885405987501,Positive
929326786709807105,2017-11-11 12:35:46+00:00,2017-11-11,2017-11,Saturday,12,iPhone,False,“Presidential Proclamation Commemorating the 50th Anniversary of the Vietnam War” ➡️https://t.co/hgUQP9leqK ➡️https://t.co/9C0yyIv9Ws https://t.co/f9snmRUA4a,57622,12493,157,13,0.010209877975285053,0.6869502663612366,0.3028397858142853,0.2926299078390002,Neutral
929492038231429120,2017-11-11 23:32:25+00:00,2017-11-11,2017-11,Saturday,23,iPhone,False,President Xi of China has stated that he is upping the sanctions against #NoKo. Said he wants them to denuclearize. Progress is being made.,78020,16270,139,24,0.010464553721249104,0.4234567880630493,0.5660786628723145,0.5556141091510653,Positive
929492850101940225,2017-11-11 23:35:39+00:00,2017-11-11,2017-11,Saturday,23,iPhone,False,"Will be doing a joint press conference in Hanoi, Vietnam then heading for final destination of trip, the Phillipines.",58627,9542,117,19,0.005116291809827089,0.8940919637680054,0.100791797041893,0.09567550523206592,Neutral
929503025512693760,2017-11-12 00:16:05+00:00,2017-11-12,2017-11,Sunday,0,Web,False,"Met with President Putin of Russia who was at #APEC meetings. Good discussions on Syria. Hope for his help to solve, along with China the dangerous North Korea crisis. Progress being made.",75165,15391,188,32,0.013447225093841553,0.1876416951417923,0.7989110946655273,0.7854638695716858,Positive
929503641014112256,2017-11-12 00:18:32+00:00,2017-11-12,2017-11,Sunday,0,Web,False,"When will all the haters and fools out there realize that having a good relationship with Russia is a good thing, not a bad thing. There always playing politics - bad for our country. I want to solve North Korea, Syria, Ukraine, terrorism, and Russia can greatly help!",158703,39627,268,48,0.7915565371513367,0.1733122169971466,0.03513117879629135,-0.7564253583550453,Negative
929509950811881472,2017-11-12 00:43:36+00:00,2017-11-12,2017-11,Sunday,0,Web,False,"Does the Fake News Media remember when Crooked Hillary Clinton, as Secretary of State, was begging Russia to be our friend with the misspelled reset button? Obama tried also, but he had zero chemistry with Putin.",119569,28716,212,36,0.826053261756897,0.16370722651481628,0.010239542461931705,-0.8158137192949653,Negative
929511061954297857,2017-11-12 00:48:01+00:00,2017-11-12,2017-11,Sunday,0,Web,False,"Why would Kim Jong-un insult me by calling me ""old,"" when I would NEVER call him ""short and fat?"" Oh well, I try so hard to be his friend - and maybe someday that will happen!",616217,272776,175,36,0.7955479621887207,0.17766156792640686,0.026790430769324303,-0.7687575314193964,Negative
929651728726798336,2017-11-12 10:06:58+00:00,2017-11-12,2017-11,Sunday,10,iPhone,False,"Just landed in the Philippines after a great day of meetings and events in Hanoi, Vietnam!",3751,869,90,16,0.0017439055955037475,0.028360581025481224,0.9698955416679382,0.9681516360724345,Positive
929655283181391874,2017-11-12 10:21:06+00:00,2017-11-12,2017-11,Sunday,10,iPhone,False,"Just landed in the Philippines after a great day of meetings and events in Hanoi, Vietnam! https://t.co/YxHRNhhPWo",72215,10869,114,17,0.0015564998611807823,0.03043125383555889,0.9680122137069702,0.9664557138457894,Positive
929670192434745344,2017-11-12 11:20:20+00:00,2017-11-12,2017-11,Sunday,11,iPhone,False,"We had a wonderful visit to Vietnam, thank you President Tran Dai Quang! Heading to the #ASEANSummit 50th Anniv Gala in the Philippines now. https://t.co/WfSd8EE3Nm",58790,10974,164,25,0.0016057915054261684,0.01272270455956459,0.9856715798377991,0.9840657883323729,Positive
929717762422988801,2017-11-12 14:29:22+00:00,2017-11-12,2017-11,Sunday,14,iPhone,False,Thank you! https://t.co/TD0rYcWN8C,61954,10784,34,3,0.0058941589668393135,0.03516872227191925,0.9589371085166931,0.9530429495498538,Positive
930049882949345281,2017-11-13 12:29:06+00:00,2017-11-13,2017-11,Monday,12,iPhone,False,"Great day of bilateral meetings at #ASEANSummit on trade, which we are turning around to be great deals for our country! https://t.co/2ahAvm4n9s",43903,8680,144,22,0.0018237985204905272,0.013541407883167267,0.9846348166465759,0.9828110181260854,Positive
930050967067820032,2017-11-13 12:33:24+00:00,2017-11-13,2017-11,Monday,12,iPhone,False,Will be leaving the Philippines tomorrow after many days of constant mtgs &amp; work in order to #MAGA! My promises are rapidly being fulfilled.,72867,13875,144,24,0.004909357987344265,0.06128774210810661,0.9338028430938721,0.9288934851065278,Positive
930087113764327424,2017-11-13 14:57:02+00:00,2017-11-13,2017-11,Monday,14,iPhone,False,"Happy to announce, I am nominating Alex Azar to be the next HHS Secretary. He will be a star for better healthcare and lower drug prices!",70142,12694,137,26,0.001797212054952979,0.013552581891417503,0.984650194644928,0.982852982589975,Positive
930089374187950081,2017-11-13 15:06:01+00:00,2017-11-13,2017-11,Monday,15,Web,False,"I am proud of the Rep. House &amp; Senate for working so hard on cutting taxes {&amp; reform.} We’re getting close! Now, how about ending the unfair &amp; highly unpopular Indiv Mandate in OCare &amp; reducing taxes even further? Cut top rate to 35% w/all of the rest going to middle income cuts?",77853,16528,296,53,0.006934948265552521,0.03402388095855713,0.9590411186218262,0.9521061703562737,Positive
930259298407419904,2017-11-14 02:21:14+00:00,2017-11-14,2017-11,Tuesday,2,iPhone,False,Excited to be heading home to see the House pass a GREAT Tax Bill with the middle class getting big TAX CUTS! #MakeAmericaGreatAgain🇺🇸,77499,14595,134,23,0.0024824845604598522,0.012278909794986248,0.9852386116981506,0.9827561271376908,Positive
930301344342265857,2017-11-14 05:08:19+00:00,2017-11-14,2017-11,Tuesday,5,Web,False,Great to see @RandPaul looking well and back on the Senate floor. He will help us with TAX CUTS and REFORM!,58147,11085,107,21,0.002422831254079938,0.017690103501081467,0.9798870086669922,0.9774641774129122,Positive
930304414564352000,2017-11-14 05:20:31+00:00,2017-11-14,2017-11,Tuesday,5,Web,False,"After my tour of Asia, all Countries dealing with us on TRADE know that the rules have changed. The United States has to be treated fairly and in a reciprocal fashion. The massive TRADE deficits must go down quickly!",84021,16950,216,39,0.16463978588581085,0.6573545336723328,0.17800569534301758,0.013365909457206726,Neutral
930305984077156352,2017-11-14 05:26:45+00:00,2017-11-14,2017-11,Tuesday,5,Web,False,"Just arrived at #ASEAN50 in the Philippines for my final stop with World Leaders. Will lead to FAIR TRADE DEALS, unlike the horror shows from past Administrations. Will then be leaving for D.C. Made many good friends!",48188,8566,217,37,0.00413058465346694,0.05812021717429161,0.9377491474151611,0.9336185627616942,Positive
930320191699017730,2017-11-14 06:23:12+00:00,2017-11-14,2017-11,Tuesday,6,iPhone,False,I will be making a major statement from the @WhiteHouse upon my return to D.C. Time and date to be set.,86297,20053,103,21,0.007491361349821091,0.9058378338813782,0.08667079359292984,0.07917943224310875,Neutral
930346433177378817,2017-11-14 08:07:29+00:00,2017-11-14,2017-11,Tuesday,8,Web,False,"One of the most accurate polls last time around. But #FakeNews likes to say we’re in the 30’s. They are wrong. Some people think numbers could be in the 50's. Together, WE will MAKE AMERICA GREAT AGAIN! https://t.co/YhrwkdObhP",65280,15736,226,38,0.25355637073516846,0.4030097723007202,0.3434338867664337,0.08987751603126526,Neutral
930362633852735488,2017-11-14 09:11:51+00:00,2017-11-14,2017-11,Tuesday,9,iPhone,False,THANK YOU to the amazing staff and their families of the United States Embassy in the Philippines. Keep up the GREAT WORK! https://t.co/3ABVXTsJM0,55853,10576,146,23,0.002957971068099141,0.009604385122656822,0.9874376654624939,0.9844796943943948,Positive
930490487903084544,2017-11-14 17:39:54+00:00,2017-11-14,2017-11,Tuesday,17,iPhone,False,THANK YOU ASIA! #USA🇺🇸 https://t.co/FziKSbrzcu,86071,19851,46,5,0.003736975137144327,0.017648298293352127,0.9786146879196167,0.9748777127824724,Positive
930655291569524736,2017-11-15 04:34:46+00:00,2017-11-15,2017-11,Wednesday,4,iPhone,False,"May God be with the people of Sutherland Springs, Texas. The FBI and Law Enforcement has arrived.",36579,6540,97,17,0.013308657333254814,0.2595495581626892,0.727141797542572,0.7138331402093172,Positive
930657178544984066,2017-11-15 04:42:16+00:00,2017-11-15,2017-11,Wednesday,4,iPhone,False,Just returned from Asia after 12 very successful days. Great to be home!,85270,11843,72,13,0.002442632569000125,0.007959927432239056,0.989597499370575,0.9871548668015748,Positive
930744931609694208,2017-11-15 10:30:58+00:00,2017-11-15,2017-11,Wednesday,10,iPhone,False,Our great country is respected again in Asia. You will see the fruits of our long but successful trip for many years to come!,92260,16884,125,24,0.0022046586964279413,0.012815067544579506,0.9849802851676941,0.9827756264712662,Positive
930747213659197441,2017-11-15 10:40:02+00:00,2017-11-15,2017-11,Wednesday,10,iPhone,False,".@foxandfriends will be showing much of our successful trip to Asia, and the friendships &amp; benefits that will endure for years to come!",52255,9541,139,23,0.0016346339834854007,0.016951480880379677,0.9814139008522034,0.979779266868718,Positive
930748627642998784,2017-11-15 10:45:39+00:00,2017-11-15,2017-11,Wednesday,10,iPhone,False,"While in the Philippines I was forced to watch @CNN, which I have not done in months, and again realized how bad, and FAKE, it is. Loser!",135601,32702,137,27,0.9481196403503418,0.04661327973008156,0.00526704965159297,-0.9428525906987488,Negative
930750650010480640,2017-11-15 10:53:42+00:00,2017-11-15,2017-11,Wednesday,10,iPhone,False,"Thank you, working hard! https://t.co/TmNdNPBJ3m",32118,5154,48,5,0.0046545881778001785,0.015654336661100388,0.9796910881996155,0.9750365000218153,Positive
930751807101562881,2017-11-15 10:58:18+00:00,2017-11-15,2017-11,Wednesday,10,iPhone,False,Thank you! https://t.co/EQMwv1XbiM,48022,10485,34,3,0.0058941589668393135,0.03516872227191925,0.9589371085166931,0.9530429495498538,Positive
930815626460921856,2017-11-15 15:11:53+00:00,2017-11-15,2017-11,Wednesday,15,iPhone,False,Do you think the three UCLA Basketball Players will say thank you President Trump? They were headed for 10 years in jail!,165011,43776,121,22,0.6973099112510681,0.2640424370765686,0.03864770755171776,-0.6586622036993504,Negative
930836707095863296,2017-11-15 16:35:39+00:00,2017-11-15,2017-11,Wednesday,16,iPhone,False,"The failing @nytimes hates the fact that I have developed a great relationship with World leaders like Xi Jinping, President of China.....",67340,14267,138,22,0.8216075301170349,0.14889302849769592,0.02949940226972103,-0.7921081278473139,Negative
930837616714571776,2017-11-15 16:39:16+00:00,2017-11-15,2017-11,Wednesday,16,iPhone,False,"...They should realize that these relationships are a good thing, not a bad thing. The U.S. is being respected again. Watch Trade!",85167,15595,130,22,0.020434731617569923,0.2395801842212677,0.7399851083755493,0.7195503767579794,Positive
930840960346611712,2017-11-15 16:52:33+00:00,2017-11-15,2017-11,Wednesday,16,iPhone,False,It is actually hard to believe how naive (or dumb) the Failing @nytimes is when it comes to foreign policy...weak and ineffective!,73601,15541,130,22,0.9447694420814514,0.04819461330771446,0.00703593110665679,-0.9377335109747946,Negative
930981685658902528,2017-11-16 02:11:45+00:00,2017-11-16,2017-11,Thursday,2,iPhone,False,Why are Democrats fighting massive tax cuts for the middle class and business (jobs)? The reason: Obstruction and Delay!,101559,23817,120,19,0.8675916790962219,0.1205943375825882,0.011813950724899769,-0.8557777283713222,Negative
930982399202217984,2017-11-16 02:14:35+00:00,2017-11-16,2017-11,Thursday,2,iPhone,False,Big vote tomorrow in the House. Tax cuts are getting close!,70949,12131,59,11,0.010796541348099709,0.25242453813552856,0.7367789149284363,0.7259823735803366,Positive
931122234437046272,2017-11-16 11:30:14+00:00,2017-11-16,2017-11,Thursday,11,iPhone,False,"To the three UCLA basketball players I say: You're welcome, go out and give a big Thank You to President Xi Jinping of China who made.....",89067,18162,138,26,0.004314134828746319,0.05708225816488266,0.9386035799980164,0.93428944516927,Positive
931123400810037248,2017-11-16 11:34:52+00:00,2017-11-16,2017-11,Thursday,11,iPhone,False,"....your release possible and, HAVE A GREAT LIFE! Be careful, there are many pitfalls on the long and winding road of life!",93551,17232,123,22,0.024454055353999138,0.0894736647605896,0.8860723376274109,0.8616182822734118,Positive
931140567089721344,2017-11-16 12:43:05+00:00,2017-11-16,2017-11,Thursday,12,iPhone,False,"China is sending an Envoy and Delegation to North Korea - A big move, we'll see what happens!",91366,19675,93,18,0.03492334485054016,0.641865611076355,0.32321101427078247,0.2882876694202423,Neutral
931223807037263873,2017-11-16 18:13:51+00:00,2017-11-16,2017-11,Thursday,18,Web,False,Need all on the UN Security Council to vote to renew the Joint Investigative Mechanism for Syria to ensure that Assad Regime does not commit mass murder with chemical weapons ever again.,65781,13807,186,32,0.5327727198600769,0.4246351718902588,0.0425921194255352,-0.4901806004345417,Negative
931254609041068032,2017-11-16 20:16:15+00:00,2017-11-16,2017-11,Thursday,20,iPhone,False,Congratulations to the House of Representatives for passing the #TaxCutsandJobsAct — a big step toward fulfilling our promise to deliver historic TAX CUTS for the American people by the end of the year! https://t.co/8FjefMj6hh,68106,16216,226,34,0.0022098149638623,0.019833995029330254,0.9779561758041382,0.9757463608402759,Positive
931355543096233985,2017-11-17 02:57:19+00:00,2017-11-17,2017-11,Friday,2,iPhone,False,"Big win today in the House for GOP Tax Cuts and Reform, 227-205. Zero Dems, they want to raise taxes much higher, but not for our military!",64038,12904,139,27,0.039279356598854065,0.17003808915615082,0.7906826138496399,0.7514032572507858,Positive
931357870024687616,2017-11-17 03:06:34+00:00,2017-11-17,2017-11,Friday,3,iPhone,False,"The Al Frankenstien picture is really bad, speaks a thousand words. Where do his hands go in pictures 2, 3, 4, 5 &amp; 6 while she sleeps? .....",87667,24215,144,28,0.9062556624412537,0.08860306441783905,0.005141223315149546,-0.9011144391261041,Negative
931360196554821632,2017-11-17 03:15:49+00:00,2017-11-17,2017-11,Friday,3,iPhone,False,.And to think that just last week he was lecturing anyone who would listen about sexual harassment and respect for women. Lesley Stahl tape?,85681,20330,140,24,0.7468050718307495,0.24208486080169678,0.011110061779618263,-0.7356950100511312,Negative
931469365538672640,2017-11-17 10:29:37+00:00,2017-11-17,2017-11,Friday,10,iPhone,False,"Great numbers on Stocks and the Economy. If we get Tax Cuts and Reform, we'll really see some great results!",75155,14627,108,20,0.0038486579433083534,0.016687383875250816,0.9794639348983765,0.9756152769550681,Positive
931477193255014400,2017-11-17 11:00:43+00:00,2017-11-17,2017-11,Friday,11,iPhone,False,"If Democrats were not such obstructionists and understood the power of lower taxes, we would be able to get many of their ideas into Bill!",100044,21521,138,25,0.20972372591495514,0.5692956447601318,0.2209806591272354,0.011256933212280273,Neutral
931538234169069568,2017-11-17 15:03:16+00:00,2017-11-17,2017-11,Friday,15,Web,False,"Together, we're going to restore safety to our streets and peace to our communities, and we're going to destroy the vile criminal cartel, #MS13, and many other gangs... 'Hundreds arrested in MS-13 crackdown' https://t.co/Mp268d8RaU https://t.co/mrynwnTuoO",76193,19891,255,35,0.1118001714348793,0.4883320927619934,0.3998677432537079,0.2880675718188286,Neutral
931661592135168000,2017-11-17 23:13:27+00:00,2017-11-17,2017-11,Friday,23,iPhone,False,"Today, it was an honor to celebrate the Collegiate National Champions of 2016/2017 at the @WhiteHouse! #NCAAChampions🏆Photos: https://t.co/Ecl2phhzyl https://t.co/w8jE24pLwa",55054,10924,173,19,0.0019171183230355382,0.013187218457460403,0.9848957061767578,0.9829785878537223,Positive
931685146415255552,2017-11-18 00:47:03+00:00,2017-11-18,2017-11,Saturday,0,iPhone,False,Put big game trophy decision on hold until such time as I review all conservation facts. Under study for years. Will update soon with Secretary Zinke. Thank you!,128508,23532,161,28,0.06113576143980026,0.6992155313491821,0.2396487444639206,0.17851298302412033,Neutral
931877599034388480,2017-11-18 13:31:47+00:00,2017-11-18,2017-11,Saturday,13,iPhone,False,"Crooked Hillary Clinton is the worst (and biggest) loser of all time. She just can’t stop, which is so good for the Republican Party. Hillary, get on with your life and give it another try in three years!",191955,51390,204,38,0.9439248442649841,0.04238228499889374,0.013692907057702541,-0.9302319372072816,Negative
932303108146892801,2017-11-19 17:42:36+00:00,2017-11-19,2017-11,Sunday,17,iPhone,False,"Now that the three basketball players are out of China and saved from years in jail, LaVar Ball, the father of LiAngelo, is unaccepting of what I did for his son and that shoplifting is no big deal. I should have left them in jail!",275392,77081,231,45,0.8681894540786743,0.12334975600242615,0.00846085324883461,-0.8597286008298397,Negative
932388590344196096,2017-11-19 23:22:17+00:00,2017-11-19,2017-11,Sunday,23,iPhone,True,"Sen. Jeff Flake(y), who is unelectable in the Great State of Arizona (quit race, anemic polls) was caught (purposely) on “mike” saying bad things about your favorite President. He’ll be a NO on tax cuts because his political career anyway is “toast.”",70791,16532,250,42,0.8446961045265198,0.1471448391675949,0.008159092627465725,-0.836537011899054,Negative
932392209445457920,2017-11-19 23:36:40+00:00,2017-11-19,2017-11,Sunday,23,iPhone,False,"Shoplifting is a very big deal in China, as it should be (5-10 years in jail), but not to father LaVar. Should have gotten his son out during my next trip to China instead. China told them why they were released. Very ungrateful!",135939,30318,229,43,0.890411913394928,0.10283868759870529,0.006749379448592663,-0.8836625339463353,Negative
932397369655808001,2017-11-19 23:57:10+00:00,2017-11-19,2017-11,Sunday,23,iPhone,False,Big-game trophy decision will be announced next week but will be very hard pressed to change my mind that this horror show in any way helps conservation of Elephants or any other animal.,66098,13550,186,33,0.6793104410171509,0.27624791860580444,0.044441550970077515,-0.6348688900470734,Negative
932420488642617344,2017-11-20 01:29:02+00:00,2017-11-20,2017-11,Monday,1,iPhone,False,"Border Patrol Officer killed at Southern Border, another badly hurt. We will seek out and bring to justice those responsible. We will, and must, build the Wall!",151368,36647,160,27,0.8457934260368347,0.13462960720062256,0.01957700029015541,-0.8262164257466793,Negative
932433668068528131,2017-11-20 02:21:24+00:00,2017-11-20,2017-11,Monday,2,iPhone,False,Republican Senators are working very hard to get Tax Cuts and Tax Reform approved. Hopefully it will not be long and they do not want to disappoint the American public!,74527,14862,168,30,0.01689162477850914,0.1265908032655716,0.8565175533294678,0.8396259285509586,Positive
932570628451954688,2017-11-20 11:25:38+00:00,2017-11-20,2017-11,Monday,11,iPhone,False,Marshawn Lynch of the NFL’s Oakland Raiders stands for the Mexican Anthem and sits down to boos for our National Anthem. Great disrespect! Next time NFL should suspend him for remainder of season. Attendance and ratings way down.,157338,37606,229,38,0.9059985280036926,0.08584077656269073,0.008160626515746117,-0.8978379014879465,Negative
932578255810498560,2017-11-20 11:55:57+00:00,2017-11-20,2017-11,Monday,11,iPhone,False,Under President Trump unemployment rate will drop below 4%. Analysts predict economic boom for 2018! @foxandfriends and @Varneyco,79690,18107,129,18,0.007868379354476929,0.15604650974273682,0.8360850811004639,0.8282167017459869,Positive
933038654171344896,2017-11-21 18:25:24+00:00,2017-11-21,2017-11,Tuesday,18,iPhone,False,President Donald J. Trump and @FLOTUS Melania Participate in the Pardoning of the National Thanksgiving Turkey at the White House. https://t.co/Zauqz4jfWv,64454,14628,154,21,0.005269120447337627,0.9141173362731934,0.08061359822750092,0.07534447778016329,Neutral
933105158275325952,2017-11-21 22:49:40+00:00,2017-11-21,2017-11,Tuesday,22,iPhone,False,"Today, we continued a wonderful American Tradition at the White House. Drumstick and Wishbone will live out their days in the beautiful Blue Ridge Mountains at Gobbler’s Rest... https://t.co/fsS8B8f5UR",75318,14850,201,29,0.0013108643470332026,0.019230760633945465,0.9794583320617676,0.9781474677147344,Positive
933280234220134401,2017-11-22 10:25:22+00:00,2017-11-22,2017-11,Wednesday,10,iPhone,False,"It wasn’t the White House, it wasn’t the State Department, it wasn’t father LaVar’s so-called people on the ground in China that got his son out of a long term prison sentence - IT WAS ME. Too bad! LaVar is just a poor man’s version of Don King, but without the hair. Just think..",126400,33183,280,54,0.8669098615646362,0.1246095821261406,0.00848062802106142,-0.8584292335435748,Negative
933282274937733126,2017-11-22 10:33:28+00:00,2017-11-22,2017-11,Wednesday,10,iPhone,False,"...LaVar, you could have spent the next 5 to 10 years during Thanksgiving with your son in China, but no NBA contract to support you. But remember LaVar, shoplifting is NOT a little thing. It’s a really big deal, especially in China. Ungrateful fool!",160972,39047,250,44,0.8563754558563232,0.13097620010375977,0.012648300267755985,-0.8437271555885673,Negative
933285973277868032,2017-11-22 10:48:10+00:00,2017-11-22,2017-11,Wednesday,10,iPhone,False,The NFL is now thinking about a new idea - keeping teams in the Locker Room during the National Anthem next season. That’s almost as bad as kneeling! When will the highly paid Commissioner finally get tough and smart? This issue is killing your league!.....,121068,25497,257,45,0.9300236701965332,0.0640120878815651,0.005964208394289017,-0.9240594618022442,Negative
933291075342540800,2017-11-22 11:08:26+00:00,2017-11-22,2017-11,Wednesday,11,iPhone,False,Another Crooked Hillary Fan! https://t.co/1LidydhORD,70,38,52,5,0.7514877319335938,0.21347185969352722,0.035040341317653656,-0.7164473906159401,Negative
933301876975718401,2017-11-22 11:51:22+00:00,2017-11-22,2017-11,Wednesday,11,iPhone,False,Will be having meetings and working the phones from the Winter White House in Florida (Mar-a-Lago). Stock Market hit new Record High yesterday - $5.5 trillion gain since E. Many companies coming back to the U.S. Military building up and getting very strong.,78387,15842,257,43,0.002509908052161336,0.13603146374225616,0.8614585995674133,0.858948691515252,Positive
933319309551685633,2017-11-22 13:00:38+00:00,2017-11-22,2017-11,Wednesday,13,iPhone,False,The @USNavy is conducting search and rescue following aircraft crash. We are monitoring the situation. Prayers for all involved. https://t.co/1AxmegKqvu,52046,11327,152,20,0.0652858316898346,0.7922994494438171,0.14241473376750946,0.07712890207767487,Neutral
933446283632824321,2017-11-22 21:25:11+00:00,2017-11-22,2017-11,Wednesday,21,iPhone,False,51 Million American to travel this weekend - highest number in twelve years (AAA). Traffic and airports are running very smoothly! @FoxNews,64177,11216,139,22,0.0022240395192056894,0.036964647471904755,0.9608113169670105,0.9585872774478048,Positive
933448074348900354,2017-11-22 21:32:18+00:00,2017-11-22,2017-11,Wednesday,21,iPhone,False,I have long given the order to help Argentina with the Search and Rescue mission of their missing submarine. 45 people aboard and not much time left. May God be with them and the people of Argentina!,125245,25715,199,37,0.03510488569736481,0.31269797682762146,0.6521971225738525,0.6170922368764877,Positive
933517194142584833,2017-11-23 02:06:57+00:00,2017-11-23,2017-11,Thursday,2,iPhone,False,....And it will get even better with Tax Cuts! https://t.co/75wozGJQoP,51840,10413,70,10,0.0032929095905274153,0.05036698654294014,0.9463401436805725,0.9430472340900451,Positive
933658521828315136,2017-11-23 11:28:32+00:00,2017-11-23,2017-11,Thursday,11,iPhone,False,"HAPPY THANKSGIVING, your Country is starting to do really well. Jobs coming back, highest Stock Market EVER, Military getting really strong, we will build the WALL, V.A. taking care of our Vets, great Supreme Court Justice, RECORD CUT IN REGS, lowest unemployment in 17 years....!",207605,44385,280,45,0.005629231687635183,0.01532494742423296,0.9790458679199219,0.9734166362322867,Positive
933659179348299776,2017-11-23 11:31:09+00:00,2017-11-23,2017-11,Thursday,11,iPhone,True,@ThePlumLineGS MAKE AMERICA GREAT AGAIN!,9903,4116,40,5,0.004627625457942486,0.03569089248776436,0.9596814513206482,0.9550538258627057,Positive
933662564587855877,2017-11-23 11:44:36+00:00,2017-11-23,2017-11,Thursday,11,iPhone,False,MAKE AMERICA GREAT AGAIN!,148747,37522,25,4,0.00767189497128129,0.047189049422740936,0.9451390504837036,0.9374671555124223,Positive
933692459351265280,2017-11-23 13:43:24+00:00,2017-11-23,2017-11,Thursday,13,iPhone,True,"Will be doing a live Thanksgiving Video Teleconference with Members of the Military at 9:00 A.M. Afghanistan, Iraq, USS Monterey, Turkey &amp; Bahrain. Then going to Coast Guard Quarters, Florida.",52633,8630,196,30,0.005295612849295139,0.9343622326850891,0.06034223735332489,0.05504662450402975,Neutral
933720598383026176,2017-11-23 15:35:13+00:00,2017-11-23,2017-11,Thursday,15,Media Studio,False,HAPPY THANKSGIVING! https://t.co/nQhi7XopMW,101484,24675,43,3,0.004532745573669672,0.01114380732178688,0.9843234419822693,0.9797906964085996,Positive
933831194558582784,2017-11-23 22:54:41+00:00,2017-11-23,2017-11,Thursday,22,iPad,False,"My great honor to join our incredible men and women of the @USCG, at the Lake Worth Inlet Station, in Riviera Beach, Florida today! #HappyThanksgiving https://t.co/C35HR9opbP",57994,11231,174,26,0.0015017981640994549,0.00944542232900858,0.9890528321266174,0.987551033962518,Positive
933837062293291008,2017-11-23 23:18:00+00:00,2017-11-23,2017-11,Thursday,23,iPhone,False,"ObamaCare premiums are going up, up, up, just as I have been predicting for two years. ObamaCare is OWNED by the Democrats, and it is a disaster. But do not worry. Even though the Dems want to Obstruct, we will Repeal &amp; Replace right after Tax Cuts!",90375,18924,253,47,0.8499947190284729,0.12813322246074677,0.021872086450457573,-0.8281226325780153,Negative
933918671503753216,2017-11-24 04:42:17+00:00,2017-11-24,2017-11,Friday,4,iPhone,False,A great guy (with great ratings)! https://t.co/S0S6xqrjSC,66184,12292,57,7,0.0041069225408136845,0.012507973238825798,0.9833850860595703,0.9792781635187566,Positive
933921775984967681,2017-11-24 04:54:37+00:00,2017-11-24,2017-11,Friday,4,iPhone,False,Two great people! https://t.co/5cVnMhnmuH,69576,15360,41,4,0.0051726000383496284,0.013394279405474663,0.981433093547821,0.9762604935094714,Positive
934026050388013056,2017-11-24 11:48:58+00:00,2017-11-24,2017-11,Friday,11,iPhone,False,"Can you believe that the disrespect for our Country, our Flag, our Anthem continues without penalty to the players. The Commissioner has lost control of the hemorrhaging league. Players are the boss! https://t.co/udXP5MR8BC",61082,15325,223,33,0.9133986234664917,0.07712054252624512,0.009480909444391727,-0.9039177140221,Negative
934029886842458112,2017-11-24 12:04:13+00:00,2017-11-24,2017-11,Friday,12,iPhone,False,"Will be speaking to President Recep Tayyip Erdogan of Turkey this morning about bringing peace to the mess that I inherited in the Middle East. I will get it all done, but what a mistake, in lives and dollars (6 trillion), to be there in the first place!",69764,16150,254,48,0.4242002069950104,0.45179885625839233,0.12400098890066147,-0.3001992180943489,Neutral
934031535757582336,2017-11-24 12:10:46+00:00,2017-11-24,2017-11,Friday,12,iPhone,False,"After Turkey call I will be heading over to Trump National Golf Club, Jupiter, to play golf (quickly) with Tiger Woods and Dustin Johnson. Then back to Mar-a-Lago for talks on bringing even more jobs and companies back to the USA!",92732,15606,230,41,0.002811979968100786,0.43064287304878235,0.5665451288223267,0.5637331488542259,Positive
934080974773776384,2017-11-24 15:27:13+00:00,2017-11-24,2017-11,Friday,15,iPhone,False,"Horrible and cowardly terrorist attack on innocent and defenseless worshipers in Egypt. The world cannot tolerate terrorism, we must defeat them militarily and discredit the extremist ideology that forms the basis of their existence!",145647,33866,233,34,0.9472967982292175,0.04710854962468147,0.0055945757776498795,-0.9417022224515676,Negative
934131805409697792,2017-11-24 18:49:12+00:00,2017-11-24,2017-11,Friday,18,iPhone,False,"Will be calling the President of Egypt in a short while to discuss the tragic terrorist attack, with so much loss of life. We have to get TOUGHER AND SMARTER than ever before, and we will. Need the WALL, need the BAN! God bless the people of Egypt.",102834,21083,248,48,0.5688807368278503,0.31666821241378784,0.11445107311010361,-0.45442966371774673,Negative
934189999045693441,2017-11-24 22:40:26+00:00,2017-11-24,2017-11,Friday,22,iPhone,False,"Time Magazine called to say that I was PROBABLY going to be named “Man (Person) of the Year,” like last year, but I would have to agree to an interview and a major photo shoot. I said probably is no good and took a pass. Thanks anyway!",166537,43917,235,47,0.3778379261493683,0.5010659694671631,0.12109614163637161,-0.2567417845129967,Neutral
934507210385829888,2017-11-25 19:40:55+00:00,2017-11-25,2017-11,Saturday,19,iPhone,False,Happy #SmallBusinessSaturday! A great day to support your community and America’s JOB creators by shopping locally at a #SmallBiz. #ShopSmall https://t.co/pBQaBHvl7k,52038,11353,165,21,0.0024778242222964764,0.03941236063838005,0.9581098556518555,0.955632031429559,Positive
934539256940417024,2017-11-25 21:48:16+00:00,2017-11-25,2017-11,Saturday,21,iPhone,False,"The Consumer Financial Protection Bureau, or CFPB, has been a total disaster as run by the previous Administrations pick. Financial Institutions have been devastated and unable to properly serve the public. We will bring it back to life!",71937,15216,237,38,0.9206383228302002,0.07098870724439621,0.008372963406145573,-0.9122653594240546,Negative
934542257222451206,2017-11-25 22:00:11+00:00,2017-11-25,2017-11,Saturday,22,iPhone,False,"Check out the recent Editorial in the Wall Street Journal @WSJ about what a complete disaster the @CFPB has been under its leader from previous Administration, who just quit!",45206,10315,174,29,0.8424853682518005,0.1422891616821289,0.01522547472268343,-0.8272598935291171,Negative
934551607596986368,2017-11-25 22:37:21+00:00,2017-11-25,2017-11,Saturday,22,iPhone,False,".@FoxNews is MUCH more important in the United States than CNN, but outside of the U.S., CNN International is still a major source of (Fake) news, and they represent our Nation to the WORLD very poorly. The outside world does not see the truth from them!",114917,34012,254,46,0.8554370403289795,0.13120156526565552,0.013361392542719841,-0.8420756477862597,Negative
934563828834164739,2017-11-25 23:25:54+00:00,2017-11-25,2017-11,Saturday,23,iPhone,False,"Wow, even I didn’t realize we did so much. Wish the Fake News would report! Thank you. https://t.co/ApVbu2b0Jd",68715,19946,110,18,0.44315263628959656,0.27606767416000366,0.28077974915504456,-0.162372887134552,Negative
934781939088629761,2017-11-26 13:52:36+00:00,2017-11-26,2017-11,Sunday,13,iPhone,False,"The last thing we need in Alabama and the U.S. Senate is a Schumer/Pelosi puppet who is WEAK on Crime, WEAK on the Border, Bad for our Military and our great Vets, Bad for our 2nd Amendment, AND WANTS TO RAISES TAXES TO THE SKY. Jones would be a disaster!",103129,26802,255,50,0.929682731628418,0.061502911150455475,0.00881434790790081,-0.9208683837205172,Negative
934792302341521408,2017-11-26 14:33:47+00:00,2017-11-26,2017-11,Sunday,14,iPhone,False,I endorsed Luther Strange in the Alabama Primary. He shot way up in the polls but it wasn’t enough. Can’t let Schumer/Pelosi win this race. Liberal Jones would be BAD!,78658,17672,167,30,0.7501753568649292,0.21399566531181335,0.03582892194390297,-0.7143464349210262,Negative
934896989539586054,2017-11-26 21:29:46+00:00,2017-11-26,2017-11,Sunday,21,iPhone,False,"Since the first day I took office, all you hear is the phony Democrat excuse for losing the election, Russia, Russia,Russia. Despite this I have the economy booming and have possibly done more than any 10 month President. MAKE AMERICA GREAT AGAIN!",155019,34808,247,42,0.3433453142642975,0.25115036964416504,0.4055043160915375,0.06215900182723999,Positive
934961858380955648,2017-11-27 01:47:32+00:00,2017-11-27,2017-11,Monday,1,iPhone,False,"Back in D.C., big week for Tax Cuts and many other things of great importance to our Country. Senate Republicans will hopefully come through for all of us. The Tax Cut Bill is getting better and better. The end result will be great for ALL!",87273,17092,240,45,0.002493972424417734,0.01444051694124937,0.9830654859542847,0.9805715135298669,Positive
935147410472480769,2017-11-27 14:04:51+00:00,2017-11-27,2017-11,Monday,14,iPhone,False,"We should have a contest as to which of the Networks, plus CNN and not including Fox, is the most dishonest, corrupt and/or distorted in its political coverage of your favorite President (me). They are all bad. Winner to receive the FAKE NEWS TROPHY!",153835,41765,250,44,0.8703970909118652,0.11374460905790329,0.01585826650261879,-0.8545388244092464,Negative
935150368207654912,2017-11-27 14:16:36+00:00,2017-11-27,2017-11,Monday,14,iPhone,False,"The good news is that their ratings are terrible, nobody cares! https://t.co/I7h4Ryin3h",59880,13407,87,12,0.8020631670951843,0.13127802312374115,0.06665877252817154,-0.7354043945670128,Negative
935152378747195392,2017-11-27 14:24:36+00:00,2017-11-27,2017-11,Monday,14,iPhone,False,"The Tax Cut Bill is coming along very well, great support. With just a few changes, some mathematical, the middle class and job producers can get even more in actual dollars and savings and the pass through provision becomes simpler and really works well!",84043,16098,255,44,0.0063244011253118515,0.031407710164785385,0.9622679352760315,0.9559435341507196,Positive
935339687006429185,2017-11-28 02:48:53+00:00,2017-11-28,2017-11,Tuesday,2,iPhone,False,New home sales reach a 10 year high. Stock Market has more record gains. Hopefully Republican Senators will give us the much needed Tax Cuts to keep it all going! Democrats want big Tax Increases.,77845,16343,196,35,0.005402262322604656,0.04853501543402672,0.9460627436637878,0.9406604813411832,Positive
935340092583006208,2017-11-28 02:50:30+00:00,2017-11-28,2017-11,Tuesday,2,iPhone,False,Thank you Rand! https://t.co/NvPeleVmub,51558,11863,39,4,0.00392227154225111,0.020817648619413376,0.9752600789070129,0.9713378073647618,Positive
935489831005810688,2017-11-28 12:45:30+00:00,2017-11-28,2017-11,Tuesday,12,iPhone,False,"At least 24 players kneeling this weekend at NFL stadiums that are now having a very hard time filling up. The American public is fed up with the disrespect the NFL is paying to our Country, our Flag and our National Anthem. Weak and out of control!",101027,20531,249,47,0.9176777601242065,0.07605163007974625,0.006270525045692921,-0.9114072350785136,Negative
935493619204620288,2017-11-28 13:00:34+00:00,2017-11-28,2017-11,Tuesday,13,iPhone,False,"Melania, our great and very hard working First Lady, who truly loves what she is doing, always thought that “if you run, you will win.” She would tell everyone that, “no doubt, he will win.” I also felt I would win (or I would not have run) - and Country is doing great!",113070,18592,270,53,0.005775847472250462,0.025646405294537544,0.9685777425765991,0.9628018951043487,Positive
935513049729028096,2017-11-28 14:17:46+00:00,2017-11-28,2017-11,Tuesday,14,iPhone,False,"Meeting with “Chuck and Nancy” today about keeping government open and working. Problem is they want illegal immigrants flooding into our Country unchecked, are weak on Crime and want to substantially RAISE Taxes. I don’t see a deal!",86493,20973,233,38,0.7805202603340149,0.20518121123313904,0.014298584312200546,-0.7662216760218143,Negative
935545697360891904,2017-11-28 16:27:30+00:00,2017-11-28,2017-11,Tuesday,16,iPhone,False,“Statement from President Donald J. Trump on #GivingTuesday” https://t.co/NrfnmixAwR,30619,7300,84,9,0.004374412819743156,0.7948810458183289,0.20074456930160522,0.19637015648186207,Neutral
935632396841562112,2017-11-28 22:12:01+00:00,2017-11-28,2017-11,Tuesday,22,Media Studio,False,"Remarks from the Roosevelt Room with @SenateMajLdr Mitch McConnell, @SpeakerRyan and Secretary of Defense, General James Mattis. https://t.co/lZMqK5jBvh",34632,8429,152,18,0.009992347098886967,0.9476145505905151,0.04239305108785629,0.032400703988969326,Neutral
935636972252618753,2017-11-28 22:30:12+00:00,2017-11-28,2017-11,Tuesday,22,iPhone,False,"Dow, S&amp;P 500 and Nasdaq all finished the day at new RECORD HIGHS! https://t.co/wJyB9d00hh",47868,10638,93,14,0.0028348625637590885,0.09042676538228989,0.9067383408546448,0.9039034782908857,Positive
935640578007687168,2017-11-28 22:44:31+00:00,2017-11-28,2017-11,Tuesday,22,iPhone,False,"“The Conference Board said that consumer sentiment was at its highest level in nearly 17 years in November. The Consumer Confidence Index rose from 126.2 in October to 129.5, notching its best reading since December 2000...” https://t.co/iNOtT3K8Vn",41035,9606,248,37,0.0027102618478238583,0.08428187668323517,0.913007915019989,0.9102976531721652,Positive
935686205429157888,2017-11-29 01:45:50+00:00,2017-11-29,2017-11,Wednesday,1,iPhone,False,"After North Korea missile launch, it's more important than ever to fund our gov't &amp; military! Dems shouldn't hold troop funding hostage for amnesty &amp; illegal immigration. I ran on stopping illegal immigration and won big. They can't now threaten a shutdown to get their demands.",96277,23897,286,46,0.58608078956604,0.34824877977371216,0.0656704381108284,-0.5204103514552116,Negative
935701139198181376,2017-11-29 02:45:10+00:00,2017-11-29,2017-11,Wednesday,2,iPhone,False,"Charles McCullough, the respected fmr Intel Comm Inspector General, said public was misled on Crooked Hillary Emails. “Emails endangered National Security.” Why aren’t our deep State authorities looking at this? Rigged &amp; corrupt? @TuckerCarlson @seanhannity",64919,20873,261,35,0.8582020401954651,0.13406603038311005,0.007732002064585686,-0.8504700381308794,Negative
935712056690577414,2017-11-29 03:28:33+00:00,2017-11-29,2017-11,Wednesday,3,iPhone,False,"Just won the lawsuit on leadership of Consumer Financial Protection Bureau, CFPB. A big win for the Consumer!",82296,16517,109,18,0.003228878602385521,0.0456496998667717,0.9511213898658752,0.9478925112634897,Positive
935712632409030656,2017-11-29 03:30:50+00:00,2017-11-29,2017-11,Wednesday,3,iPhone,False,Great work Ivanka! https://t.co/AQL4JLvnDh,44549,7690,42,4,0.0055034286342561245,0.01550727803260088,0.97898930311203,0.9734858744777739,Positive
935713791765110785,2017-11-29 03:35:27+00:00,2017-11-29,2017-11,Wednesday,3,iPhone,False,Great day for Tax Cuts and the Republican Party. But the biggest Winner will be our great Country!,72936,13353,98,18,0.018146416172385216,0.06571897864341736,0.9161346554756165,0.8979882393032312,Positive
935833914761007114,2017-11-29 11:32:46+00:00,2017-11-29,2017-11,Wednesday,11,iPhone,False,".@foxandfriends, we are in record territory in all things having to do with our economy! https://t.co/VB0Ao3s18d",37757,8192,112,16,0.006931627634912729,0.21553955972194672,0.7775287628173828,0.7705971351824701,Positive
935838073618870272,2017-11-29 11:49:18+00:00,2017-11-29,2017-11,Wednesday,11,iPhone,False,"Great, and we should boycott Fake News CNN. Dealing with them is a total waste of time! https://t.co/8zJ3j7g5el",68731,16986,111,18,0.6322691440582275,0.20680966973304749,0.16092117130756378,-0.47134797275066376,Negative
935841679977910272,2017-11-29 12:03:38+00:00,2017-11-29,2017-11,Wednesday,12,iPhone,False,Looks like another great day for the Stock Market. Consumer Confidence is at Record High. I guess somebody likes me (my policies)!,85969,15251,130,22,0.003766947891563177,0.013909770175814629,0.9823233485221863,0.9785564006306231,Positive
935844881825763328,2017-11-29 12:16:21+00:00,2017-11-29,2017-11,Wednesday,12,iPhone,False,"Wow, Matt Lauer was just fired from NBC for “inappropriate sexual behavior in the workplace.” But when will the top executives at NBC &amp; Comcast be fired for putting out so much Fake News. Check out Andy Lack’s past!",101785,26294,219,39,0.876953125,0.11469956487417221,0.008347293362021446,-0.8686058316379786,Negative
935870484146683904,2017-11-29 13:58:05+00:00,2017-11-29,2017-11,Wednesday,13,iPhone,False,So now tha Matt Lauer is gone when will the Fake News practitioners at NBC be terminating the contract of Phil Griffin? And will they terminate low ratings Joe Scarborough based on the “unsolved mystery” that took place in Florida years ago? Investigate!,11146,3421,254,43,0.7383418083190918,0.25153738260269165,0.010120874270796776,-0.728220934048295,Negative
935874566701842434,2017-11-29 14:14:19+00:00,2017-11-29,2017-11,Wednesday,14,iPhone,False,So now that Matt Lauer is gone when will the Fake News practitioners at NBC be terminating the contract of Phil Griffin? And will they terminate low ratings Joe Scarborough based on the “unsolved mystery” that took place in Florida years ago? Investigate!,87636,23682,255,43,0.7441866397857666,0.24574412405490875,0.010069170035421848,-0.7341174697503448,Negative
935881037254725632,2017-11-29 14:40:01+00:00,2017-11-29,2017-11,Wednesday,14,iPhone,False,Just spoke to President XI JINPING of China concerning the provocative actions of North Korea. Additional major sanctions will be imposed on North Korea today. This situation will be handled!,101786,20849,191,30,0.4248700439929962,0.5324864983558655,0.04264344274997711,-0.3822266012430191,Neutral
935883355547160577,2017-11-29 14:49:14+00:00,2017-11-29,2017-11,Wednesday,14,iPhone,False,"Economy growing! Excluding hurricane effects, CEA estimates that real GDP growth would have been 3.9% in Q3. Stock market at a new high, unemployment at a low. We are winning and TAX CUTS will shift our economy into high gear! https://t.co/HrKIF72VqE",49831,11887,250,41,0.004933968652039766,0.039696116000413895,0.9553698897361755,0.9504359210841358,Positive
935940131311190021,2017-11-29 18:34:50+00:00,2017-11-29,2017-11,Wednesday,18,iPhone,False,"Departing @JBA_NAFW for St. Charles, Missouri to help push our plan for HISTORIC TAX CUTS across the finish line. A successful vote in the Senate this week will bring us one giant step closer to delivering an incredible victory for the American people! https://t.co/jR1DEUnm2h https://t.co/XF9sRwdV8u",40891,8392,300,45,0.004660237580537796,0.12864267826080322,0.8666971325874329,0.8620368950068951,Positive
936005585019002887,2017-11-29 22:54:56+00:00,2017-11-29,2017-11,Wednesday,22,iPhone,False,"This week, the Senate can join the House &amp; take a strong stand for the Middle Class families who are the backbone of America. Together, we will give the American people a big, beautiful Christmas present-a massive tax cut that lets Americans keep more of their HARD-EARNED MONEY! https://t.co/9jddEW2Oo5",54882,12542,307,49,0.002641083672642708,0.03575964272022247,0.9615992307662964,0.9589581470936537,Positive
936014271858831361,2017-11-29 23:29:27+00:00,2017-11-29,2017-11,Wednesday,23,iPhone,False,"A vote to CUT TAXES is a vote to PUT AMERICA FIRST. It is time to take care of OUR WORKERS, to protect OUR COMMUNITIES, and to REBUILD OUR GREAT COUNTRY! https://t.co/wW3QNxcCHf https://t.co/sRL2yRK6k2",48832,11531,201,33,0.020064083859324455,0.22247357666492462,0.7574623823165894,0.7373982984572649,Positive
936032275980079104,2017-11-30 00:40:59+00:00,2017-11-30,2017-11,Thursday,0,iPhone,False,"Now, we have a once in a lifetime opportunity to RESTORE AMERICAN PROSPERITY – and RECLAIM AMERICA’S DESTINY. But in order to achieve this bright and glowing future, the SENATE MUST PASS TAX CUTS – and bring Main Street roaring back to life! https://t.co/jMNwEMrbbr https://t.co/3Niu0thp1D",52666,12924,289,45,0.0044310507364571095,0.07170314341783524,0.923865795135498,0.9194347443990409,Positive
936032830844555264,2017-11-30 00:43:12+00:00,2017-11-30,2017-11,Thursday,0,iPhone,False,"Theresa @theresamay, don’t focus on me, focus on the destructive Radical Islamic Terrorism that is taking place within the United Kingdom. We are doing just fine!",14530,4860,162,26,0.5315042734146118,0.36382028460502625,0.10467541962862015,-0.42682885378599167,Negative
936037588372283392,2017-11-30 01:02:06+00:00,2017-11-30,2017-11,Thursday,1,iPhone,False,".@Theresa_May, don’t focus on me, focus on the destructive Radical Islamic Terrorism that is taking place within the United Kingdom. We are doing just fine!",119072,40409,156,25,0.5300585031509399,0.357890784740448,0.11205071210861206,-0.4180077910423279,Negative
936037938898636800,2017-11-30 01:03:30+00:00,2017-11-30,2017-11,Thursday,1,iPhone,False,The House of Representatives seeks contempt citations(?) against the JusticeDepartment and the FBI for withholding key documents and an FBI witness which could shed light on surveillance of associates of Donald Trump. Big stuff. Deep State. Give this information NOW! @FoxNews,73725,23824,276,41,0.7263938188552856,0.2561666965484619,0.017439503222703934,-0.7089543156325817,Negative
936039501474025473,2017-11-30 01:09:42+00:00,2017-11-30,2017-11,Thursday,1,iPhone,False,The only people who don’t like the Tax Cut Bill are the people that don’t understand it or the Obstructionist Democrats that know how really good it is and do not want the credit and success to go to the Republicans!,80814,18643,216,41,0.7507752776145935,0.20096294581890106,0.04826171696186066,-0.7025135606527328,Negative
936052257392676864,2017-11-30 02:00:23+00:00,2017-11-30,2017-11,Thursday,2,Media Studio,False,"“Had the information (Crooked Hillary’s emails) been released there would have been harm to National Security...."" Charles McCullough Fmr Intel Comm Inspector General https://t.co/b0tLW5TVhX",59143,20727,190,24,0.654144287109375,0.33286526799201965,0.012990371324121952,-0.641153915785253,Negative
936058006659321858,2017-11-30 02:23:14+00:00,2017-11-30,2017-11,Thursday,2,iPhone,False,Funny to hear the Democrats talking about the National Debt when President Obama doubled it in only 8 years!,131420,36469,108,19,0.6964008212089539,0.2479727566242218,0.05562645196914673,-0.6407743692398071,Negative
936203511037136897,2017-11-30 12:01:25+00:00,2017-11-30,2017-11,Thursday,12,iPhone,False,"The Failing @nytimes, the pipe organ for the Democrat Party, has become a virtual lobbyist for them with regard to our massive Tax Cut Bill. They are wrong so often that now I know we have a winner!",63419,14948,198,38,0.8731462955474854,0.1051064133644104,0.021747395396232605,-0.8513989001512527,Negative
936206961728786432,2017-11-30 12:15:08+00:00,2017-11-30,2017-11,Thursday,12,iPhone,False,The Failing @nytimes has totally gone against the Social Media Guidelines that they installed to preserve some credibility after many of their biased reporters went Rogue! @foxandfriends,54599,12452,186,27,0.9013383388519287,0.09209724515676498,0.0065644364804029465,-0.8947739023715258,Negative
936209447747190784,2017-11-30 12:25:00+00:00,2017-11-30,2017-11,Thursday,12,iPhone,False,"The Chinese Envoy, who just returned from North Korea, seems to have had no impact on Little Rocket Man. Hard to believe his people, and the military, put up with living in such horrible conditions. Russia and China condemned the launch.",76452,16907,237,41,0.8612327575683594,0.13129398226737976,0.007473262958228588,-0.8537594946101308,Negative
936219599422574592,2017-11-30 13:05:21+00:00,2017-11-30,2017-11,Thursday,13,iPhone,False,Stock Market hits new Record High. Confidence and enthusiasm abound. More great numbers coming out!,88557,16011,99,15,0.002427583560347557,0.011515416204929352,0.9860570430755615,0.983629459515214,Positive
936260193536573440,2017-11-30 15:46:39+00:00,2017-11-30,2017-11,Thursday,15,iPhone,False,"The Dow just broke 24,000 for the first time (another all-time Record). If the Dems had won the Presidential Election, the Market would be down 50% from these levels and Consumer Confidence, which is also at an all-time high, would be “low and glum!”",100005,22087,250,44,0.5489371418952942,0.3543204665184021,0.09674236178398132,-0.45219478011131287,Negative
936315571708289026,2017-11-30 19:26:42+00:00,2017-11-30,2017-11,Thursday,19,iPhone,False,Thank you @SenOrrinHatch. Let’s continue MAKING AMERICA GREAT AGAIN! https://t.co/PIv9OAVZcf https://t.co/6egRvuwj1l,52926,14497,116,11,0.002401275560259819,0.010749153792858124,0.9868495464324951,0.9844482708722353,Positive
936339260218724353,2017-11-30 21:00:50+00:00,2017-11-30,2017-11,Thursday,21,iPhone,False,"Today, it was my great honor to meet with the Crown Prince of Bahrain at the @WhiteHouse. Bahrain and the United States are important partners. During the Crown Prince’s visit, he is advancing $9 BILLION in commercial deals, including finalizing the purchase of F-16’s... https://t.co/vYuw7UGYmN",47414,10519,295,45,0.0017669758526608348,0.021592218428850174,0.9766407608985901,0.9748737850459293,Positive
936351772603568130,2017-11-30 21:50:33+00:00,2017-11-30,2017-11,Thursday,21,iPhone,False,Our FIFTH 1K milestone of 2017! #DOW24K #MAGA https://t.co/NoVt1uFp0y,54588,13075,69,9,0.003243601880967617,0.14247354865074158,0.854282796382904,0.8510391945019364,Positive
936393574433939456,2017-12-01 00:36:40+00:00,2017-12-01,2017-12,Friday,0,iPhone,False,"Today is a day that I’ve been looking very much forward to ALL YEAR LONG. It is one that you have heard me speak about many times before. Now, as President of the United States, it is my tremendous honor to finally wish America and the world, a very MERRY CHRISTMAS! https://t.co/cTvdlUkfHV",114046,28878,290,52,0.0020398509223014116,0.009814928285777569,0.9881452322006226,0.9861053812783211,Positive
936395008139198464,2017-12-01 00:42:21+00:00,2017-12-01,2017-12,Friday,0,iPhone,False,"The Christmas Story begins 2,000 years ago with a mother, a father, their baby son and the most extraordinary gift of all—the gift of God’s love for all of humanity. Whatever our beliefs, we know that the birth of Jesus Christ and the story of his life... https://t.co/P94C3LjWlx",154798,48641,279,48,0.0021485197357833385,0.03434630483388901,0.9635051488876343,0.9613566291518509,Positive
936437372706836480,2017-12-01 03:30:42+00:00,2017-12-01,2017-12,Friday,3,iPhone,False,A disgraceful verdict in the Kate Steinle case! No wonder the people of our Country are so angry with Illegal Immigration.,158890,45448,122,21,0.9497283101081848,0.04542935639619827,0.004842389840632677,-0.9448859202675521,Negative
936551346299338752,2017-12-01 11:03:35+00:00,2017-12-01,2017-12,Friday,11,iPhone,False,"The Kate Steinle killer came back and back over the weakly protected Obama border, always committing crimes and being violent, and yet this info was not used in court. His exoneration is a complete travesty of justice. BUILD THE WALL!",130478,35841,234,40,0.9085376262664795,0.0852624699473381,0.0061998493038117886,-0.9023377769626677,Negative
936553863255031809,2017-12-01 11:13:35+00:00,2017-12-01,2017-12,Friday,11,iPhone,False,The jury was not told the killer of Kate was a 7 time felon. The Schumer/Pelosi Democrats are so weak on Crime that they will pay a big price in the 2018 and 2020 Elections.,120510,31017,173,35,0.8867772817611694,0.10582626610994339,0.007396466098725796,-0.8793808156624436,Negative
936555753946705920,2017-12-01 11:21:06+00:00,2017-12-01,2017-12,Friday,11,iPhone,False,Republicans Senators are working hard to pass the biggest Tax Cuts in the history of our Country. The Bill is getting better and better. This is a once in a generation chance. Obstructionist Dems trying to block because they think it is too good and will not be given the credit!,82098,17840,279,51,0.010668555274605751,0.04488908126950264,0.9444423913955688,0.9337738361209631,Positive
936688444046266368,2017-12-01 20:08:22+00:00,2017-12-01,2017-12,Friday,20,iPhone,False,"The media has been speculating that I fired Rex Tillerson or that he would be leaving soon - FAKE NEWS! He’s not leaving and while we disagree on certain subjects, (I call the final shots) we work well together and America is highly respected again! https://t.co/FrqiPLFJ1E",88187,22573,273,46,0.3164972960948944,0.480634868144989,0.2028677761554718,-0.11362951993942261,Neutral
936713881711529986,2017-12-01 21:49:27+00:00,2017-12-01,2017-12,Friday,21,iPhone,False,Economists on the TAX CUTS and JOBS ACT: “The enactment of a comprehensive overhaul - complete with a lower corporate tax rate - will IGNITE our ECONOMY with levels of GROWTH not SEEN IN GENERATIONS...” https://t.co/2vCBDtLh3C,60513,15817,226,36,0.524535059928894,0.4422094523906708,0.033255480229854584,-0.49127957969903946,Negative
936864840240398337,2017-12-02 07:49:18+00:00,2017-12-02,2017-12,Saturday,7,iPhone,False,We are one step closer to delivering MASSIVE tax cuts for working families across America. Special thanks to @SenateMajLdr Mitch McConnell and Chairman @SenOrrinHatch for shepherding our bill through the Senate. Look forward to signing a final bill before Christmas! https://t.co/gmWTny3SfS,71463,17324,290,41,0.0020332771819084883,0.016844069585204124,0.981122612953186,0.9790893357712775,Positive
936941673124425728,2017-12-02 12:54:37+00:00,2017-12-02,2017-12,Saturday,12,iPhone,False,Biggest Tax Bill and Tax Cuts in history just passed in the Senate. Now these great Republicans will be going for final passage. Thank you to House and Senate Republicans for your hard work and commitment!,128236,28410,205,36,0.0023392238654196262,0.013432718813419342,0.9842280149459839,0.9818887910805643,Positive
937007006526959618,2017-12-02 17:14:13+00:00,2017-12-02,2017-12,Saturday,17,iPhone,False,I had to fire General Flynn because he lied to the Vice President and the FBI. He has pled guilty to those lies. It is a shame because his actions during the transition were lawful. There was nothing to hide!,116657,31645,208,40,0.9010168313980103,0.09203443676233292,0.0069487071596086025,-0.8940681242384017,Negative
937065834635292673,2017-12-02 21:07:59+00:00,2017-12-02,2017-12,Saturday,21,iPhone,False,"62 years ago this week, a brave seamstress in Montgomery, Alabama uttered one word that changed history... https://t.co/eOvCBcMIKX",98509,27245,130,18,0.008412948809564114,0.37755087018013,0.6140361428260803,0.6056231940165162,Positive
937136868608626689,2017-12-03 01:50:15+00:00,2017-12-03,2017-12,Sunday,1,iPhone,False,Great job First Lady Melania! https://t.co/TRuvaftPcD,80603,14716,53,6,0.005501487758010626,0.013502022251486778,0.9809964895248413,0.9754950017668307,Positive
937141061343956992,2017-12-03 02:06:54+00:00,2017-12-03,2017-12,Sunday,2,iPhone,False,"So General Flynn lies to the FBI and his life is destroyed, while Crooked Hillary Clinton, on that now famous FBI holiday “interrogation” with no swearing in and no recording, lies many times...and nothing happens to her? Rigged system, or just a double standard?",144704,43931,263,44,0.8491250872612,0.14292465150356293,0.007950172759592533,-0.8411749145016074,Negative
937142713211813889,2017-12-03 02:13:28+00:00,2017-12-03,2017-12,Sunday,2,iPhone,False,"Many people in our Country are asking what the “Justice” Department is going to do about the fact that totally Crooked Hillary, AFTER receiving a subpoena from the United States Congress, deleted and “acid washed” 33,000 Emails? No justice!",114947,33363,240,39,0.7580063343048096,0.22456906735897064,0.01742461510002613,-0.7405817192047834,Negative
937145025359761408,2017-12-03 02:22:40+00:00,2017-12-03,2017-12,Sunday,2,iPhone,False,"Congratulations to @ABC News for suspending Brian Ross for his horrendously inaccurate and dishonest report on the Russia, Russia, Russia Witch Hunt. More Networks and “papers” should do the same with their Fake News!",107940,27913,217,34,0.8908581137657166,0.09307325631380081,0.01606861874461174,-0.8747894950211048,Negative
937279001684598784,2017-12-03 11:15:02+00:00,2017-12-03,2017-12,Sunday,11,iPhone,False,I never asked Comey to stop investigating Flynn. Just more Fake News covering another Comey lie!,94011,22966,96,16,0.7899808883666992,0.19533057510852814,0.014688548631966114,-0.7752923397347331,Negative
937297341266190336,2017-12-03 12:27:54+00:00,2017-12-03,2017-12,Sunday,12,iPhone,False,Such a total miscarriage of Justice in San Francisco! https://t.co/MSIkBCKF3t,71328,19726,77,10,0.9417862892150879,0.05165735259652138,0.0065564438700675964,-0.9352298453450203,Negative
937301085156503552,2017-12-03 12:42:47+00:00,2017-12-03,2017-12,Sunday,12,iPhone,False,"Tainted (no, very dishonest?) FBI “agent’s role in Clinton probe under review.” Led Clinton Email probe. @foxandfriends Clinton money going to wife of another FBI agent in charge.",87925,26385,179,28,0.5978004932403564,0.3889262080192566,0.013273285701870918,-0.5845272075384855,Negative
937305615218696193,2017-12-03 13:00:47+00:00,2017-12-03,2017-12,Sunday,13,iPhone,False,"After years of Comey, with the phony and dishonest Clinton investigation (and more), running the FBI, its reputation is in Tatters - worst in History! But fear not, we will bring it back to greatness.",122738,29973,200,35,0.8598886728286743,0.11010847985744476,0.030002787709236145,-0.8298858851194382,Negative
937309279257792512,2017-12-03 13:15:21+00:00,2017-12-03,2017-12,Sunday,13,iPhone,False,"People who lost money when the Stock Market went down 350 points based on the False and Dishonest reporting of Brian Ross of @ABC News (he has been suspended), should consider hiring a lawyer and suing ABC for the damages this bad reporting has caused - many millions of dollars!",124757,37592,279,50,0.916469156742096,0.07723239809274673,0.006298436317592859,-0.9101707204245031,Negative
937314665176207360,2017-12-03 13:36:45+00:00,2017-12-03,2017-12,Sunday,13,iPhone,False,Report: “ANTI-TRUMP FBI AGENT LED CLINTON EMAIL PROBE” Now it all starts to make sense!,127451,38584,87,15,0.01057516597211361,0.5203197002410889,0.4691051244735718,0.45852995850145817,Neutral
937641904338063361,2017-12-04 11:17:05+00:00,2017-12-04,2017-12,Monday,11,iPhone,False,"Democrats refusal to give even one vote for massive Tax Cuts is why we need Republican Roy Moore to win in Alabama. We need his vote on stopping crime, illegal immigration, Border Wall, Military, Pro Life, V.A., Judges 2nd Amendment and more. No to Jones, a Pelosi/Schumer Puppet!",97402,26497,280,48,0.6200984716415405,0.3282910883426666,0.05161044001579285,-0.5684880316257477,Negative
937652739001212928,2017-12-04 12:00:08+00:00,2017-12-04,2017-12,Monday,12,iPhone,False,"Putting Pelosi/Schumer Liberal Puppet Jones into office in Alabama would hurt our great Republican Agenda of low on taxes, tough on crime, strong on military and borders...&amp; so much more. Look at your 401-k’s since Election. Highest Stock Market EVER! Jobs are roaring back!",96062,22222,278,44,0.14516830444335938,0.2680787444114685,0.5867530107498169,0.4415847063064575,Positive
937653535486959616,2017-12-04 12:03:18+00:00,2017-12-04,2017-12,Monday,12,iPhone,False,"With the great vote on Cutting Taxes, this could be a big day for the Stock Market - and YOU!",91085,16783,93,20,0.0026179759297519922,0.023531638085842133,0.9738503694534302,0.9712323935236782,Positive
937661677700550656,2017-12-04 12:35:39+00:00,2017-12-04,2017-12,Monday,12,iPhone,False,A must watch: Legal Scholar Alan Dershowitz was just on @foxandfriends talking of what is going on with respect to the greatest Witch Hunt in U.S. political history. Enjoy!,75521,18746,172,29,0.007592836394906044,0.1194707527756691,0.8729363679885864,0.8653435315936804,Positive
938102355878440960,2017-12-05 17:46:45+00:00,2017-12-05,2017-12,Tuesday,17,iPhone,False,"Yesterday, I was thrilled to be with so many WONDERFUL friends, in Utah’s MAGNIFICENT Capitol. It was my honor to sign two Presidential Proclamations that will modify the national monuments designations of both Bears Ears and Grand Staircase Escalante... https://t.co/jiTHcPovCi https://t.co/dIpdAUVoRB",67604,14747,302,41,0.002064124448224902,0.012935459613800049,0.9850003719329834,0.9829362474847585,Positive
938184577255919623,2017-12-05 23:13:28+00:00,2017-12-05,2017-12,Tuesday,23,iPhone,False,"Join me this Friday in Pensacola, Florida at the Pensacola Bay Center! Tickets: https://t.co/zA7SGgWqBE https://t.co/QzFdxQdgAL",51327,12717,127,15,0.002305702306330204,0.4735865592956543,0.5241077542304993,0.5218020519241691,Positive
938422792080457731,2017-12-06 15:00:03+00:00,2017-12-06,2017-12,Wednesday,15,iPhone,False,MAKE AMERICA GREAT AGAIN!,189106,48894,25,4,0.00767189497128129,0.047189049422740936,0.9451390504837036,0.9374671555124223,Positive
938440878577856512,2017-12-06 16:11:55+00:00,2017-12-06,2017-12,Wednesday,16,iPhone,False,Our thoughts and prayers are with everyone in the path of California’s wildfires. I encourage everyone to heed the advice and orders of local and state officials. THANK YOU to all First Responders for your incredible work! https://t.co/g9y9PkB352,67014,14015,246,38,0.02588508650660515,0.14144645631313324,0.8326684236526489,0.8067833371460438,Positive
938469354089385985,2017-12-06 18:05:04+00:00,2017-12-06,2017-12,Wednesday,18,iPhone,False,Join me live from the @WhiteHouse via #Periscope https://t.co/wLXKoISSTG,47469,13233,72,9,0.006227719131857157,0.8213850259780884,0.17238733172416687,0.1661596125923097,Neutral
938517073508163584,2017-12-06 21:14:41+00:00,2017-12-06,2017-12,Wednesday,21,iPhone,False,I have determined that it is time to officially recognize Jerusalem as the capital of Israel. I am also directing the State Department to begin preparation to move the American Embassy from Tel Aviv to Jerusalem... https://t.co/YwgWmT0O8m,135522,39791,238,37,0.008024114184081554,0.5997874736785889,0.39218848943710327,0.3841643752530217,Neutral
938756989542457344,2017-12-07 13:08:02+00:00,2017-12-07,2017-12,Thursday,13,iPhone,False,Go get the new book on Andrew Jackson by Brian Kilmeade...Really good. @foxandfriends,55973,10350,85,13,0.002779159229248762,0.05244462564587593,0.9447762370109558,0.941997077781707,Positive
938786402992578560,2017-12-07 15:04:54+00:00,2017-12-07,2017-12,Thursday,15,iPhone,False,"National Pearl Harbor Remembrance Day - “A day that will live in infamy!” December 7, 1941",107055,23144,90,16,0.02324032597243786,0.2449827641248703,0.7317769527435303,0.7085366267710924,Positive
938804374079459329,2017-12-07 16:16:19+00:00,2017-12-07,2017-12,Thursday,16,iPhone,False,"Today, our entire nation pauses to REMEMBER PEARL HARBOR—and the brave warriors who on that day stood tall and fought for America. God Bless our HEROES who wear the uniform, and God Bless the United States of America. #PearlHarborRemembranceDay🇺🇸 https://t.co/qGhlsPlxtH",81641,22167,270,40,0.007084712386131287,0.053895700722932816,0.9390196204185486,0.9319349080324173,Positive
938861758038577152,2017-12-07 20:04:20+00:00,2017-12-07,2017-12,Thursday,20,iPhone,False,"Today, the U.S. flag flies at half-staff at the @WhiteHouse, in honor of National Pearl Harbor Remembrance Day. https://t.co/LkXsBx2JF8 https://t.co/ogmpydr5LK",55663,10819,159,20,0.00447022495791316,0.6367270946502686,0.3588026762008667,0.35433245124295354,Neutral
938873956345499654,2017-12-07 20:52:49+00:00,2017-12-07,2017-12,Thursday,20,iPhone,False,"Today, as we Remember Pearl Harbor, it was an incredible honor to be joined with surviving Veterans of the attack on 12/7/1941. They are HEROES, and they are living witnesses to American History. All American hearts are filled with gratitude for their service and their sacrifice. https://t.co/x5LDl25o30",62267,12949,304,47,0.0034275634679943323,0.016765296459197998,0.9798071384429932,0.9763795749749988,Positive
938878398608433152,2017-12-07 21:10:28+00:00,2017-12-07,2017-12,Thursday,21,iPhone,False,"Across the battlefields, oceans, and harrowing skies of Europe and the Pacific throughout the war, one great battle cry could be heard by America’s friends and foes alike: “REMEMBER PEARL HARBOR.” https://t.co/dfev02TwIr",63766,13861,220,32,0.10634863376617432,0.618203341960907,0.2754480540752411,0.16909942030906677,Neutral
939005659982348291,2017-12-08 05:36:09+00:00,2017-12-08,2017-12,Friday,5,iPhone,False,"Tonight, @FLOTUS Melania and I were thrilled to welcome so many wonderful friends to the @WhiteHouse – and wish them all a very #HappyHanukkah https://t.co/wyPkpTsP1i https://t.co/XhNXZSBEC8",49440,10311,190,26,0.0018637761240825057,0.006390459835529327,0.9917457699775696,0.9898819938534871,Positive
939006911629869056,2017-12-08 05:41:08+00:00,2017-12-08,2017-12,Friday,5,iPhone,False,I fulfilled my campaign promise - others didn’t! https://t.co/bYdaOHmPVJ,153721,55482,72,9,0.2272428572177887,0.45416975021362305,0.3185873329639435,0.09134447574615479,Neutral
939120304542101505,2017-12-08 13:11:43+00:00,2017-12-08,2017-12,Friday,13,iPhone,False,"Big crowd expected today in Pensacola, Florida, for a Make America Great Again speech. We have done so much in so short a period of time...and yet are planning to do so much more! See you there!",80230,15771,194,37,0.00182342657353729,0.015034493058919907,0.9831421375274658,0.9813187109539285,Positive
939149296389251072,2017-12-08 15:06:55+00:00,2017-12-08,2017-12,Friday,15,iPhone,False,"LAST thing the Make America Great Again Agenda needs is a Liberal Democrat in Senate where we have so little margin for victory already. The Pelosi/Schumer Puppet Jones would vote against us 100% of the time. He’s bad on Crime, Life, Border, Vets, Guns &amp; Military. VOTE ROY MOORE!",75894,19820,284,49,0.891666054725647,0.0943126454949379,0.014021228067576885,-0.8776448266580701,Negative
939152197090148352,2017-12-08 15:18:27+00:00,2017-12-08,2017-12,Friday,15,iPhone,False,"Fines and penalties against Wells Fargo Bank for their bad acts against their customers and others will not be dropped, as has incorrectly been reported, but will be pursued and, if anything, substantially increased. I will cut Regs but make penalties severe when caught cheating!",99072,22929,280,45,0.8259214758872986,0.16024141013622284,0.013837096281349659,-0.8120843796059489,Negative
939189419386470401,2017-12-08 17:46:21+00:00,2017-12-08,2017-12,Friday,17,iPhone,False,MAKE AMERICA GREAT AGAIN! https://t.co/64a93S07s7,67699,15030,49,5,0.004113768693059683,0.03918832540512085,0.956697940826416,0.9525841721333563,Positive
939208571253862400,2017-12-08 19:02:27+00:00,2017-12-08,2017-12,Friday,19,iPhone,False,"“The unemployment rate remains at a 17-year low of 4.1%. The unemployment rate in manufacturing dropped to 2.6%, the lowest ever recorded. The unemployment rate among Hispanics dropped to 4.7%, the lowest ever recorded...” @SecretaryAcosta @USDOL https://t.co/vou28s0yHN",65637,18091,270,37,0.6363019943237305,0.3482398986816406,0.015458094887435436,-0.620843899436295,Negative
939274666404909056,2017-12-08 23:25:06+00:00,2017-12-08,2017-12,Friday,23,iPhone,False,"On my way to Pensacola, Florida. See everyone soon! #MAGA https://t.co/ijwxVSYQ52",49974,8132,81,11,0.0017309378599748015,0.07133422791957855,0.9269348382949829,0.9252039004350081,Positive
939299624875118592,2017-12-09 01:04:16+00:00,2017-12-09,2017-12,Saturday,1,iPhone,False,Just arrived at the Pensacola Bay Center. Join me LIVE on @FoxNews in 10 minutes! #MAGA https://t.co/RQFqOkcpNV,40983,7114,111,17,0.0028622006066143513,0.2520099878311157,0.74512779712677,0.7422655965201557,Positive
939355447273906182,2017-12-09 04:46:05+00:00,2017-12-09,2017-12,Saturday,4,iPhone,False,"This is your land, this is your home, and it's your voice that matters the most. So speak up, be heard, and fight, fight, fight for the change you've been waiting for your entire life! MERRY CHRISTMAS and THANK YOU Pensacola, Florida! https://t.co/geWGzpzRp6",78833,21490,258,43,0.012279381044209003,0.11593388766050339,0.8717867136001587,0.8595073325559497,Positive
939375570919612416,2017-12-09 06:06:03+00:00,2017-12-09,2017-12,Saturday,6,iPhone,False,"We believe that every American should stand for the National Anthem, and we proudly pledge allegiance to one NATION UNDER GOD! https://t.co/r2ITtWwfVs",70174,17053,150,22,0.0036873393692076206,0.07295867055654526,0.9233539700508118,0.9196666306816041,Positive
939475127552618496,2017-12-09 12:41:39+00:00,2017-12-09,2017-12,Saturday,12,iPhone,False,"GREAT EVENING last night in Pensacola, Florida. Arena was packed to the rafters, the crowd was loud, loving and really smart. They definitely get what’s going on. Thank you Pensacola!",74724,14097,183,30,0.0030154678970575333,0.009588731452822685,0.9873958230018616,0.984380355104804,Positive
939477807813595136,2017-12-09 12:52:18+00:00,2017-12-09,2017-12,Saturday,12,iPhone,False,"A big contingent of very enthusiastic Roy Moore fans at the rally last night. We can’t have a Pelosi/Schumer Liberal Democrat, Jones, in that important Alabama Senate seat. Need your vote to Make America Great Again! Jones will always vote against what we must do for our Country.",60349,13914,280,48,0.1292426437139511,0.31417709589004517,0.5565803050994873,0.4273376613855362,Positive
939480342779580416,2017-12-09 13:02:23+00:00,2017-12-09,2017-12,Saturday,13,iPhone,False,"Fake News CNN made a vicious and purposeful mistake yesterday. They were caught red handed, just like lonely Brian Ross at ABC News (who should be immediately fired for his “mistake”). Watch to see if @CNN fires those responsible, or was it just gross incompetence?",92778,23857,265,45,0.9279904961585999,0.06617838144302368,0.005831106565892696,-0.9221593895927072,Negative
939485131693322240,2017-12-09 13:21:24+00:00,2017-12-09,2017-12,Saturday,13,iPhone,False,"CNN’S slogan is CNN, THE MOST TRUSTED NAME IN NEWS. Everyone knows this is not true, that this could, in fact, be a fraud on the American Public. There are many outlets that are far more trusted than Fake News CNN. Their slogan should be CNN, THE LEAST TRUSTED NAME IN NEWS!",148043,37477,274,52,0.738209068775177,0.22167055308818817,0.04012039303779602,-0.698088675737381,Negative
939521466634326016,2017-12-09 15:45:47+00:00,2017-12-09,2017-12,Saturday,15,iPhone,False,"Heading to the great state of Mississippi at the invitation of their popular and respected Governor, @PhilBryantMS. Look forward to seeing the new Civil Rights Museum!",59761,10642,167,26,0.0013006713707000017,0.02085408754646778,0.9778452515602112,0.9765445801895112,Positive
939560154269405184,2017-12-09 18:19:31+00:00,2017-12-09,2017-12,Saturday,18,iPhone,False,"It was my great honor to celebrate the opening of two extraordinary museums-the Mississippi State History Museum &amp; the Mississippi Civil Rights Museum. We pay solemn tribute to our heroes of the past &amp; dedicate ourselves to building a future of freedom, equality, justice &amp; peace. https://t.co/5AkgVpV8aa",66079,14844,316,47,0.0017900062957778573,0.014166383072733879,0.9840436577796936,0.9822536514839157,Positive
939564681743814661,2017-12-09 18:37:31+00:00,2017-12-09,2017-12,Saturday,18,iPhone,False,"Have a great game today, @USArmy and @USNavy - I will be watching. We love our U.S. Military. On behalf of an entire Nation, THANK YOU for your sacrifice and service! #ArmyNavyGame #USA🇺🇸 https://t.co/8m1W9rFwIh",53589,10992,211,34,0.002662282669916749,0.013199564069509506,0.9841381907463074,0.9814759080763906,Positive
939616077356642304,2017-12-09 22:01:44+00:00,2017-12-09,2017-12,Saturday,22,iPhone,False,".@DaveWeigel @WashingtonPost put out a phony photo of an empty arena hours before I arrived @ the venue, w/ thousands of people outside, on their way in. Real photos now shown as I spoke. Packed house, many people unable to get in. Demand apology &amp; retraction from FAKE NEWS WaPo! https://t.co/XAblFGh1ob",77219,24536,308,51,0.8505598306655884,0.14252744615077972,0.006912756711244583,-0.8436470739543438,Negative
939634404267380736,2017-12-09 23:14:34+00:00,2017-12-09,2017-12,Saturday,23,iPhone,False,".@daveweigel of the Washington Post just admitted that his picture was a FAKE (fraud?) showing an almost empty arena last night for my speech in Pensacola when, in fact, he knew the arena was packed (as shown also on T.V.). FAKE NEWS, he should be fired.",89981,24272,254,46,0.8937118053436279,0.09880898147821426,0.007479214109480381,-0.8862325912341475,Negative
939640619105910784,2017-12-09 23:39:15+00:00,2017-12-09,2017-12,Saturday,23,iPhone,False,Great Army - Navy Game. Army wins 14 to 13 and brings home the COMMANDER-IN-CHIEF’S TROPHY (last time was 1996). Wow! Congratulations!,7867,1657,134,22,0.002268110401928425,0.01248139701783657,0.9852504730224609,0.9829823626205325,Positive
939642796289470464,2017-12-09 23:47:55+00:00,2017-12-09,2017-12,Saturday,23,iPhone,False,Great Army - Navy Game. Army wins 14 to 13 and brings home the COMMANDER-IN-CHIEF’S TROPHY! Congratulations!,93901,15390,108,17,0.0019526317482814193,0.012631754390895367,0.9854156374931335,0.9834630057448521,Positive
939680422493073408,2017-12-10 02:17:25+00:00,2017-12-10,2017-12,Sunday,2,Media Studio,False,No American should be separated from their loved ones because of preventable crime committed by those illegally in our country. Our cities should be Sanctuaries for Americans – not for criminal aliens! https://t.co/CvtkCG1pln,125611,35354,225,33,0.7140641212463379,0.26253482699394226,0.023401115089654922,-0.690663006156683,Negative
939849867438034944,2017-12-10 13:30:44+00:00,2017-12-10,2017-12,Sunday,13,iPhone,False,"Things are going really well for our economy, a subject the Fake News spends as little time as possible discussing! Stock Market hit another RECORD HIGH, unemployment is now at a 17 year low and companies are coming back into the USA. Really good news, and much more to come!",127436,28859,275,50,0.017543135210871696,0.03737027198076248,0.9450865387916565,0.9275434035807848,Positive
939851058788134913,2017-12-10 13:35:28+00:00,2017-12-10,2017-12,Sunday,13,iPhone,False,"Getting closer and closer on the Tax Cut Bill. Shaping up even better than projected. House and Senate working very hard and smart. End result will be not only important, but SPECIAL!",95820,18268,183,32,0.0033342819660902023,0.02235291339457035,0.9743127822875977,0.9709785003215075,Positive
939967625362276354,2017-12-10 21:18:40+00:00,2017-12-10,2017-12,Sunday,21,iPhone,False,"Very little discussion of all the purposely false and defamatory stories put out this week by the Fake News Media. They are out of control - correct reporting means nothing to them. Major lies written, then forced to be withdrawn after they are exposed...a stain on America!",120303,30872,274,47,0.9138103127479553,0.07837886363267899,0.007810868322849274,-0.905999444425106,Negative
940223974985871360,2017-12-11 14:17:18+00:00,2017-12-11,2017-12,Monday,14,iPhone,False,"Another false story, this time in the Failing @nytimes, that I watch 4-8 hours of television a day - Wrong! Also, I seldom, if ever, watch CNN or MSNBC, both of which I consider Fake News. I never watch Don Lemon, who I once called the “dumbest man on television!” Bad Reporting.",138768,34018,279,52,0.9038703441619873,0.0865621492266655,0.009567526169121265,-0.894302817992866,Negative
940554567414091776,2017-12-12 12:10:58+00:00,2017-12-12,2017-12,Tuesday,12,iPhone,False,"Despite thousands of hours wasted and many millions of dollars spent, the Democrats have been unable to show any collusion with Russia - so now they are moving on to the false accusations and fabricated stories of women who I don’t know and/or have never met. FAKE NEWS!",147886,38156,270,48,0.8802286386489868,0.10962807387113571,0.010143333114683628,-0.8700853055343032,Negative
940567812053053441,2017-12-12 13:03:35+00:00,2017-12-12,2017-12,Tuesday,13,iPhone,False,"Lightweight Senator Kirsten Gillibrand, a total flunky for Chuck Schumer and someone who would come to my office “begging” for campaign contributions not so long ago (and would do anything for them), is now in the ring fighting against Trump. Very disloyal to Bill &amp; Crooked-USED!",88993,23666,284,46,0.8415518999099731,0.14421361684799194,0.014234550297260284,-0.8273173496127129,Negative
940584383605563392,2017-12-12 14:09:26+00:00,2017-12-12,2017-12,Tuesday,14,iPhone,False,"The people of Alabama will do the right thing. Doug Jones is Pro-Abortion, weak on Crime, Military and Illegal Immigration, Bad for Gun Owners and Veterans and against the WALL. Jones is a Pelosi/Schumer Puppet. Roy Moore will always vote with us. VOTE ROY MOORE!",81386,21590,263,45,0.7361705303192139,0.2363453060388565,0.027484150603413582,-0.7086863797158003,Negative
940588025964265472,2017-12-12 14:23:55+00:00,2017-12-12,2017-12,Tuesday,14,iPhone,False,"Consumer Confidence is at an All-Time High, along with a Record High Stock Market. Unemployment is at a 17 year low. MAKE AMERICA GREAT AGAIN! Working to pass MASSIVE TAX CUTS (looking good).",92234,20179,191,33,0.005049354862421751,0.03199970722198486,0.9629508852958679,0.9579015304334462,Positive
940706127309926400,2017-12-12 22:13:12+00:00,2017-12-12,2017-12,Tuesday,22,iPhone,False,Wishing all of those celebrating #Hanukkah around the world a happy and healthy eight nights in the company of those they love. https://t.co/A5W0PDWBxp https://t.co/D9MVVPq39x,76040,17237,175,24,0.0020839839708060026,0.014894827269017696,0.9830211400985718,0.9809371561277658,Positive
940795587733151744,2017-12-13 04:08:41+00:00,2017-12-13,2017-12,Wednesday,4,iPhone,False,"Congratulations to Doug Jones on a hard fought victory. The write-in votes played a very big factor, but a win is a win. The people of Alabama are great, and the Republicans will have another shot at this seat in a very short period of time. It never ends!",123062,24939,256,49,0.004836561158299446,0.02124900184571743,0.973914384841919,0.9690778236836195,Positive
940904649728708609,2017-12-13 11:22:04+00:00,2017-12-13,2017-12,Wednesday,11,iPhone,False,"The reason I originally endorsed Luther Strange (and his numbers went up mightily), is that I said Roy Moore will not be able to win the General Election. I was right! Roy worked hard but the deck was stacked against him!",75633,15235,221,41,0.2073216438293457,0.5257207155227661,0.2669576406478882,0.05963599681854248,Neutral
940930017365778432,2017-12-13 13:02:52+00:00,2017-12-13,2017-12,Wednesday,13,iPhone,False,"Wow, more than 90% of Fake News Media coverage of me is negative, with numerous forced retractions of untrue stories. Hence my use of Social Media, the only way to get the truth out. Much of Mainstream Meadia has become a joke! @foxandfriends",120149,29405,242,43,0.9135395288467407,0.0780021995306015,0.008458195254206657,-0.9050813335925341,Negative
940955920967880704,2017-12-13 14:45:48+00:00,2017-12-13,2017-12,Wednesday,14,iPhone,False,"If last night’s election proved anything, it proved that we need to put up GREAT Republican candidates to increase the razor thin margins in both the House and Senate.",101999,20081,167,29,0.1009581983089447,0.5364606380462646,0.36258116364479065,0.26162296533584595,Neutral
941094961482780672,2017-12-13 23:58:18+00:00,2017-12-13,2017-12,Wednesday,23,iPhone,False,Thank you Omarosa for your service! I wish you continued success.,86535,13915,65,11,0.004265715833753347,0.01514388620853424,0.9805904626846313,0.976324746850878,Positive
941291666564141057,2017-12-14 12:59:56+00:00,2017-12-14,2017-12,Thursday,12,iPhone,False,"Republican Tax Cuts are looking very good. All are working hard. In the meantime, the Stock Market hit another record high!",92795,17274,123,21,0.0043387990444898605,0.022023534402251244,0.9736376404762268,0.969298841431737,Positive
941353395121741825,2017-12-14 17:05:13+00:00,2017-12-14,2017-12,Thursday,17,iPhone,False,"As a candidate, I promised we would pass a massive tax cut for the everyday, working Americans. If you make your voices heard, this moment will be forever remembered as a great new beginning – the dawn of a brilliant American future shining with PATRIOTISM, PROSPERITY AND PRIDE! https://t.co/exsBzrlCdw",77121,18400,303,49,0.004456085618585348,0.03883786126971245,0.9567060470581055,0.9522499614395201,Positive
941400670766321666,2017-12-14 20:13:04+00:00,2017-12-14,2017-12,Thursday,20,iPhone,False,"Today, we gathered in the Roosevelt Room for one single reason: to CUT THE RED TAPE! For many decades, an ever-growing maze of regs, rules, and restrictions has cost our country trillions of dollars, millions of jobs, countless American factories, &amp; devastated entire industries. https://t.co/ostXOVnckf",57441,12854,307,45,0.7671636939048767,0.20149900019168854,0.03133725747466087,-0.7358264364302158,Negative
941404173433794561,2017-12-14 20:27:00+00:00,2017-12-14,2017-12,Thursday,20,iPhone,False,"When Americans are free to thrive, innovate, &amp; prosper, there is no challenge too great, no task too large, &amp; no goal beyond our reach. We are a nation of explorers, pioneers, innovators &amp; inventors. We are nation of people who work hard, dream big, &amp; who never, ever give up... https://t.co/9LVdp6zOgZ",69650,16849,318,52,0.006067383568733931,0.0828111469745636,0.9111214876174927,0.9050541040487587,Positive
941406242785955841,2017-12-14 20:35:13+00:00,2017-12-14,2017-12,Thursday,20,iPhone,False,"In 1960, there were approximately 20,000 pages in the Code of Federal Regulations. Today there are over 185,000 pages, as seen in the Roosevelt Room. Today, we CUT THE RED TAPE! It is time to SET FREE OUR DREAMS and MAKE AMERICA GREAT AGAIN! https://t.co/teAVNzjvcx",88904,26104,265,45,0.008660688996315002,0.7097925543785095,0.28154683113098145,0.27288614213466644,Neutral
941417725833998340,2017-12-14 21:20:51+00:00,2017-12-14,2017-12,Thursday,21,iPhone,False,“Manufacturing Optimism Rose to Another All-Time High in the Latest @ShopFloorNAM Outlook Survey” https://t.co/LuV4BMp0Xc,38758,9007,121,14,0.0029643832240253687,0.09765496850013733,0.8993806838989258,0.8964163006749004,Positive
941667918214987776,2017-12-15 13:55:01+00:00,2017-12-15,2017-12,Friday,13,iPhone,False,It was my honor. THANK YOU! https://t.co/1LvqbRQ1bi,69299,14133,51,7,0.003557654330506921,0.01199527271091938,0.9844470024108887,0.9808893480803818,Positive
941723524921724928,2017-12-15 17:35:59+00:00,2017-12-15,2017-12,Friday,17,iPhone,False,"To each member of the graduating class from the National Academy at Quantico, CONGRATULATIONS! https://t.co/bGT8S33ZLU",52942,10079,118,15,0.0024821709375828505,0.014955343678593636,0.9825625419616699,0.9800803710240871,Positive
941756992070307845,2017-12-15 19:48:58+00:00,2017-12-15,2017-12,Friday,19,iPhone,False,"You are always there for us – THE MEN AND WOMEN IN BLUE. Thank you to our police, thank you to our sheriffs, and thank you to our law enforcement families. God Bless you all, and GOD BLESS AMERICA! #LESM https://t.co/9ejiddVL9h",72595,17043,227,41,0.004551474470645189,0.02725888229906559,0.9681896567344666,0.9636381822638214,Positive
941789515248750592,2017-12-15 21:58:12+00:00,2017-12-15,2017-12,Friday,21,iPhone,False,"Today, it was my tremendous honor to visit Marine Helicopter Squadron One (HMX-1) at the Marine Corps Air Facility in Quantico, Virginia. I am honored to serve as your Commander-in-Chief. On behalf of an entire Nation, THANK YOU for your sacrifice and service. We love you! https://t.co/eLOTc7do52",78203,18380,297,47,0.002264277543872595,0.015359469689428806,0.982376217842102,0.9801119402982295,Positive
941820213518938112,2017-12-16 00:00:11+00:00,2017-12-16,2017-12,Saturday,0,iPhone,False,"DOW, S&amp;P 500 and NASDAQ close at record highs! #MAGA https://t.co/hvqwnqSGuG",57542,13049,80,11,0.0021546620409935713,0.0289886724203825,0.9688566327095032,0.9667019706685096,Positive
941868639199916037,2017-12-16 03:12:37+00:00,2017-12-16,2017-12,Saturday,3,iPhone,False,"Great job Kevin, we are all proud of you! https://t.co/K6hEEaOxKt",65484,13977,65,10,0.002968715038150549,0.009032460860908031,0.9879988431930542,0.9850301281549037,Positive
942044657613230080,2017-12-16 14:52:03+00:00,2017-12-16,2017-12,Saturday,14,iPhone,False,"Congratulations to two great and hardworking guys, Corey Lewandowski and David Bossie, on the success of their just out book, “Let Trump Be Trump.” Finally people with real knowledge are writing about our wonderful and exciting campaign!",110560,22536,237,37,0.0023134034126996994,0.012086811475455761,0.9855997562408447,0.983286352828145,Positive
942123433873281024,2017-12-16 20:05:05+00:00,2017-12-16,2017-12,Saturday,20,iPhone,False,"TAX CUTS will increase investment in the American economy and in U.S. workers, leading to higher growth, higher wages, and more JOBS! https://t.co/4GxM8psMU1",70110,15385,157,23,0.0033649837132543325,0.05558415874838829,0.9410508275032043,0.93768584378995,Positive
942130137734242305,2017-12-16 20:31:43+00:00,2017-12-16,2017-12,Saturday,20,Media Studio,False,WEEKLY ADDRESS🇺🇸 https://t.co/1sH20Hb33x,52607,13171,40,3,0.0037510241381824017,0.6317946314811707,0.36445435881614685,0.36070333467796445,Neutral
942439739264831488,2017-12-17 17:01:58+00:00,2017-12-17,2017-12,Sunday,17,iPhone,False,"As a candidate, I promised we would pass a massive TAX CUT for the everyday working American families who are the backbone and the heartbeat of our country. Now, we are just days away... https://t.co/MADTGUMktX",85510,18452,210,35,0.02046026475727558,0.26139968633651733,0.7181400060653687,0.6976797413080931,Positive
942503059103604736,2017-12-17 21:13:34+00:00,2017-12-17,2017-12,Sunday,21,iPhone,False,Wonderful weekend at Camp David. A very special place. A lot of very important work done. Heading back to the @WhiteHouse now. https://t.co/cKxlsdr1ut,63895,11081,150,23,0.002890928415581584,0.009751962497830391,0.9873571395874023,0.9844662111718208,Positive
942551516564639744,2017-12-18 00:26:07+00:00,2017-12-18,2017-12,Monday,0,iPhone,False,"More than a century after conquering flight, the #WrightBrothers continue to motivate &amp; inspire Americans, who never tire of exploration &amp; innovation. This GREAT AMERICAN SPIRIT can be found in the design of every new supersonic jet and next generation: https://t.co/NeKPMgkdg8 https://t.co/pODjl00lAy",61027,13230,309,42,0.0031881905160844326,0.025023415684700012,0.9717884063720703,0.9686002158559859,Positive
942717030091943936,2017-12-18 11:23:49+00:00,2017-12-18,2017-12,Monday,11,iPhone,False,"Remember, Republicans are 5-0 in Congressional Races this year. The media refuses to mention this. I said Gillespie and Moore would lose (for very different reasons), and they did. I also predicted “I” would win. Republicans will do well in 2018, very well! @foxandfriends",88205,19207,272,44,0.03996032848954201,0.34032613039016724,0.619713544845581,0.579753216356039,Positive
942721681130483712,2017-12-18 11:42:18+00:00,2017-12-18,2017-12,Monday,11,iPhone,False,Ivanka Trump will be interviewed on @foxandfriends.,44241,6350,51,7,0.009747817181050777,0.9548845291137695,0.035367708653211594,0.025619891472160816,Neutral
942827072824672262,2017-12-18 18:41:05+00:00,2017-12-18,2017-12,Monday,18,iPhone,False,"The train accident that just occurred in DuPont, WA shows more than ever why our soon to be submitted infrastructure plan must be approved quickly. Seven trillion dollars spent in the Middle East while our roads, bridges, tunnels, railways (and more) crumble! Not for long!",106933,23417,273,45,0.7202101945877075,0.2218521535396576,0.05793766304850578,-0.6622725315392017,Negative
942829676699021312,2017-12-18 18:51:26+00:00,2017-12-18,2017-12,Monday,18,iPhone,False,"My thoughts and prayers are with everyone involved in the train accident in DuPont, Washington. Thank you to all of our wonderful First Responders who are on the scene. We are currently monitoring here at the White House.",83128,15241,221,38,0.17448869347572327,0.3851073980331421,0.44040384888648987,0.2659151554107666,Positive
942840800853024770,2017-12-18 19:35:38+00:00,2017-12-18,2017-12,Monday,19,iPhone,False,Our deepest sympathies and most heartfelt prayers are with the victims of the train derailment in Washington State. We are closely monitoring the situation and coordinating with local authorities... https://t.co/Gyf5BdVm4G,42980,8892,222,30,0.2710539400577545,0.6631689071655273,0.06577715277671814,-0.20527678728103638,Neutral
942851788461563906,2017-12-18 20:19:18+00:00,2017-12-18,2017-12,Monday,20,iPhone,False,"Over the past 11 months, I have travelled tens of thousands of miles, to visit 13 countries. I have met with more than 100 world leaders and everywhere I traveled, it was my highest privilege and greatest honor to represent the AMERICAN PEOPLE! https://t.co/7SDsEeIhJH",64287,13160,268,44,0.002069207839667797,0.024421092122793198,0.973509669303894,0.9714404614642262,Positive
942854056162332677,2017-12-18 20:28:19+00:00,2017-12-18,2017-12,Monday,20,iPhone,False,"When the American People speak, ALL OF US should listen. Just over one year ago, you spoke loud and clear. On November 8, 2016, you voted to MAKE AMERICA GREAT AGAIN! https://t.co/3AOv53S0PU",48709,10464,190,32,0.01274657528847456,0.15680360794067383,0.8304498195648193,0.8177032442763448,Positive
942857031693799425,2017-12-18 20:40:08+00:00,2017-12-18,2017-12,Monday,20,iPhone,False,"As the world watches, we are days away from passing HISTORIC TAX CUTS for American families and businesses. It will be the BIGGEST TAX CUT and TAX REFORM in the HISTORY of our country! https://t.co/EvcAkjuf8w",48640,10165,208,35,0.1072443351149559,0.33103641867637634,0.5617192387580872,0.45447490364313126,Positive
942881716913438720,2017-12-18 22:18:13+00:00,2017-12-18,2017-12,Monday,22,iPhone,False,So true Ivanka! https://t.co/BNGUJG69Ki,44120,8878,39,4,0.006385697051882744,0.03708973154425621,0.9565246105194092,0.9501389134675264,Positive
942882250089271297,2017-12-18 22:20:20+00:00,2017-12-18,2017-12,Monday,22,iPhone,False,Thank you Maria B! https://t.co/v1UR63CqLK,40221,8803,42,5,0.0038345763459801674,0.02465653233230114,0.9715088605880737,0.9676742842420936,Positive
942883507868782592,2017-12-18 22:25:20+00:00,2017-12-18,2017-12,Monday,22,iPhone,False,70 Record Closes for the Dow so far this year! We have NEVER had 70 Dow Records in a one year period. Wow!,98287,21796,106,23,0.00462953420355916,0.05384344607591629,0.9415269494056702,0.936897415202111,Positive
942904686125965312,2017-12-18 23:49:30+00:00,2017-12-18,2017-12,Monday,23,Media Studio,False,"With the strategy that I announced today, we are declaring that AMERICA is in the game and AMERICA is DETERMINED to WIN! OUR FOUR PILLARS OF NATIONAL SECURITY STRATEGY: https://t.co/B3POaMVID8",61369,15917,192,30,0.0031481636688113213,0.10459177196025848,0.8922600746154785,0.8891119109466672,Positive
942921051721338880,2017-12-19 00:54:32+00:00,2017-12-19,2017-12,Tuesday,0,Media Studio,False,"Together, our task is to strengthen our families, to build up our communities, to serve our citizens, and to celebrate AMERICAN GREATNESS as a shining example to the world.... https://t.co/ds6tZlgJpA",66924,16843,199,30,0.0027518351562321186,0.028218651190400124,0.9690294861793518,0.9662776510231197,Positive
943074475209355264,2017-12-19 11:04:11+00:00,2017-12-19,2017-12,Tuesday,11,iPhone,False,DOW RISES 5000 POINTS ON THE YEAR FOR THE FIRST TIME EVER - MAKE AMERICA GREAT AGAIN!,114283,24588,85,17,0.0022861980833113194,0.021431203931570053,0.9762826561927795,0.9739964581094682,Positive
943079382163353600,2017-12-19 11:23:40+00:00,2017-12-19,2017-12,Tuesday,11,iPhone,True,"Stocks and the economy have a long way to go after the Tax Cut Bill is totally understood and appreciated in scope and size. Immediate expensing will have a big impact. Biggest Tax Cuts and Reform EVER passed. Enjoy, and create many beautiful JOBS!",69895,14541,248,44,0.0055196238681674,0.03241998702287674,0.9620604515075684,0.956540827639401,Positive
943135588496093190,2017-12-19 15:07:01+00:00,2017-12-19,2017-12,Tuesday,15,iPhone,False,A story in the @washingtonpost that I was close to “rescinding” the nomination of Justice Gorsuch prior to confirmation is FAKE NEWS. I never even wavered and am very proud of him and the job he is doing as a Justice of the U.S. Supreme Court. The unnamed sources don’t exist!,97384,25350,276,51,0.4754657447338104,0.4229079484939575,0.10162637382745743,-0.373839370906353,Negative
943213901625294849,2017-12-19 20:18:12+00:00,2017-12-19,2017-12,Tuesday,20,iPhone,False,"Congratulations to Paul Ryan, Kevin McCarthy, Kevin Brady, Steve Scalise, Cathy McMorris Rodgers and all great House Republicans who voted in favor of cutting your taxes!",128184,24855,170,26,0.0029917974025011063,0.027286699041724205,0.9697214961051941,0.966729698702693,Positive
943362605258813441,2017-12-20 06:09:06+00:00,2017-12-20,2017-12,Wednesday,6,iPhone,False,"The United States Senate just passed the biggest in history Tax Cut and Reform Bill. Terrible Individual Mandate (ObamaCare)Repealed. Goes to the House tomorrow morning for final vote. If approved, there will be a News Conference at The White House at approximately 1:00 P.M.",140932,32061,275,44,0.8089007139205933,0.1675824671983719,0.023516781628131866,-0.7853839322924614,Negative
943489378462130176,2017-12-20 14:32:51+00:00,2017-12-20,2017-12,Wednesday,14,iPhone,True,"The Tax Cuts are so large and so meaningful, and yet the Fake News is working overtime to follow the lead of their friends, the defeated Dems, and only demean. This is truly a case where the results will speak for themselves, starting very soon. Jobs, Jobs, Jobs!",79150,18212,263,48,0.12481968849897385,0.26755157113075256,0.6076287031173706,0.48280901461839676,Positive
943521141062238208,2017-12-20 16:39:04+00:00,2017-12-20,2017-12,Wednesday,16,iPhone,False,I would like to congratulate @SenateMajLdr on having done a fantastic job both strategically &amp; politically on the passing in the Senate of the MASSIVE TAX CUT &amp; Reform Bill. I could have not asked for a better or more talented partner. Our team will go onto many more VICTORIES!,88701,18100,286,50,0.0030972659587860107,0.011910044588148594,0.9849927425384521,0.9818954765796661,Positive
943534069287194626,2017-12-20 17:30:26+00:00,2017-12-20,2017-12,Wednesday,17,iPhone,False,"Together, we are MAKING AMERICA GREAT AGAIN! https://t.co/47k9i4p3J2",68584,15625,68,8,0.002886885078623891,0.023062890395522118,0.9740502238273621,0.9711633387487382,Positive
943543958730309633,2017-12-20 18:09:44+00:00,2017-12-20,2017-12,Wednesday,18,iPhone,False,We are delivering HISTORIC TAX RELIEF for the American people! #TaxCutsandJobsAct https://t.co/lLgATrCh5o,83353,20933,105,12,0.003381857881322503,0.04762420803308487,0.9489939212799072,0.9456120633985847,Positive
943598090069536768,2017-12-20 21:44:50+00:00,2017-12-20,2017-12,Wednesday,21,Media Studio,False,WE ARE MAKING AMERICA GREAT AGAIN! https://t.co/HY353gXV0R,101663,24389,58,7,0.003277986077591777,0.021487897261977196,0.9752341508865356,0.9719561648089439,Positive
943819430735372289,2017-12-21 12:24:22+00:00,2017-12-21,2017-12,Thursday,12,iPhone,False,"The Massive Tax Cuts, which the Fake News Media is desperate to write badly about so as to please their Democrat bosses, will soon be kicking in and will speak for themselves. Companies are already making big payments to workers. Dems want to raise taxes, hate these big Cuts!",111793,25744,276,49,0.8313723206520081,0.14099836349487305,0.02762935683131218,-0.8037429638206959,Negative
943824695144697857,2017-12-21 12:45:17+00:00,2017-12-21,2017-12,Thursday,12,iPhone,False,Was @foxandfriends just named the most influential show in news? You deserve it - three great people! The many Fake News Hate Shows should study your formula for success!,92312,19332,170,29,0.014299502596259117,0.02678622119128704,0.9589142799377441,0.944614777341485,Positive
943842608631238656,2017-12-21 13:56:28+00:00,2017-12-21,2017-12,Thursday,13,iPhone,False,Home Sales hit BEST numbers in 10 years! MAKE AMERICA GREAT AGAIN,86353,18335,65,12,0.0028824047185480595,0.015685807913541794,0.9814318418502808,0.9785494371317327,Positive
943856675294982145,2017-12-21 14:52:22+00:00,2017-12-21,2017-12,Thursday,14,iPhone,False,"House Democrats want a SHUTDOWN for the holidays in order to distract from the very popular, just passed, Tax Cuts. House Republicans, don’t let this happen. Pass the C.R. TODAY and keep our Government OPEN!",89126,21002,207,35,0.6858571767807007,0.2686527967453003,0.04549000784754753,-0.6403671689331532,Negative
943908041803657216,2017-12-21 18:16:28+00:00,2017-12-21,2017-12,Thursday,18,iPhone,False,"THANK YOU to everyone who joined me at the @WhiteHouse yesterday. Together, we are MAKING AMERICA GREAT AGAIN! https://t.co/9HgcBKDSxo https://t.co/dTMU8OwmWB",68693,14158,158,20,0.002537513617426157,0.008051421493291855,0.9894110560417175,0.9868735424242914,Positive
944187730564714497,2017-12-22 12:47:51+00:00,2017-12-22,2017-12,Friday,12,iPhone,False,"Our big and very popular Tax Cut and Reform Bill has taken on an unexpected new source of “love” - that is big companies and corporations showering their workers with bonuses. This is a phenomenon that nobody even thought of, and now it is the rage. Merry Christmas!",95307,22315,266,48,0.004371946677565575,0.01678837090730667,0.9788396954536438,0.9744677487760782,Positive
944188445748015105,2017-12-22 12:50:42+00:00,2017-12-22,2017-12,Friday,12,iPhone,False,So true! https://t.co/1c8hu6O5t9,47789,10294,32,3,0.0063232011161744595,0.03710555285215378,0.9565712809562683,0.9502480798400939,Positive
944192071535153152,2017-12-22 13:05:06+00:00,2017-12-22,2017-12,Friday,13,iPhone,False,"At some point, and for the good of the country, I predict we will start working with the Democrats in a Bipartisan fashion. Infrastructure would be a perfect place to start. After having foolishly spent $7 trillion in the Middle East, it is time to start rebuilding our country!",122518,28082,278,49,0.020675955340266228,0.16432708501815796,0.8149969577789307,0.7943210024386644,Positive
944210183089254400,2017-12-22 14:17:04+00:00,2017-12-22,2017-12,Friday,14,iPhone,False,"“The President has accomplished some absolutely historic things during this past year.” Thank you Charlie Kirk of Turning Points USA. Sadly, the Fake Mainstream Media will NEVER talk about our accomplishments in their end of year reviews. We are compiling a long &amp; beautiful list.",86377,19035,284,45,0.014179269783198833,0.04079559072852135,0.9450250864028931,0.9308458166196942,Positive
944222157218942978,2017-12-22 15:04:39+00:00,2017-12-22,2017-12,Friday,15,iPhone,False,"With all my Administration has done on Legislative Approvals (broke Harry Truman’s Record), Regulation Cutting, Judicial Appointments, Building Military, VA, TAX CUTS &amp; REFORM, Record Economy/Stock Market and so much more, I am sure great credit will be given by mainstream news?",92099,20014,283,42,0.009634893387556076,0.07816333323717117,0.9122017025947571,0.902566809207201,Positive
944222979147337728,2017-12-22 15:07:55+00:00,2017-12-22,2017-12,Friday,15,iPhone,False,Will be signing the biggest ever Tax Cut and Reform Bill in 30 minutes in Oval Office. Will also be signing a much needed 4 billion dollar missile defense bill.,103275,19465,160,30,0.004010098520666361,0.10448885709047318,0.8915010690689087,0.8874909705482423,Positive
944247868126318593,2017-12-22 16:46:49+00:00,2017-12-22,2017-12,Friday,16,iPhone,False,"95% of Americans will pay less or, at worst, the same amount of taxes (mostly far less). The Dems only want to raise your taxes!",104350,21759,128,25,0.7839695811271667,0.1777637004852295,0.03826669976115227,-0.7457028813660145,Negative
944276471614509057,2017-12-22 18:40:29+00:00,2017-12-22,2017-12,Friday,18,iPhone,False,"Congressman Ron DeSantis is a brilliant young leader, Yale and then Harvard Law, who would make a GREAT Governor of Florida. He loves our Country and is a true FIGHTER!",73120,16490,168,30,0.0048552933149039745,0.019841710105538368,0.9753029346466064,0.9704476413317025,Positive
944308373373308929,2017-12-22 20:47:15+00:00,2017-12-22,2017-12,Friday,20,iPhone,False,"The United Nations Security Council just voted 15-0 in favor of additional Sanctions on North Korea. The World wants Peace, not Death!",91101,19186,134,22,0.202264666557312,0.6451022028923035,0.15263311564922333,-0.049631550908088684,Neutral
944308491887316992,2017-12-22 20:47:43+00:00,2017-12-22,2017-12,Friday,20,Media Studio,False,"Today, it was my great honor to sign the largest TAX CUTS and reform in the history of our country. Full remarks: https://t.co/kMxoxEB68G https://t.co/OeAoA0sLfx",69041,15999,161,24,0.0019833985716104507,0.014464429579675198,0.9835521578788757,0.9815687593072653,Positive
944329684032081921,2017-12-22 22:11:56+00:00,2017-12-22,2017-12,Friday,22,iPhone,False,"Remember, the most hated part of ObamaCare is the Individual Mandate, which is being terminated under our just signed Tax Cut Bill.",121700,25757,131,22,0.8864338397979736,0.09924842417240143,0.014317651279270649,-0.872116188518703,Negative
944665687292817415,2017-12-23 20:27:05+00:00,2017-12-23,2017-12,Saturday,20,iPhone,False,"How can FBI Deputy Director Andrew McCabe, the man in charge, along with leakin’ James Comey, of the Phony Hillary Clinton investigation (including her 33,000 illegally deleted emails) be given $700,000 for wife’s campaign by Clinton Puppets during investigation?",121349,36174,263,39,0.6037593483924866,0.3776088356971741,0.01863173581659794,-0.5851276125758886,Negative
944666448185692166,2017-12-23 20:30:06+00:00,2017-12-23,2017-12,Saturday,20,iPhone,False,FBI Deputy Director Andrew McCabe is racing the clock to retire with full benefits. 90 days to go?!!!,73106,20991,101,18,0.11163309961557388,0.7436332702636719,0.14473359286785126,0.033100493252277374,Neutral
944667102312566784,2017-12-23 20:32:42+00:00,2017-12-23,2017-12,Saturday,20,iPhone,False,"Wow, “FBI lawyer James Baker reassigned,” according to @FoxNews.",66130,16794,64,9,0.004216930363327265,0.1816326528787613,0.8141504526138306,0.8099335222505033,Positive
944700332881440769,2017-12-23 22:44:45+00:00,2017-12-23,2017-12,Saturday,22,iPhone,False,"The Stock Market is setting record after record and unemployment is at a 17 year low. So many things accomplished by the Trump Administration, perhaps more than any other President in first year. Sadly, will never be reported correctly by the Fake News Media!",101227,22728,259,44,0.057310570031404495,0.12472084164619446,0.8179685473442078,0.7606579773128033,Positive
944703626454487042,2017-12-23 22:57:50+00:00,2017-12-23,2017-12,Saturday,22,iPhone,False,"Remember, the Republicans are 5-0 in Congressional races this year. In Senate, I said Roy M would lose in Alabama and supported Big Luther Strange - and Roy lost. Virginia candidate was not a “Trumper,” and he lost. Good Republican candidates will win BIG!",85344,16929,256,44,0.275844544172287,0.46221405267715454,0.2619413733482361,-0.013903170824050903,Neutral
944906847970119680,2017-12-24 12:25:22+00:00,2017-12-24,2017-12,Sunday,12,iPhone,False,".@FoxNews-FBI’s Andrew McCabe, “in addition to his wife getting all of this money from M (Clinton Puppet), he was using, allegedly, his FBI Official Email Account to promote her campaign. You obviously cannot do this. These were the people who were investigating Hillary Clinton.”",99673,29753,280,44,0.6483119130134583,0.3386862874031067,0.013001776300370693,-0.6353101367130876,Negative
944927689638662145,2017-12-24 13:48:11+00:00,2017-12-24,2017-12,Sunday,13,iPhone,False,"The Fake News refuses to talk about how Big and how Strong our BASE is. They show Fake Polls just like they report Fake News. Despite only negative reporting, we are doing well - nobody is going to beat us. MAKE AMERICA GREAT AGAIN!",140291,33218,232,44,0.27940797805786133,0.3219420313835144,0.3986499607563019,0.11924198269844055,Positive
945030174290186241,2017-12-24 20:35:26+00:00,2017-12-24,2017-12,Sunday,20,iPhone,False,"The Tax Cut/Reform Bill, including Massive Alaska Drilling and the Repeal of the highly unpopular Individual Mandate, brought it all together as to what an incredible year we had. Don’t let the Fake News convince you otherwise...and our insider Polls are strong!",111408,23220,262,42,0.006211666390299797,0.03331730142235756,0.9604710340499878,0.954259367659688,Positive
945126026824298497,2017-12-25 02:56:19+00:00,2017-12-25,2017-12,Monday,2,iPhone,False,People are proud to be saying Merry Christmas again. I am proud to have led the charge against the assault of our cherished and beautiful phrase. MERRY CHRISTMAS!!!!!,232310,55102,166,28,0.007905473932623863,0.027183402329683304,0.9649111032485962,0.9570056293159723,Positive
945140007572004870,2017-12-25 03:51:52+00:00,2017-12-25,2017-12,Monday,3,iPhone,False,MERRY CHRISTMAS!! https://t.co/xa2qxcisVV,151022,34038,41,3,0.0045870146714150906,0.02183366008102894,0.9735793471336365,0.9689923324622214,Positive
945287222210781184,2017-12-25 13:36:51+00:00,2017-12-25,2017-12,Monday,13,iPhone,False,MERRY CHRISTMAS!!! https://t.co/mYtV5GNdLl,203776,49879,42,3,0.004530625883489847,0.02111086994409561,0.9743584990501404,0.9698278731666505,Positive
945437479863291904,2017-12-25 23:33:55+00:00,2017-12-25,2017-12,Monday,23,iPhone,False,"I hope everyone is having a great Christmas, then tomorrow it’s back to work in order to Make America Great Again (which is happening faster than anyone anticipated)!",199917,34924,166,28,0.0026305895298719406,0.010648306459188461,0.9867210388183594,0.9840904492884874,Positive
945624910898122752,2017-12-26 11:58:42+00:00,2017-12-26,2017-12,Tuesday,11,iPhone,False,"Based on the fact that the very unfair and unpopular Individual Mandate has been terminated as part of our Tax Cut Bill, which essentially Repeals (over time) ObamaCare, the Democrats &amp; Republicans will eventually come together and develop a great new HealthCare plan!",110196,20654,272,43,0.4103313088417053,0.4622195363044739,0.1274491846561432,-0.28288212418556213,Neutral
945646491955290113,2017-12-26 13:24:27+00:00,2017-12-26,2017-12,Tuesday,13,iPhone,False,"WOW, @foxandfrlends “Dossier is bogus. Clinton Campaign, DNC funded Dossier. FBI CANNOT (after all of this time) VERIFY CLAIMS IN DOSSIER OF RUSSIA/TRUMP COLLUSION. FBI TAINTED.” And they used this Crooked Hillary pile of garbage as the basis for going after the Trump Campaign!",119463,35624,278,44,0.8907477259635925,0.09950927644968033,0.009742885828018188,-0.8810048401355743,Negative
945780569388015616,2017-12-26 22:17:14+00:00,2017-12-26,2017-12,Tuesday,22,iPhone,False,"All signs are that business is looking really good for next year, only to be helped further by our Tax Cut Bill. Will be a great year for Companies and JOBS! Stock Market is poised for another year of SUCCESS!",130746,25340,209,40,0.0029586930759251118,0.011741811409592628,0.9852994680404663,0.9823407749645412,Positive
946151080546750465,2017-12-27 22:49:30+00:00,2017-12-27,2017-12,Wednesday,22,iPhone,False,"“On 1/20 - the day Trump was inaugurated - an estimated 35,000 ISIS fighters held approx 17,500 square miles of territory in both Iraq and Syria. As of 12/21, the U.S. military estimates the remaining 1,000 or so fighters occupy roughly 1,900 square miles...” via @jamiejmcintyre https://t.co/0lXKMUoPE9",38520,12128,303,47,0.08446749299764633,0.895024299621582,0.020508186891674995,-0.06395930610597134,Neutral
946156544927977477,2017-12-27 23:11:13+00:00,2017-12-27,2017-12,Wednesday,23,iPhone,False,"Just left West Palm Beach Fire &amp; Rescue #2. Met with great men and women as representatives of those who do so much for all of us. Firefighters, paramedics, first responders - what amazing people they are!",108598,18460,209,37,0.003621201729401946,0.017288237810134888,0.9790905714035034,0.9754693696741015,Positive
946201376652169220,2017-12-28 02:09:22+00:00,2017-12-28,2017-12,Thursday,2,iPhone,False,"“On 1/20 - the day Trump was inaugurated - an estimated 35,000 ISIS fighters held approx 17,500 square miles of territory in both Iraq and Syria. As of 12/21, the U.S. military est the remaining 1,000 or so fighters occupy roughly 1,900 square miles..” @jamiejmcintyre @dcexaminer https://t.co/OgYEuDgzD2",68489,19699,304,47,0.1219429075717926,0.8591206669807434,0.018936503678560257,-0.10300640389323235,Neutral
946210723528572930,2017-12-28 02:46:30+00:00,2017-12-28,2017-12,Thursday,2,iPhone,False,"“Arrests of MS-13 Members, Associates Up 83% Under Trump” https://t.co/70iPHy2Yqn",84867,21176,81,10,0.5672643780708313,0.41927570104599,0.01345993485301733,-0.553804443217814,Negative
946401576381505536,2017-12-28 15:24:53+00:00,2017-12-28,2017-12,Thursday,15,iPhone,False,"Vanity Fair, which looks like it is on its last legs, is bending over backwards in apologizing for the minor hit they took at Crooked H. Anna Wintour, who was all set to be Amb to Court of St James’s &amp; a big fundraiser for CH, is beside herself in grief &amp; begging for forgiveness!",65816,14580,288,55,0.912696361541748,0.08039337396621704,0.006910186260938644,-0.9057861752808094,Negative
946415026402988033,2017-12-28 16:18:20+00:00,2017-12-28,2017-12,Thursday,16,iPhone,False,Retail sales are at record numbers. We’ve got the economy going better than anyone ever dreamt - and you haven’t seen anything yet!,108351,21490,131,23,0.004613056778907776,0.016633007675409317,0.978753924369812,0.9741408675909042,Positive
946416486054285314,2017-12-28 16:24:08+00:00,2017-12-28,2017-12,Thursday,16,iPhone,False,Caught RED HANDED - very disappointed that China is allowing oil to go into North Korea. There will never be a friendly solution to the North Korea problem if this continues to happen!,124971,31955,184,33,0.9428420662879944,0.05251375585794449,0.004644204396754503,-0.9381978618912399,Negative
946460939578167296,2017-12-28 19:20:47+00:00,2017-12-28,2017-12,Thursday,19,iPad,False,"I've been saying it for a long, long time. #NoKo https://t.co/LQl7tGhMdO",73639,26393,72,11,0.14229409396648407,0.7382861971855164,0.11941967904567719,-0.022874414920806885,Neutral
946519720450252800,2017-12-28 23:14:21+00:00,2017-12-28,2017-12,Thursday,23,iPhone,False,"Together, we are MAKING AMERICA GREAT AGAIN! https://t.co/OeyTdFyl1Q https://t.co/wdLQkfdy4m",67073,15511,92,9,0.0022671897895634174,0.01976463384926319,0.977968156337738,0.9757009665481746,Positive
946531657229701120,2017-12-29 00:01:47+00:00,2017-12-29,2017-12,Friday,0,iPhone,False,"In the East, it could be the COLDEST New Year’s Eve on record. Perhaps we could use a little bit of that good old Global Warming that our Country, but not other countries, was going to pay TRILLIONS OF DOLLARS to protect against. Bundle up!",204111,65919,240,45,0.49988821148872375,0.384531706571579,0.11558008939027786,-0.3843081220984459,Negative
946724075157651457,2017-12-29 12:46:23+00:00,2017-12-29,2017-12,Friday,12,iPhone,False,"While the Fake News loves to talk about my so-called low approval rating, @foxandfriends just showed that my rating on Dec. 28, 2017, was approximately the same as President Obama on Dec. 28, 2009, which was 47%...and this despite massive negative Trump coverage &amp; Russia hoax!",98141,23173,281,46,0.6178765892982483,0.30810245871543884,0.07402091473340988,-0.5438556745648384,Negative
946728546633953285,2017-12-29 13:04:09+00:00,2017-12-29,2017-12,Friday,13,iPhone,False,"Why is the United States Post Office, which is losing many billions of dollars a year, while charging Amazon and others so little to deliver their packages, making Amazon richer and the Post Office dumber and poorer? Should be charging MUCH MORE!",118721,27643,246,42,0.8783000111579895,0.10742788761854172,0.014272226952016354,-0.8640277842059731,Negative
946731576687235072,2017-12-29 13:16:11+00:00,2017-12-29,2017-12,Friday,13,iPhone,False,"The Democrats have been told, and fully understand, that there can be no DACA without the desperately needed WALL at the Southern Border and an END to the horrible Chain Migration &amp; ridiculous Lottery System of Immigration etc. We must protect our Country at all cost!",142062,35196,272,46,0.48683109879493713,0.4361536502838135,0.07701527327299118,-0.40981582552194595,Negative
946949708915924994,2017-12-30 03:42:58+00:00,2017-12-30,2017-12,Saturday,3,iPhone,False,"Many reports of peaceful protests by Iranian citizens fed up with regime’s corruption &amp; its squandering of the nation’s wealth to fund terrorism abroad. Iranian govt should respect their people’s rights, including right to express themselves. The world is watching! #IranProtests",138839,60806,283,41,0.5050577521324158,0.4382892847061157,0.05665300786495209,-0.4484047442674637,Negative
947180713236934657,2017-12-30 19:00:54+00:00,2017-12-30,2017-12,Saturday,19,iPhone,False,"The entire world understands that the good people of Iran want change, and, other than the vast military power of the United States, that Iran’s people are what their leaders fear the most.... https://t.co/W8rKN9B6RT",77920,23514,216,34,0.4775244891643524,0.4371161162853241,0.08535938709974289,-0.3921651020646095,Negative
947181212468203520,2017-12-30 19:02:53+00:00,2017-12-30,2017-12,Saturday,19,iPhone,False,"Oppressive regimes cannot endure forever, and the day will come when the Iranian people will face a choice. The world is watching! https://t.co/kvv1uAqcZ9",78847,23249,154,23,0.22133009135723114,0.6297999024391174,0.14887000620365143,-0.07246008515357971,Neutral
947213895286054914,2017-12-30 21:12:45+00:00,2017-12-30,2017-12,Saturday,21,iPhone,False,"On Taxes: “This is the biggest corporate rate cut ever, going back to the corporate income tax rate of roughly 80 years ago.This is a huge pro-growth stimulus for the economy. Every year the Obama WH overstated how the economy would grow. Now real economics and jobs.” @WSJ Report",73242,16685,280,49,0.010563354007899761,0.09088819473981857,0.8985484838485718,0.887985129840672,Positive
947235015343202304,2017-12-30 22:36:41+00:00,2017-12-30,2017-12,Saturday,22,iPhone,False,"I use Social Media not because I like to, but because it is the only way to fight a VERY dishonest and unfair “press,” now often referred to as Fake News Media. Phony and non-existent “sources” are being used more often than ever. Many stories &amp; reports a pure fiction!",195399,50234,273,50,0.7701359391212463,0.19913746416568756,0.030726583674550056,-0.7394093554466963,Negative
947236393184628741,2017-12-30 22:42:09+00:00,2017-12-30,2017-12,Saturday,22,iPhone,False,"Jobs are kicking in and companies are coming back to the U.S. Unnecessary regulations and high taxes are being dramatically Cut, and it will only get better. MUCH MORE TO COME!",116893,24306,176,31,0.012821638956665993,0.05755243077874184,0.929625928401947,0.916804289445281,Positive
947328044821336070,2017-12-31 04:46:21+00:00,2017-12-31,2017-12,Sunday,4,iPhone,False,“Trump Rally: Stocks put 2017 in the record books” https://t.co/0foQGaFjMh,58422,13066,74,10,0.014526303857564926,0.81516432762146,0.17030933499336243,0.1557830311357975,Neutral
947453152806297600,2017-12-31 13:03:29+00:00,2017-12-31,2017-12,Sunday,13,iPhone,False,Big protests in Iran. The people are finally getting wise as to how their money and wealth is being stolen and squandered on terrorism. Looks like they will not take it any longer. The USA is watching very closely for human rights violations!,108129,30360,242,43,0.6877254247665405,0.26381972432136536,0.048454899340867996,-0.6392705254256725,Negative
947458942719979520,2017-12-31 13:26:29+00:00,2017-12-31,2017-12,Sunday,13,iPhone,False,"If the Dems (Crooked Hillary) got elected, your stocks would be down 50% from values on Election Day. Now they have a great future - and just beginning! https://t.co/9TzSC8F8vY",63245,14449,176,29,0.3301582932472229,0.3284243643283844,0.3414173126220703,0.011259019374847412,Positive
947461470924820480,2017-12-31 13:36:32+00:00,2017-12-31,2017-12,Sunday,13,iPhone,False,"Why would smart voters want to put Democrats in Congress in 2018 Election when their policies will totally kill the great wealth created during the months since the Election. People are much better off now not to mention ISIS, VA, Judges, Strong Border, 2nd A, Tax Cuts &amp; more?",106000,25981,281,49,0.7811163663864136,0.18590319156646729,0.032980434596538544,-0.748135931789875,Negative
947536951464333318,2017-12-31 18:36:28+00:00,2017-12-31,2017-12,Sunday,18,iPhone,False,"My deepest condolences to the victims of the terrible shooting in Douglas County @DCSheriff, and their families. We love our police and law enforcement - God Bless them all! #LESM",75704,16989,179,30,0.1952313482761383,0.2145933210849762,0.5901753306388855,0.3949439823627472,Positive
947544600918372353,2017-12-31 19:06:52+00:00,2017-12-31,2017-12,Sunday,19,Media Studio,False,"What a year it’s been, and we're just getting started. Together, we are MAKING AMERICA GREAT AGAIN! Happy New Year!! https://t.co/qsMNyN1UJG",100219,26433,140,21,0.0026084601413458586,0.007410532329231501,0.9899809956550598,0.987372535513714,Positive
947588263103139841,2017-12-31 22:00:21+00:00,2017-12-31,2017-12,Sunday,22,iPhone,False,"Iran, the Number One State of Sponsored Terror with numerous violations of Human Rights occurring on an hourly basis, has now closed down the Internet so that peaceful demonstrators cannot communicate. Not good!",87056,27984,211,33,0.9330177903175354,0.06251416355371475,0.0044680689461529255,-0.9285497213713825,Negative
947592785519173637,2017-12-31 22:18:20+00:00,2017-12-31,2017-12,Sunday,22,iPhone,False,"As our Country rapidly grows stronger and smarter, I want to wish all of my friends, supporters, enemies, haters, and even the very dishonest Fake News Media, a Happy and Healthy New Year. 2018 will be a great year for America!",157655,39428,227,41,0.011044660583138466,0.035442054271698,0.9535132050514221,0.9424685444682837,Positive
947614110082043904,2017-12-31 23:43:04+00:00,2017-12-31,2017-12,Sunday,23,iPhone,False,"HAPPY NEW YEAR! We are MAKING AMERICA GREAT AGAIN, and much faster than anyone thought possible!",154769,35164,96,16,0.0031625835690647364,0.008065611124038696,0.9887717366218567,0.985609153052792,Positive
